,ts_code,ann_date,f_ann_date,end_date,report_type,comp_type,end_type,basic_eps,diluted_eps,total_revenue,revenue,int_income,prem_earned,comm_income,n_commis_income,n_oth_income,n_oth_b_income,prem_income,out_prem,une_prem_reser,reins_income,n_sec_tb_income,n_sec_uw_income,n_asset_mg_income,oth_b_income,fv_value_chg_gain,invest_income,ass_invest_income,forex_gain,total_cogs,oper_cost,int_exp,comm_exp,biz_tax_surchg,sell_exp,admin_exp,fin_exp,assets_impair_loss,prem_refund,compens_payout,reser_insur_liab,div_payt,reins_exp,oper_exp,compens_payout_refu,insur_reser_refu,reins_cost_refund,other_bus_cost,operate_profit,non_oper_income,non_oper_exp,nca_disploss,total_profit,income_tax,n_income,n_income_attr_p,minority_gain,oth_compr_income,t_compr_income,compr_inc_attr_p,compr_inc_attr_m_s,ebit,ebitda,insurance_exp,undist_profit,distable_profit,rd_exp,fin_exp_int_exp,fin_exp_int_inc,transfer_surplus_rese,transfer_housing_imprest,transfer_oth,adj_lossgain,withdra_legal_surplus,withdra_legal_pubfund,withdra_biz_devfund,withdra_rese_fund,withdra_oth_ersu,workers_welfare,distr_profit_shrhder,prfshare_payable_dvd,comshare_payable_dvd,capit_comstock_div,continued_net_profit,update_flag
0,000001.SZ,20221025,20221025,20220930,1,2,3,1.78,1.78,138265000000.0,138265000000.0,170491000000.0,,28052000000.0,22396000000.0,18520000000.0,106000000.0,,,,,,,,106000000.0,3215000000.0,10818000000.0,,4121000000.0,91970000000.0,,73142000000.0,5656000000.0,1291000000.0,,36519000000.0,,,,,,,,91970000000.0,,,,,46295000000.0,50000000.0,233000000.0,,46112000000.0,9453000000.0,36659000000.0,36659000000.0,,-269000000.0,36390000000.0,36390000000.0,,,,,,,,,,,,,,,,,,,,,,,,36659000000.0,1
1,000001.SZ,20220818,20220818,20220630,1,2,2,1.03,1.03,92022000000.0,92022000000.0,112789000000.0,,19602000000.0,16062000000.0,11901000000.0,69000000.0,,,,,,,,69000000.0,1648000000.0,7769000000.0,,2182000000.0,64061000000.0,,48730000000.0,3540000000.0,867000000.0,,24349000000.0,,,,,,,,64061000000.0,,,,,27961000000.0,29000000.0,207000000.0,,27783000000.0,5695000000.0,22088000000.0,22088000000.0,,1016000000.0,23104000000.0,23104000000.0,,27912000000.0,29546000000.0,,,,,,,,,,,,,,,,,,,,,22088000000.0,1
2,000001.SZ,20220427,20220427,20220331,1,2,1,0.56,0.56,46207000000.0,46207000000.0,56331000000.0,,10736000000.0,8887000000.0,5378000000.0,23000000.0,,,,,,,,23000000.0,690000000.0,3878000000.0,,661000000.0,29867000000.0,,24389000000.0,1849000000.0,438000000.0,,12106000000.0,,,,,,,,29867000000.0,,,,,16340000000.0,14000000.0,170000000.0,,16184000000.0,3334000000.0,12850000000.0,12850000000.0,,-94000000.0,12756000000.0,12756000000.0,,,,,,,,,,,,,,,,,,,,,,,,12850000000.0,1
3,000001.SZ,20220310,20220310,20211231,1,2,4,1.73,1.73,169383000000.0,169383000000.0,213536000000.0,,40190000000.0,33062000000.0,15985000000.0,105000000.0,,,,,,,,105000000.0,2080000000.0,12243000000.0,,1320000000.0,123398000000.0,,93200000000.0,7128000000.0,1644000000.0,,47937000000.0,,,,,,,,123398000000.0,,,,,45985000000.0,158000000.0,264000000.0,,45879000000.0,9543000000.0,36336000000.0,36336000000.0,,1323000000.0,37659000000.0,37659000000.0,,,,,,,,,,,,,,,,,,,,,,,,36336000000.0,0
4,000001.SZ,20220310,20220310,20211231,1,2,4,1.73,1.73,169383000000.0,169383000000.0,213536000000.0,,40190000000.0,33062000000.0,15985000000.0,105000000.0,,,,,,,,105000000.0,2080000000.0,12243000000.0,,1320000000.0,123398000000.0,,93200000000.0,7128000000.0,1644000000.0,,47937000000.0,,,,,,,,123398000000.0,,,,,45985000000.0,158000000.0,264000000.0,,45879000000.0,9543000000.0,36336000000.0,36336000000.0,,1323000000.0,37659000000.0,37659000000.0,,47183000000.0,50642000000.0,,,,,,,,,,,,,,,,,,,,,36336000000.0,1
5,000001.SZ,20211021,20211021,20210930,1,2,3,1.4,1.4,127190000000.0,127190000000.0,158687000000.0,,30789000000.0,25439000000.0,12190000000.0,108000000.0,,,,,,,,108000000.0,1502000000.0,9367000000.0,,993000000.0,90361000000.0,,69126000000.0,5350000000.0,1229000000.0,,35370000000.0,,,,,,,,90361000000.0,,,,,36829000000.0,84000000.0,126000000.0,,36787000000.0,7652000000.0,29135000000.0,29135000000.0,,1114000000.0,30249000000.0,30249000000.0,,,,,,,,,,,,,,,,,,,,,,,,29135000000.0,0
6,000001.SZ,20210820,20210820,20210630,1,2,2,0.8,0.8,84680000000.0,84680000000.0,104832000000.0,,20688000000.0,17398000000.0,7921000000.0,76000000.0,,,,,,,,76000000.0,1215000000.0,5963000000.0,,505000000.0,62265000000.0,,45471000000.0,3290000000.0,820000000.0,,23160000000.0,,,,,,,,62265000000.0,,,,,22415000000.0,26000000.0,100000000.0,,22341000000.0,4758000000.0,17583000000.0,17583000000.0,,1001000000.0,18584000000.0,18584000000.0,,23688000000.0,25394000000.0,,,,,,,,,,,,,,,,,,,,,17583000000.0,1
7,000001.SZ,20210421,20210421,20210331,1,2,1,0.42,0.42,41788000000.0,41788000000.0,52074000000.0,,10733000000.0,8481000000.0,3541000000.0,24000000.0,,,,,,,,24000000.0,176000000.0,2757000000.0,,503000000.0,28859000000.0,,22308000000.0,2252000000.0,412000000.0,,11750000000.0,,,,,,,,28859000000.0,,,,,12929000000.0,19000000.0,74000000.0,,12874000000.0,2742000000.0,10132000000.0,10132000000.0,,383000000.0,10515000000.0,10515000000.0,,,,,,,,,,,,,,,,,,,,,,,,10132000000.0,1
8,000001.SZ,20210202,20210202,20201231,1,2,4,1.4,1.4,153542000000.0,153542000000.0,187187000000.0,,53296000000.0,43481000000.0,10411000000.0,111000000.0,,,,,,,,111000000.0,-614000000.0,9921000000.0,,762000000.0,116633000000.0,,87537000000.0,9815000000.0,1525000000.0,,44690000000.0,,,,,,,,116633000000.0,,,,,36909000000.0,77000000.0,232000000.0,,36754000000.0,7826000000.0,28928000000.0,28928000000.0,,-1852000000.0,27076000000.0,27076000000.0,,37716000000.0,40936000000.0,,,,,,,,,,,,,,,,,,,,,28928000000.0,0
9,000001.SZ,20210202,20210202,20201231,1,2,4,1.4,1.4,153542000000.0,153542000000.0,187187000000.0,,53296000000.0,43481000000.0,10411000000.0,111000000.0,,,,,,,,111000000.0,-614000000.0,9921000000.0,,762000000.0,116633000000.0,,87537000000.0,9815000000.0,1525000000.0,,44690000000.0,,,,,,,,116633000000.0,,,,,36909000000.0,77000000.0,232000000.0,,36754000000.0,7826000000.0,28928000000.0,28928000000.0,,-1852000000.0,27076000000.0,27076000000.0,,37716000000.0,40936000000.0,,,,,,,,,,,,,,,,,,,,,28928000000.0,1
10,000001.SZ,20201022,20201022,20200930,1,2,3,1.11,1.11,116564000000.0,116564000000.0,140781000000.0,,39843000000.0,32239000000.0,9171000000.0,62000000.0,,,,,,,,62000000.0,-49000000.0,8303000000.0,,683000000.0,87641000000.0,,65627000000.0,7604000000.0,1156000000.0,,32095000000.0,,,,,,,,87641000000.0,,,,,28923000000.0,53000000.0,150000000.0,,28826000000.0,6428000000.0,22398000000.0,22398000000.0,,-1502000000.0,20896000000.0,20896000000.0,,,,,,,,,,,,,,,,,,,,,,,,22398000000.0,1
11,000001.SZ,20201022,20201022,20200930,1,2,3,1.11,1.11,116564000000.0,116564000000.0,140781000000.0,,39843000000.0,32239000000.0,9171000000.0,62000000.0,,,,,,,,62000000.0,-49000000.0,8303000000.0,,683000000.0,87641000000.0,,65627000000.0,7604000000.0,1156000000.0,,32095000000.0,,,,,,,,87641000000.0,,,,,28923000000.0,53000000.0,150000000.0,,28826000000.0,6428000000.0,22398000000.0,22398000000.0,,-1502000000.0,20896000000.0,20896000000.0,,,,,,,,,,,,,,,,,,,,,,,,22398000000.0,0
12,000001.SZ,20200828,20200828,20200630,1,2,2,0.66,0.66,78328000000.0,78328000000.0,94986000000.0,,24355000000.0,19722000000.0,8301000000.0,44000000.0,,,,,,,,44000000.0,-493000000.0,8025000000.0,,548000000.0,60669000000.0,,44681000000.0,4633000000.0,798000000.0,,21380000000.0,,,,,,,,60669000000.0,,,,,17659000000.0,28000000.0,100000000.0,,17587000000.0,3909000000.0,13678000000.0,13678000000.0,,-156000000.0,13522000000.0,13522000000.0,,18296000000.0,19767000000.0,,,,,,,,,,,,,,,,,,,,,13678000000.0,0
13,000001.SZ,20200828,20200828,20200630,1,2,2,0.66,0.66,78328000000.0,78328000000.0,94986000000.0,,24355000000.0,19722000000.0,8301000000.0,44000000.0,,,,,,,,44000000.0,-493000000.0,8025000000.0,,548000000.0,60669000000.0,,44681000000.0,4633000000.0,798000000.0,,21380000000.0,,,,,,,,60669000000.0,,,,,17659000000.0,28000000.0,100000000.0,,17587000000.0,3909000000.0,13678000000.0,13678000000.0,,-156000000.0,13522000000.0,13522000000.0,,18296000000.0,19767000000.0,,,,,,,,,,,,,,,,,,,,,13678000000.0,1
14,000001.SZ,20200421,20200421,20200331,1,2,1,0.4,0.4,37926000000.0,37926000000.0,47877000000.0,,11581000000.0,9688000000.0,3468000000.0,25000000.0,,,,,,,,25000000.0,-949000000.0,3802000000.0,,510000000.0,26928000000.0,,23107000000.0,1893000000.0,402000000.0,,10598000000.0,,,,,,,,26928000000.0,,,,,10998000000.0,18000000.0,58000000.0,,10958000000.0,2410000000.0,8548000000.0,8548000000.0,,1702000000.0,10250000000.0,10250000000.0,,,,,,,,,,,,,,,,,,,,,,,,8548000000.0,0
15,000001.SZ,20200214,20200214,20191231,1,2,4,1.54,1.45,137958000000.0,137958000000.0,177549000000.0,,45903000000.0,36743000000.0,11254000000.0,110000000.0,,,,,,,,110000000.0,49000000.0,9710000000.0,,1196000000.0,101669000000.0,,87588000000.0,9160000000.0,1290000000.0,,40852000000.0,,,,,,,,101669000000.0,,,,,36289000000.0,99000000.0,148000000.0,,36240000000.0,8045000000.0,28195000000.0,28195000000.0,,1528000000.0,29723000000.0,29723000000.0,,37345000000.0,40686000000.0,,,,,,,,,,,,,,,,,,,,,28195000000.0,0
16,000001.SZ,20200214,20200214,20191231,1,2,4,1.54,1.45,137958000000.0,137958000000.0,177549000000.0,,45903000000.0,36743000000.0,11254000000.0,110000000.0,,,,,,,,110000000.0,49000000.0,9710000000.0,,1196000000.0,101669000000.0,,87588000000.0,9160000000.0,1290000000.0,,40852000000.0,,,,,,,,101669000000.0,,,,,36289000000.0,99000000.0,148000000.0,,36240000000.0,8045000000.0,28195000000.0,28195000000.0,,1528000000.0,29723000000.0,29723000000.0,,37345000000.0,40686000000.0,,,,,,,,,,,,,,,,,,,,,28195000000.0,1
17,000001.SZ,20191022,20191022,20190930,1,2,3,1.32,1.32,102958000000.0,102958000000.0,131813000000.0,,34534000000.0,27831000000.0,8858000000.0,66000000.0,,,,,,,,66000000.0,-183000000.0,7717000000.0,,1098000000.0,72245000000.0,,65544000000.0,6703000000.0,952000000.0,,30297000000.0,,417000000.0,,,,,,72245000000.0,,,,,30713000000.0,62000000.0,99000000.0,,30676000000.0,7055000000.0,23621000000.0,23621000000.0,,1189000000.0,24810000000.0,24810000000.0,,,,,,,,,,,,,,,,,,,,,,,,23621000000.0,0
18,000001.SZ,20190808,20190808,20190630,1,2,2,0.85,0.78,67829000000.0,67829000000.0,87111000000.0,,22555000000.0,18391000000.0,5799000000.0,39000000.0,,,,,,,,39000000.0,144000000.0,4938000000.0,,530000000.0,47792000000.0,,43472000000.0,4164000000.0,607000000.0,,19981000000.0,,,,,,,,47792000000.0,,,,,20037000000.0,39000000.0,73000000.0,,20003000000.0,4600000000.0,15403000000.0,15403000000.0,,797000000.0,16200000000.0,16200000000.0,,20431000000.0,21926000000.0,,,,,,,,,,,,,,,,,,,,,15403000000.0,1
19,000001.SZ,20190808,20190808,20190630,1,2,2,0.85,0.78,67829000000.0,67829000000.0,87111000000.0,,22555000000.0,18391000000.0,5799000000.0,39000000.0,,,,,,,,39000000.0,144000000.0,4938000000.0,,530000000.0,47792000000.0,,43472000000.0,4164000000.0,607000000.0,,19981000000.0,,,,,,,,47792000000.0,,,,,20037000000.0,39000000.0,73000000.0,,20003000000.0,4600000000.0,15403000000.0,15403000000.0,,797000000.0,16200000000.0,16200000000.0,,20431000000.0,21926000000.0,,,,,,,,,,,,,,,,,,,,,15403000000.0,0
20,000001.SZ,20190424,20190424,20190331,1,2,1,0.38,0.36,32476000000.0,32476000000.0,42661000000.0,,11579000000.0,9560000000.0,2142000000.0,17000000.0,,,,,,,,17000000.0,-642000000.0,2571000000.0,,169000000.0,22809000000.0,,21887000000.0,2019000000.0,304000000.0,,9620000000.0,,,,,,,,22809000000.0,,,,,9667000000.0,29000000.0,25000000.0,,9671000000.0,2225000000.0,7446000000.0,7446000000.0,,599000000.0,8045000000.0,8045000000.0,,,,,,,,,,,,,,,,,,,,,,,,7446000000.0,0
21,000001.SZ,20190307,20190307,20181231,1,2,4,1.39,1.39,116716000000.0,116716000000.0,162888000000.0,,39362000000.0,31297000000.0,10674000000.0,170000000.0,,,,,,,,170000000.0,892000000.0,9186000000.0,,209000000.0,84411000000.0,,88143000000.0,8065000000.0,1149000000.0,,35391000000.0,,,,,,,,84411000000.0,,,,,32305000000.0,28000000.0,102000000.0,,32231000000.0,7413000000.0,24818000000.0,24818000000.0,,912000000.0,25730000000.0,25730000000.0,,32362000000.0,34827000000.0,,,,,,,,,,,,,,,,,,,,,24818000000.0,1
22,000001.SZ,20190307,20190307,20181231,1,2,4,1.39,1.39,116716000000.0,116716000000.0,162888000000.0,,39362000000.0,31297000000.0,10674000000.0,170000000.0,,,,,,,,170000000.0,892000000.0,9186000000.0,,209000000.0,84411000000.0,,88143000000.0,8065000000.0,1149000000.0,,35391000000.0,,,,,,,,84411000000.0,,,,,32305000000.0,28000000.0,102000000.0,,32231000000.0,7413000000.0,24818000000.0,24818000000.0,,912000000.0,25730000000.0,25730000000.0,,80176000000.0,82641000000.0,,,,,,,,,,,,,,,,,,,,,24818000000.0,0
23,000001.SZ,20181024,20181024,20180930,1,2,3,1.14,1.14,86664000000.0,86664000000.0,121661000000.0,,28923000000.0,23705000000.0,8430000000.0,144000000.0,,,,,,,,144000000.0,1047000000.0,7099000000.0,,-40000000.0,60050000000.0,,67132000000.0,5218000000.0,847000000.0,,25581000000.0,,55000000.0,,,,,,60050000000.0,,,,,26614000000.0,14000000.0,62000000.0,,26566000000.0,6110000000.0,20456000000.0,20456000000.0,,463000000.0,20919000000.0,20919000000.0,,,,,,,,,,,,,,,,,,,,,,,,20456000000.0,0
24,000001.SZ,20180816,20180816,20180630,1,2,2,0.73,0.73,57241000000.0,57241000000.0,82008000000.0,,21061000000.0,17939000000.0,1866000000.0,109000000.0,,,,,,,,109000000.0,545000000.0,1187000000.0,,-60000000.0,39839000000.0,,44572000000.0,3122000000.0,561000000.0,,16980000000.0,,62000000.0,,,,,,39839000000.0,,,,,17402000000.0,6000000.0,41000000.0,,17367000000.0,3995000000.0,13372000000.0,13372000000.0,,457000000.0,13829000000.0,13829000000.0,,39700000000.0,40808000000.0,,,,,,,,,,,,,,,,,,,,,13372000000.0,0
25,000001.SZ,20180816,20180816,20180630,1,2,2,0.73,0.73,57241000000.0,57241000000.0,82008000000.0,,21061000000.0,17939000000.0,1866000000.0,109000000.0,,,,,,,,109000000.0,545000000.0,1187000000.0,,-60000000.0,39839000000.0,,44572000000.0,3122000000.0,561000000.0,,16980000000.0,,62000000.0,,,,,,39839000000.0,,,,,17402000000.0,6000000.0,41000000.0,,17367000000.0,3995000000.0,13372000000.0,13372000000.0,,457000000.0,13829000000.0,13829000000.0,,17464000000.0,18572000000.0,,,,,,,,,,,,,,,,,,,,,13372000000.0,1
26,000001.SZ,20180420,20180420,20180331,1,2,1,0.33,0.33,28026000000.0,28026000000.0,40944000000.0,,9947000000.0,8594000000.0,745000000.0,76000000.0,,,,,,,,76000000.0,373000000.0,416000000.0,,-178000000.0,19442000000.0,,22257000000.0,1353000000.0,261000000.0,,8510000000.0,,10671000000.0,,,,,,19442000000.0,,,,,8584000000.0,5000000.0,22000000.0,,8567000000.0,1972000000.0,6595000000.0,6595000000.0,,151000000.0,6746000000.0,6746000000.0,,19255000000.0,,,,,,,,,,,,,,,,,,,,,,6595000000.0,0
27,000001.SZ,20180315,20180315,20171231,1,2,4,1.3,1.3,105786000000.0,105786000000.0,148068000000.0,,35725000000.0,30674000000.0,1103000000.0,186000000.0,,,,,,,,186000000.0,-61000000.0,632000000.0,,166000000.0,75563000000.0,,74059000000.0,5051000000.0,1022000000.0,,31616000000.0,,42925000000.0,,,,,,75563000000.0,,,,,30223000000.0,38000000.0,104000000.0,,30157000000.0,6968000000.0,23189000000.0,23189000000.0,,281000000.0,23470000000.0,23470000000.0,,73148000000.0,75324000000.0,,,,,,,,,,,,,,,,,,,,,23189000000.0,1
28,000001.SZ,20180315,20180315,20171231,1,2,4,1.3,1.3,105786000000.0,105786000000.0,148068000000.0,,35725000000.0,30674000000.0,1103000000.0,186000000.0,,,,,,,,186000000.0,-61000000.0,632000000.0,,166000000.0,75563000000.0,,74059000000.0,5051000000.0,1022000000.0,,31616000000.0,,42925000000.0,,,,,,75563000000.0,,,,,30223000000.0,38000000.0,104000000.0,,30157000000.0,6968000000.0,23189000000.0,23189000000.0,,281000000.0,23470000000.0,23470000000.0,,73148000000.0,75324000000.0,,,,,,,,,,,,,,,,,,,,,23189000000.0,0
29,000001.SZ,20171021,20171021,20170930,1,2,3,1.06,1.06,79833000000.0,79833000000.0,108875000000.0,,26646000000.0,23161000000.0,1190000000.0,130000000.0,,,,,,,,130000000.0,34000000.0,644000000.0,,280000000.0,54833000000.0,,53393000000.0,3485000000.0,745000000.0,,21268000000.0,,32820000000.0,,,,,,54833000000.0,,,,,25000000000.0,28000000.0,89000000.0,,24939000000.0,5786000000.0,19153000000.0,19153000000.0,,374000000.0,19527000000.0,19527000000.0,,,,,,,,,,,,,,,,,,,,,,,,,0
30,000001.SZ,20170811,20170811,20170630,1,2,2,0.68,0.68,54073000000.0,54073000000.0,71648000000.0,,17869000000.0,15748000000.0,964000000.0,95000000.0,,,,,,,,95000000.0,17000000.0,739000000.0,,52000000.0,37605000000.0,,34287000000.0,2121000000.0,503000000.0,,13386000000.0,,23716000000.0,,,,,,37605000000.0,,,,,16468000000.0,15000000.0,51000000.0,,16432000000.0,3878000000.0,12554000000.0,12554000000.0,,316000000.0,12870000000.0,12870000000.0,,40184000000.0,41248000000.0,,,,,,,,,,,,,,,,,,,,,,0
31,000001.SZ,20170811,20170811,20170630,1,2,2,0.68,0.68,54073000000.0,54073000000.0,71648000000.0,,17869000000.0,15748000000.0,964000000.0,95000000.0,,,,,,,,95000000.0,17000000.0,739000000.0,,52000000.0,37605000000.0,,34287000000.0,2121000000.0,503000000.0,,13386000000.0,,23716000000.0,,,,,,37605000000.0,,,,,16468000000.0,15000000.0,51000000.0,,16432000000.0,3878000000.0,12554000000.0,12554000000.0,,316000000.0,12870000000.0,12870000000.0,,40184000000.0,41248000000.0,,,,,,,,,,,,,,,,,,,,,,1
32,000001.SZ,20170422,20170422,20170331,1,2,1,0.31,0.31,27712000000.0,27712000000.0,35045000000.0,,9125000000.0,8150000000.0,693000000.0,62000000.0,,,,,,,,62000000.0,-25000000.0,611000000.0,,45000000.0,19484000000.0,,16176000000.0,975000000.0,246000000.0,,6804000000.0,,12434000000.0,,,,,,19484000000.0,,,,,8228000000.0,16000000.0,14000000.0,,8230000000.0,2016000000.0,6214000000.0,6214000000.0,,228000000.0,6442000000.0,6442000000.0,,,,,,,,,,,,,,,,,,,,,,,,,0
33,000001.SZ,20170317,20170317,20161231,1,2,4,1.32,1.32,107715000000.0,107715000000.0,131119000000.0,,31309000000.0,27859000000.0,3445000000.0,146000000.0,,,,,,,,146000000.0,49000000.0,2368000000.0,-141000000.0,882000000.0,77936000000.0,,54708000000.0,3450000000.0,3445000000.0,,27973000000.0,,46518000000.0,,,,,,77936000000.0,,,,,29779000000.0,221000000.0,65000000.0,,29935000000.0,7336000000.0,22599000000.0,22599000000.0,,308000000.0,22907000000.0,22907000000.0,,76297000000.0,78237000000.0,,,,,,,,,,,,,,,,,,,,,,0
34,000001.SZ,20161021,20161021,20160930,1,2,3,1.09,1.09,81968000000.0,81968000000.0,95575000000.0,,26689000000.0,24174000000.0,3231000000.0,87000000.0,,,,,,,,87000000.0,110000000.0,2466000000.0,,568000000.0,57423000000.0,,41012000000.0,2515000000.0,3100000000.0,,22708000000.0,,31615000000.0,,,,,,57423000000.0,,,,,24545000000.0,52000000.0,37000000.0,,24560000000.0,5841000000.0,18719000000.0,18719000000.0,,245000000.0,18964000000.0,18964000000.0,,,,,,,,,,,,,,,,,,,,,,,,,0
35,000001.SZ,20160812,20160812,20160630,1,2,2,0.72,0.72,54769000000.0,54769000000.0,63568000000.0,,18100000000.0,16448000000.0,2125000000.0,74000000.0,,,,,,,,74000000.0,160000000.0,1608000000.0,25000000.0,283000000.0,38613000000.0,,27372000000.0,1652000000.0,2839000000.0,,15774000000.0,,20000000000.0,,,,,,38613000000.0,,,,,16156000000.0,29000000.0,31000000.0,,16154000000.0,3862000000.0,12292000000.0,12292000000.0,,144000000.0,12436000000.0,12436000000.0,,36156000000.0,37067000000.0,,,,,,,,,,,,,,,,,,,,,,0
36,000001.SZ,20160421,20160421,20160331,1,2,1,0.43,0.43,27532000000.0,27532000000.0,32359000000.0,,8896000000.0,8101000000.0,1033000000.0,71000000.0,,,,,,,,71000000.0,-14000000.0,824000000.0,,152000000.0,19518000000.0,,13961000000.0,795000000.0,1888000000.0,,8080000000.0,,9550000000.0,,,,,,19518000000.0,,,,,8014000000.0,18000000.0,3000000.0,,8029000000.0,1943000000.0,6086000000.0,6086000000.0,,30000000.0,6116000000.0,6116000000.0,,17564000000.0,,,,,,,,,,,,,,,,,,,,,,,0
37,000001.SZ,20160310,20160310,20151231,1,2,4,1.56,1.56,96163000000.0,96163000000.0,131649000000.0,,29185000000.0,26445000000.0,3619000000.0,161000000.0,,,,,,,,161000000.0,107000000.0,3924000000.0,46000000.0,-573000000.0,67268000000.0,,65550000000.0,2740000000.0,6671000000.0,,30112000000.0,,30485000000.0,,,,,,67268000000.0,,,,,28895000000.0,40000000.0,89000000.0,,28846000000.0,6981000000.0,21865000000.0,21865000000.0,,734000000.0,22599000000.0,22599000000.0,,59380000000.0,61157000000.0,,,,,,,,,,,,,,,,,,,,,,0
38,000001.SZ,20151023,20151023,20150930,1,2,3,1.27,1.27,71152000000.0,71152000000.0,99225000000.0,,22144000000.0,20223000000.0,2723000000.0,116000000.0,,,,,,,,116000000.0,97000000.0,3081000000.0,,-571000000.0,47847000000.0,,51019000000.0,1921000000.0,5046000000.0,,22866000000.0,,19935000000.0,,,,,,47847000000.0,,,,,23305000000.0,21000000.0,40000000.0,,23286000000.0,5546000000.0,17740000000.0,17740000000.0,,495000000.0,18235000000.0,18235000000.0,,43240000000.0,,,,,,,,,,,,,,,,,,,,,,,0
39,000001.SZ,20150814,20150814,20150630,1,2,2,0.84,0.84,46575000000.0,46575000000.0,65864000000.0,,14961000000.0,13722000000.0,1735000000.0,61000000.0,,,,,,,,61000000.0,85000000.0,2104000000.0,35000000.0,-515000000.0,31308000000.0,,34746000000.0,1239000000.0,3380000000.0,,15005000000.0,,12923000000.0,,,,,,31308000000.0,,,,,15267000000.0,13000000.0,21000000.0,,15259000000.0,3674000000.0,11585000000.0,11585000000.0,,394000000.0,11979000000.0,11979000000.0,,28190000000.0,29022000000.0,,,,,,,,,,,,,,,,,,,,,,0
40,000001.SZ,20150424,20150424,20150331,1,2,1,0.41,0.41,20671000000.0,20671000000.0,32464000000.0,,5967000000.0,5387000000.0,140000000.0,32000000.0,,,,,,,,32000000.0,-58000000.0,464000000.0,,-298000000.0,13224000000.0,,17320000000.0,580000000.0,1572000000.0,,6901000000.0,,4751000000.0,,,,,,13224000000.0,,,,,7447000000.0,2000000.0,12000000.0,,7437000000.0,1808000000.0,5629000000.0,5629000000.0,,126000000.0,5755000000.0,5755000000.0,,25422000000.0,,,,,,,,,,,,,,,,,,,,,,,0
41,000001.SZ,20150313,20150313,20141231,1,2,4,1.73,1.73,73407000000.0,73407000000.0,119202000000.0,,19706000000.0,17378000000.0,2983000000.0,213000000.0,,,,,,,,213000000.0,-10000000.0,3168000000.0,28000000.0,-388000000.0,47161000000.0,,66156000000.0,2328000000.0,5482000000.0,,26668000000.0,,15011000000.0,,,,,,47161000000.0,,,,,26246000000.0,40000000.0,92000000.0,,26194000000.0,6392000000.0,19802000000.0,19802000000.0,,586000000.0,20388000000.0,20388000000.0,,41257000000.0,42854000000.0,,,,,,,,,,,,,,,,,,,,,,0
42,000001.SZ,20141024,20141024,20140930,1,2,3,1.37,1.37,54651000000.0,54651000000.0,87570000000.0,,14473000000.0,12797000000.0,3436000000.0,157000000.0,,,,,,,,157000000.0,27000000.0,3305000000.0,,-53000000.0,33880000000.0,,49152000000.0,1676000000.0,4123000000.0,,20056000000.0,,9701000000.0,,,,,,33880000000.0,,,,,20771000000.0,30000000.0,53000000.0,,20748000000.0,5054000000.0,15694000000.0,15694000000.0,,481000000.0,16175000000.0,16175000000.0,,64352000000.0,,,,,,,,,,,,,,,,,,,,,,,0
43,000001.SZ,20140814,20140814,20140630,1,2,2,0.88,0.88,34733000000.0,34733000000.0,56950000000.0,,8941000000.0,7771000000.0,2408000000.0,87000000.0,,,,,,,,87000000.0,68000000.0,2173000000.0,9000000.0,80000000.0,21388000000.0,,32396000000.0,1170000000.0,2681000000.0,,13055000000.0,,5652000000.0,,,,,,21388000000.0,,,,,13345000000.0,17000000.0,34000000.0,,13328000000.0,3256000000.0,10072000000.0,10072000000.0,,310000000.0,10382000000.0,10382000000.0,,18997000000.0,19732000000.0,,,,,,,,,,,,,,,,,,,,,,0
44,000001.SZ,20140424,20140424,20140331,1,2,1,0.53,0.53,16100000000.0,16100000000.0,27904000000.0,,3879000000.0,3207000000.0,1343000000.0,43000000.0,,,,,,,,43000000.0,-848000000.0,2185000000.0,,-37000000.0,9388000000.0,,16354000000.0,672000000.0,1259000000.0,,6062000000.0,,2067000000.0,,,,,,9388000000.0,,,,,6712000000.0,3000000.0,18000000.0,,6697000000.0,1643000000.0,5054000000.0,5054000000.0,,165000000.0,5219000000.0,5219000000.0,,18167000000.0,,,,,,,,,,,,,,,,,,,,,,,0
45,000001.SZ,20140307,20140307,20131231,1,2,4,1.86,1.86,52189000000.0,52189000000.0,93102000000.0,,11821000000.0,10456000000.0,1045000000.0,150000000.0,,,,,,,,150000000.0,711000000.0,347000000.0,102000000.0,-163000000.0,32234000000.0,,52414000000.0,1365000000.0,4065000000.0,,21279000000.0,,6890000000.0,,,,,,32234000000.0,,,,,19955000000.0,111000000.0,26000000.0,,20040000000.0,4809000000.0,15231000000.0,15231000000.0,,-1811000000.0,13420000000.0,13420000000.0,,26845000000.0,28258000000.0,,,,,,,,,,,,,,,,,,,,,,0
46,000001.SZ,20131023,20131023,20130930,1,2,3,1.43,1.43,37345000000.0,37345000000.0,67487000000.0,,8280000000.0,7415000000.0,874000000.0,93000000.0,,,,,,,,93000000.0,17000000.0,898000000.0,,-134000000.0,22038000000.0,,38431000000.0,865000000.0,2936000000.0,,14776000000.0,,4326000000.0,,,,,,22038000000.0,,,,,15307000000.0,86000000.0,8000000.0,,15385000000.0,3689000000.0,11696000000.0,11696000000.0,,-710000000.0,10986000000.0,10986000000.0,,41671000000.0,,,,,,,,,,,,,,,,,,,,,,,0
47,000001.SZ,20130823,20130823,20130630,1,2,2,0.92,0.92,23426000000.0,23426000000.0,43226000000.0,,4891000000.0,4376000000.0,522000000.0,65000000.0,,,,,,,,65000000.0,-76000000.0,510000000.0,17000000.0,23000000.0,13532000000.0,,24698000000.0,515000000.0,1824000000.0,,9106000000.0,,2602000000.0,,,,,,13532000000.0,,,,,9894000000.0,18000000.0,6000000.0,,9906000000.0,2375000000.0,7531000000.0,7531000000.0,,84000000.0,7615000000.0,7615000000.0,,12496000000.0,13186000000.0,,,,,,,,,,,,,,,,,,,,,,0
48,000001.SZ,20130424,20130424,20130331,1,2,1,0.7,0.7,10802000000.0,10802000000.0,20246000000.0,,2029000000.0,1805000000.0,290000000.0,14000000.0,,,,,,,,14000000.0,21000000.0,240000000.0,,15000000.0,6085000000.0,,11539000000.0,224000000.0,855000000.0,,4184000000.0,,1046000000.0,,,,,,6085000000.0,,,,,4717000000.0,3000000.0,2000000.0,,4718000000.0,1129000000.0,3589000000.0,3589000000.0,,371000000.0,3960000000.0,3960000000.0,,11848000000.0,,,,,,,,,,,,,,,,,,,,,,,0
49,000001.SZ,20130308,20130308,20121231,1,2,4,2.62,2.62,39748648000.0,39748648000.0,74613675000.0,,6449518000.0,5721275000.0,992021000.0,154771000.0,,,,,,,,154771000.0,-29215000.0,623193000.0,43000000.0,243272000.0,22206987000.0,,41578323000.0,728243000.0,3411986000.0,,15664394000.0,,3130607000.0,,,,,,22206987000.0,,,,,17541661000.0,97747000.0,88487000.0,,17550921000.0,4040141000.0,13510780000.0,13402701000.0,108079000.0,-890200000.0,12620580000.0,12494233000.0,126347000.0,20672268000.0,21942584000.0,,,,,,,,,,,,,,,,,,,,,,0
50,000001.SZ,20121026,20121026,20120930,1,2,3,2.0,2.0,29531673000.0,29531673000.0,56174192000.0,,4660362000.0,4155558000.0,815981000.0,79146000.0,,,,,,,,79146000.0,-33645000.0,597346000.0,,173134000.0,16171593000.0,,31614058000.0,504804000.0,2569731000.0,,11387140000.0,,2214722000.0,,,,,,16171593000.0,,,,,13360080000.0,73120000.0,21086000.0,,13412114000.0,3066141000.0,10345973000.0,10237894000.0,108079000.0,-798283000.0,9547690000.0,9421343000.0,126347000.0,31746395000.0,,,,,,,,,,,,,,,,,,,,,,,0
51,000001.SZ,20120816,20120816,20120630,1,2,2,1.32,1.32,19625534000.0,19625534000.0,37226844000.0,,3099716000.0,2779290000.0,689647000.0,65506000.0,,,,,,,,65506000.0,-11358000.0,451878000.0,15000000.0,183621000.0,10788634000.0,,21070247000.0,320426000.0,1735666000.0,,7482734000.0,,1570234000.0,,,,,,10788634000.0,,,,,8836900000.0,58738000.0,16989000.0,,8878649000.0,2009085000.0,6869564000.0,6761485000.0,108079000.0,262515000.0,7132079000.0,7005732000.0,126347000.0,10407134000.0,10997763000.0,,,,,,,,,,,,,,,,,,,,,,0
52,000001.SZ,20120426,20120426,20120331,1,2,1,0.67,0.67,9723880000.0,9723880000.0,18366476000.0,,1596274000.0,1447954000.0,320867000.0,31400000.0,,,,,,,,31400000.0,-9241000.0,214556000.0,,84152000.0,5258866000.0,,10411417000.0,148320000.0,859988000.0,,3712921000.0,,685957000.0,,,,,,5258866000.0,,,,,4465014000.0,14071000.0,1734000.0,,4477351000.0,981865000.0,3495486000.0,3428945000.0,66541000.0,81353000.0,3576839000.0,3504456000.0,72383000.0,10409837000.0,,,,,,,,,,,,,,,,,,,,,,,0
53,000001.SZ,20120309,20120309,20111231,1,2,4,2.47,2.47,29643061000.0,29643061000.0,52330697000.0,,4129600000.0,3664669000.0,688618000.0,132883000.0,,,,,,,,132883000.0,6005000.0,284753000.0,45000000.0,264977000.0,16510360000.0,,27040923000.0,464931000.0,2506344000.0,,11855442000.0,,2148574000.0,,,,,,16510360000.0,,,,,13132701000.0,174416000.0,49628000.0,,13257489000.0,2866998000.0,10390491000.0,10278631000.0,111860000.0,450562000.0,10841053000.0,10721543000.0,119510000.0,15281275000.0,16201713000.0,,,,,,,,,,,,,,,,,,,,,,0
54,000001.SZ,20111026,20111026,20110930,1,2,3,2.01,2.01,20701401000.0,20701401000.0,34999460000.0,,2725638000.0,2429891000.0,590524000.0,93950000.0,,,,,,,,93950000.0,-15650000.0,277211000.0,,235013000.0,10882540000.0,,17318474000.0,295747000.0,1684612000.0,,7957965000.0,,1239963000.0,,,,,,10882540000.0,,,,,9818861000.0,145351000.0,39769000.0,,9924443000.0,2179366000.0,7745077000.0,7687182000.0,57895000.0,-598339000.0,7146738000.0,7118657000.0,28081000.0,21941364000.0,,,,,,,,,,,,,,,,,,,,,,,0
55,000001.SZ,20110818,20110818,20110630,1,2,2,1.36,1.36,12140590000.0,12140590000.0,19540461000.0,,1330035000.0,1187637000.0,560731000.0,64465000.0,,,,,,,,64465000.0,-7865000.0,352460000.0,29000000.0,151671000.0,6090696000.0,,9148239000.0,142398000.0,953092000.0,,4406926000.0,,730678000.0,,,,,,6090696000.0,,,,,6049894000.0,39257000.0,23305000.0,,6065846000.0,1334100000.0,4731746000.0,4731746000.0,,-92227000.0,4639519000.0,4639519000.0,,6780572000.0,7052814000.0,,,,,,,,,,,,,,,,,,,,,,0
56,000001.SZ,20110427,20110427,20110331,1,2,1,0.69,0.69,5815038000.0,5815038000.0,9219837000.0,,543868000.0,481694000.0,229014000.0,31589000.0,,,,,,,,31589000.0,8297000.0,124516000.0,,64612000.0,2755081000.0,,4115507000.0,62174000.0,446055000.0,,2067870000.0,,241156000.0,,,,,,2755081000.0,,,,,3059957000.0,15669000.0,6527000.0,,3069099000.0,666900000.0,2402199000.0,2402199000.0,,34996000.0,2437195000.0,2437195000.0,,6056194000.0,,,,,,,,,,,,,,,,,,,,,,,0
57,000001.SZ,20110225,20110225,20101231,1,2,4,1.91,1.91,18022278000.0,18022278000.0,26251790000.0,,1836376000.0,1585142000.0,607944000.0,147498000.0,,,,,,,,147498000.0,18000000.0,228525000.0,60824000.0,213921000.0,10172723000.0,,10422598000.0,251234000.0,1324595000.0,,7360012000.0,,1488116000.0,,,,,,10172723000.0,,,,,7849555000.0,165320000.0,16854000.0,,7998021000.0,1714205000.0,6283816000.0,6283816000.0,,-147977000.0,6135839000.0,6135839000.0,,9337671000.0,9830123000.0,,,,,,,,,,,,,,,,,,,,,,0
58,000001.SZ,20101028,20101028,20100930,1,2,3,1.46,1.46,13159639000.0,13159639000.0,18812506000.0,,1332466000.0,1149766000.0,549891000.0,104691000.0,,,,,,,,104691000.0,-10473000.0,313574000.0,,142099000.0,7240139000.0,,7352523000.0,182700000.0,946018000.0,,5490324000.0,,803797000.0,,,,,,7240139000.0,,,,,5919500000.0,106069000.0,11724000.0,,6013845000.0,1279905000.0,4733940000.0,4733940000.0,,33317000.0,4767258000.0,4767258000.0,,13963436000.0,,,,,,,,,,,,,,,,,,,,,,,0
59,000001.SZ,20100825,20100825,20100630,1,2,2,0.98,0.98,8496111000.0,8496111000.0,12179595000.0,,864728000.0,749825000.0,337074000.0,73503000.0,,,,,,,,73503000.0,-7646000.0,172377000.0,40824000.0,98840000.0,4691283000.0,,4770383000.0,114903000.0,606891000.0,,3590483000.0,,493909000.0,,,,,,4691283000.0,,,,,3804828000.0,75395000.0,8476000.0,,3871747000.0,838628000.0,3033119000.0,3033119000.0,,11112000.0,3044231000.0,3044231000.0,,4298737000.0,4528748000.0,,,,,,,,,,,,,,,,,,,,,,0
60,000001.SZ,20100429,20100429,20100331,1,2,1,0.51,0.51,4084252000.0,4084252000.0,5934702000.0,,366699000.0,317610000.0,156353000.0,28791000.0,,,,,,,,28791000.0,16824000.0,58549000.0,,52189000.0,2089101000.0,,2324413000.0,49089000.0,284743000.0,,1684886000.0,,119472000.0,,,,,,2089101000.0,,,,,1995151000.0,3082000.0,1212000.0,,1997021000.0,418903000.0,1578118000.0,1578118000.0,,62100000.0,1640218000.0,1640218000.0,,4203724000.0,,,,,,,,,,,,,,,,,,,,,,,0
61,000001.SZ,20100312,20100312,20091231,1,2,4,1.62,1.62,15114440000.0,15114440000.0,21985512000.0,,1386972000.0,1180784000.0,949282000.0,128705000.0,,,,,,,,128705000.0,-1332000.0,580286000.0,18336000.0,241623000.0,8955313000.0,,9001138000.0,206188000.0,1069134000.0,,6311091000.0,,1575088000.0,,,,,,8955313000.0,,,,,6159127000.0,55805000.0,24395000.0,,6190537000.0,1159808000.0,5030729000.0,5030729000.0,,-961910000.0,4068819000.0,4068819000.0,,7734215000.0,8126113000.0,,,,,,,,,,,,,,,,,,,,,,0
62,000001.SZ,20091029,20091029,20090930,1,2,3,1.17,1.17,11113953000.0,11113953000.0,16419115000.0,,928816000.0,781629000.0,772240000.0,92599000.0,,,,,,,,92599000.0,-44645000.0,556669000.0,,167617000.0,6587504000.0,,6859029000.0,147187000.0,768108000.0,,4443917000.0,,1375479000.0,,,,,,6587504000.0,,,,,4526449000.0,30728000.0,16535000.0,,4540642000.0,903223000.0,3637419000.0,3637419000.0,,-949773000.0,2687646000.0,2687646000.0,,12489432000.0,,,,,,,,,,,,,,,,,,,,,,,0
63,000001.SZ,20090821,20090821,20090630,1,2,2,0.74,0.74,7490850000.0,7490850000.0,11171292000.0,,569812000.0,478065000.0,649251000.0,60484000.0,,,,,,,,60484000.0,-41009000.0,507544000.0,18336000.0,122232000.0,4569321000.0,,4807758000.0,91747000.0,522352000.0,,2942937000.0,,1104032000.0,,,,,,4569321000.0,,,,,2921529000.0,18426000.0,10476000.0,,2929479000.0,618091000.0,2311388000.0,2311388000.0,,-724786000.0,1586602000.0,1586602000.0,,4025561000.0,4213405000.0,,,,,,,,,,,,,,,,,,,,,,0
64,000001.SZ,20090424,20090424,20090331,1,2,1,0.36,0.36,3760604000.0,3760604000.0,5872666000.0,,241290000.0,195809000.0,265539000.0,28778000.0,,,,,,,,28778000.0,-27290000.0,185933000.0,,78117000.0,2246969000.0,,2573409000.0,45481000.0,259374000.0,,1465686000.0,,521909000.0,,,,,,2246969000.0,,,,,1513634000.0,1185000.0,-2300000.0,,1517120000.0,395042000.0,1122077000.0,1122077000.0,,,,,,4282513000.0,,,,,,,,,,,,,,,,,,,,,,,0
65,000001.SZ,20090320,20090320,20081231,1,2,4,0.2,0.2,14513119000.0,14513119000.0,26465264000.0,,1056647000.0,851388000.0,1063843000.0,113944000.0,,,,,,,,113944000.0,65800000.0,421556000.0,22675000.0,462543000.0,13709693000.0,,13867376000.0,205259000.0,1151665000.0,,5223866000.0,,7334162000.0,,,,,,13709693000.0,,,,,803426000.0,52310000.0,63127000.0,,792609000.0,178574000.0,614035000.0,614035000.0,,,,,,8137588000.0,8448473000.0,,,,,,,,,,,,,,,,,,,,,,0
66,000001.SZ,20081024,20081024,20080930,1,2,3,1.42,1.41,10741406000.0,10741406000.0,19919127000.0,,808277000.0,665074000.0,597531000.0,97007000.0,,,,,,,,97007000.0,34265000.0,76848000.0,,389411000.0,6377202000.0,,10440326000.0,143203000.0,859239000.0,,3740188000.0,,1777775000.0,,,,,,6377202000.0,,,,,4364204000.0,28791000.0,78326000.0,,4314669000.0,997675000.0,3316994000.0,3316994000.0,,,,,,12519181000.0,,,,,,,,,,,,,,,,,,,,,,,0
67,000001.SZ,20080821,20080821,20080630,1,2,2,0.93,0.92,7115253000.0,7115253000.0,13195457000.0,,469997000.0,380534000.0,432170000.0,114624000.0,,,,,,,,114624000.0,-2766000.0,11493000.0,4754000.0,308819000.0,4274257000.0,,6892908000.0,89463000.0,568166000.0,,2492292000.0,,1213799000.0,,,,,,4274257000.0,,,,,2840996000.0,13111000.0,28439000.0,,2825668000.0,681834000.0,2143834000.0,2143834000.0,,,,,,4054795000.0,4205932000.0,,,,,,,,,,,,,,,,,,,,,,0
68,000001.SZ,20080424,20080424,20080331,1,2,1,0.44,0.43,3553270000.0,3553270000.0,6434254000.0,,196704000.0,150353000.0,257581000.0,70467000.0,,,,,,,,70467000.0,24721000.0,2312000.0,,160081000.0,2176919000.0,,3288918000.0,46351000.0,282630000.0,,1311014000.0,,583275000.0,,,,,,2176919000.0,,,,,1376351000.0,4545000.0,1791000.0,,1379105000.0,374923000.0,1004182000.0,1004182000.0,,,,,,4136545000.0,,,,,,,,,,,,,,,,,,,,,,,0
69,000001.SZ,20080320,20080320,20071231,1,2,4,1.27,1.22,10807502000.0,10807502000.0,18043900000.0,,667751000.0,520713000.0,680940000.0,164969000.0,,,,,,,,164969000.0,82171000.0,200984000.0,,232816000.0,7085560000.0,,8438051000.0,147038000.0,824307000.0,,4207494000.0,,2053759000.0,,,,,,7085560000.0,,,,,3721942000.0,89720000.0,39887000.0,,3771775000.0,1121872000.0,2649903000.0,2649903000.0,,,,,,5775701000.0,5996628000.0,,,,,,,,,,,,,,,,,,,,,,0
70,000001.SZ,20071023,20071023,20070930,1,2,3,0.9,0.88,7767194000.0,7767194000.0,12428020000.0,,417502000.0,321920000.0,508703000.0,105189000.0,,,,,,,,105189000.0,51777000.0,203493000.0,,148244000.0,4990767000.0,,5491449000.0,95582000.0,577561000.0,,2937531000.0,,1475675000.0,,,,,,4990767000.0,,,,,2776427000.0,28376000.0,21813000.0,,2782990000.0,909373000.0,1873617000.0,1873617000.0,,,,,,9242869000.0,,,,,,,,,,,,,,,,,,,,,,,0
71,000001.SZ,20070816,20070816,20070630,1,2,2,0.54,0.54,4890715000.0,4890715000.0,7621216000.0,,262751000.0,209515000.0,247115000.0,68340000.0,,,,,,,,68340000.0,12993000.0,65849000.0,,99933000.0,3208940000.0,,3187131000.0,53236000.0,353215000.0,,1858239000.0,,997486000.0,,,,,,3208940000.0,,,,,1681775000.0,26843000.0,18694000.0,,1689924000.0,565941000.0,1123983000.0,1123983000.0,,,,,,-561106000.0,-414974000.0,,,,,,,,,,,,,,,,,,,,,,0
72,000001.SZ,20070426,20070426,20070331,1,2,1,0.27,0.27,2352128927.0,2352128927.0,3576400397.0,,104319974.0,82320297.0,132396847.0,25234162.0,,,,,,,,25234162.0,2979632.0,53628142.0,,50554911.0,1534110415.0,,1438988613.0,21999677.0,167114774.0,,887958694.0,,479036947.0,,,,,,1534110415.0,,,,,818018513.0,3302285.0,582457.0,,821272421.0,286188763.0,535083658.0,535083658.0,,,,,,2831165874.0,,,,,,,,,,,,,,,,,,,,,,,0
73,000001.SZ,20070322,20070322,20061231,1,2,4,0.67,0.67,7135217546.0,7135217546.0,11551217279.0,,425394842.0,306541396.0,346231801.0,105951574.0,,,,,,,,105951574.0,-16271119.0,110564976.0,,145986370.0,5230048694.0,,5068772930.0,118853446.0,553472659.0,,3250780001.0,,1425796034.0,,,,,,5230048694.0,,,,,1905168852.0,109402350.0,20049237.0,,1994521965.0,691615427.0,1302906538.0,1302906538.0,,,,,,-1856661490.0,-1516540822.0,,,,,,,,,,,,,,,,,,,,,,0
74,000001.SZ,20061026,20061026,20060930,1,2,3,0.47,0.47,5076997923.0,5076997923.0,8313870666.0,,293789621.0,214441593.0,281188163.0,80078665.0,,,,,,,,80078665.0,2694666.0,63670566.0,,134744266.0,3696839531.0,,3732502499.0,79348028.0,397336088.0,,2306363007.0,,993140436.0,,,,,,3696839531.0,,,,,1380158392.0,,,,1448379507.0,558083908.0,890295599.0,890295599.0,,,,,,,,,,,,,,,,,,,,,,,,,,,,,0
75,000001.SZ,20060818,20060818,20060630,1,2,2,0.24,0.25,3118193786.0,3118193786.0,5210594254.0,,185387529.0,141583494.0,142157857.0,44059627.0,,,,,,,,44059627.0,-23961186.0,35161261.0,,86898155.0,2408432211.0,,2376141819.0,43804035.0,245953519.0,,1484976694.0,,677501998.0,,,,,,2408432211.0,,,,,709761575.0,,,,760194126.0,296573464.0,463620662.0,463620662.0,,,,,,-1032682281.0,-864735272.0,,,,,,,,,,,,,,,,,,,,,,0
76,000001.SZ,20070426,20060426,20060331,1,2,1,0.12,0.12,1596766603.0,1596766603.0,2610042300.0,,74005312.0,53347527.0,58052288.0,17204798.0,,,,,,,,17204798.0,-13400113.0,6877099.0,,47370504.0,1265936825.0,,1124675512.0,20657785.0,118966681.0,,670199500.0,,476770644.0,,,,,,1265936825.0,,,,,330829778.0,302215.0,1028426.0,,359738923.0,126555377.0,233183546.0,233183546.0,,,,,,,,,,,,,,,,,,,,,,,,,,,,,0
77,000001.SZ,20070322,20060401,20051231,1,2,4,0.16,0.16,5450550760.0,5450550760.0,8664012573.0,,307086758.0,239096293.0,317778710.0,72929461.0,,,,,,,,72929461.0,1117092.0,111475992.0,,132256165.0,4816516054.0,,3770336816.0,67990465.0,416921653.0,,2596811607.0,,1802782794.0,,,,,,4816516054.0,,,,,634034706.0,31097656.0,67235621.0,,597896741.0,286889101.0,311007640.0,311007640.0,,,,,,-1401509781.0,-1019961894.0,,,,,,,,,,,,,,,,,,,,,,0
78,000001.SZ,20051029,20051029,20050930,1,2,3,,,6349683885.0,6349683885.0,,,203033516.0,,,,,,,,,,,,,635201043.0,,95254004.0,,,,46715909.0,314092500.0,1794303951.0,,,1404770048.0,,,,,,,,,,,2975615387.0,11183872.0,22577594.0,,610158074.0,243734948.0,366423126.0,366423126.0,,,,,,,,,,,,,,,,,,,,,,,,,,,,,0
79,000001.SZ,20050819,20060705,20050630,1,2,2,,,4199083639.0,4199083639.0,,,128302417.0,,,,,,,,,,,,,419390653.0,,54568961.0,,,,29507143.0,207999247.0,1147478648.0,,,964029778.0,,,,,,,,,,,1982690802.0,5358258.0,26508808.0,,370120574.0,162633782.0,157834800.0,157834800.0,,,,,,2814098601.0,3007054482.0,,,,,,,,,,,,,,,,,,,,,,0
80,000001.SZ,20050426,20050426,20050331,1,2,1,,,1976069993.0,1976069993.0,,,63115602.0,,,,,,,,,,,,,199301735.0,,25753977.0,,,,14548663.0,98382509.0,491780167.0,,,440308469.0,,,,,,,,,,,1003014297.0,2091984.0,1285095.0,,265828474.0,111702064.0,154126411.0,154126411.0,,,,,,,,,,,,,,,,,,,,,,,,,,,,,0
81,000001.SZ,20050426,20050426,20041231,1,2,4,,,5273549277.0,5273549277.0,6132906320.0,,247478433.0,187838510.0,2611012035.0,1794629892.0,,,,,,,,1820383239.0,,725698822.0,,90683321.0,4775032692.0,,3686960935.0,59639923.0,411348087.0,2457296430.0,2457296430.0,,1880634828.0,,,,,,4775032692.0,,,,25753347.0,498516585.0,20959998.0,28283687.0,,491192896.0,201418621.0,289774275.0,289774275.0,,,,,,-3798992528.0,-3449216926.0,,446301963.0,736076238.0,,,,,,,,28977428.0,14488714.0,,,,,634655241.0,,,,,0
82,000001.SZ,20041023,20041023,20040930,1,2,3,,,6085604364.0,6085604364.0,,,167174736.0,,,,,,,,,,,,,513239346.0,,71326970.0,,,,39996554.0,309414547.0,1844023986.0,,,1165367770.0,,,,,,,,,,,2476980194.0,16666036.0,14015523.0,,491609045.0,84571004.0,407038041.0,407038041.0,,,,,,,,,,,,,,,,,,,,,,,,,,,,,0
83,000001.SZ,20040415,20040415,20040331,1,2,1,,,1913438229.0,1913438229.0,,,47510293.0,,,,,,,,,,,,,156376681.0,,21714544.0,,,,12001490.0,96582618.0,504838968.0,,,391747123.0,,,,,,,,,,,860189980.0,1638697.0,2062571.0,,215059684.0,691701.0,214367983.0,214367983.0,,,,,,,,,,,,,,,,,,,,,,,,,,,,,0
84,000001.SZ,20040415,20040415,20031231,1,2,4,,,3850803044.0,3850803044.0,4359117344.0,,178782624.0,129434379.0,1992723971.0,1244862071.0,,,,,,,,1345311280.0,,665155412.0,,82706488.0,3482265794.0,,2730921859.0,49348245.0,252385041.0,2062878325.0,2062878325.0,,1066553219.0,,,,,,3482265794.0,,,,100449209.0,368537250.0,13232676.0,27823697.0,,353946229.0,37400525.0,316545704.0,316545704.0,,,,,,-3307608751.0,-2982938512.0,,253047396.0,569593100.0,,,,,,,,31654571.0,15827285.0,,,,,458802104.0,,291873322.0,,,0
85,000001.SZ,20031029,20031029,20030930,1,2,3,,,4140535042.0,4140535042.0,,,110248221.0,,,,,,,,,,,,,476447193.0,,54339792.0,,,,31087431.0,194059456.0,1330748166.0,,,588242389.0,,,,,,,,,,,1684385273.0,4273715.0,8861562.0,,421048389.0,106094920.0,314953470.0,314953470.0,,,,,,,,,,,,,,,,,,,,,,,,,,,,,0
86,000001.SZ,20030820,20030820,20030630,1,2,2,,,2822307617.0,2822307617.0,,,72104086.0,,,,,,,,,,,,,318068355.0,,33422713.0,,,,18169657.0,135003976.0,850774576.0,,,403813016.0,,,,,,,,,,,1201897745.0,10360007.0,11005684.0,,344366721.0,74026024.0,270340697.0,270340697.0,,,,,,1818359408.0,1953426789.0,,,,,,,,,,,,,,,,,,,,,,0
87,000001.SZ,20030424,20030424,20030331,1,2,1,,,1352522592.0,1352522592.0,,,30465020.0,,,,,,,,,,,,,137090451.0,,21341626.0,,,,9400661.0,66862900.0,417718009.0,,,165447224.0,,,,,,,,,,,527374863.0,6963235.0,1274661.0,,163662862.0,10349721.0,153313141.0,153313141.0,,,,,,,,,,,,,,,,,,,,,,,,,,,,,0
88,000001.SZ,20030424,20030424,20021231,1,2,4,,,3769717645.0,3769717645.0,3911095870.0,,105488132.0,78446950.0,2103354242.0,1295978454.0,,,,,,,,1318893478.0,,745968314.0,,61407474.0,3120449041.0,,2346094441.0,27041182.0,292477529.0,1841899090.0,1841899090.0,,963157398.0,,,,,,3120449041.0,,,,22915024.0,649268604.0,14604623.0,27322798.0,,636550429.0,204325499.0,432224930.0,432224930.0,,,,,,-2579693687.0,-2247300811.0,,49763235.0,481988165.0,,,,,,,,43222493.0,21611246.0,,,,,330709440.0,,291873322.0,,,0
89,000001.SZ,20021025,20021025,20020930,1,2,3,,,3942442014.0,3942442014.0,,,74932864.0,,,,,,,,,,,,,423249840.0,,41813675.0,,,,16736070.0,219610678.0,1354752470.0,,,460723705.0,,,,,,,,,,,1651424827.0,13766699.0,12857266.0,,548750037.0,129108005.0,419642032.0,419642032.0,,,,,,,,,,,,,,,,,,,,,,,,,,,,,0
90,000001.SZ,20020814,20020814,20020630,1,2,2,,,2412764949.0,2412764949.0,,,40924950.0,,,,,,,,,,,,,335388276.0,,30193329.0,,,,9430732.0,132603616.0,781420198.0,,,365883458.0,,,,,,,,,,,1225505911.0,3307787.0,8892819.0,,386045530.0,71904188.0,314141342.0,314141342.0,,,,,,1489310403.0,1648968040.0,,,,,,,,,,,,,,,,,,,,,,0
91,000001.SZ,20020423,20020423,20020331,1,2,1,,,1095478623.0,1095478623.0,,,14929807.0,,,,,,,,,,,,,118418534.0,,1001251.0,,,,4227853.0,63739958.0,317236832.0,,,108634257.0,,,,,,,,,,,516597742.0,605845.0,721158.0,,225689680.0,41738536.0,183951144.0,183951144.0,,,,,,,,,,,,,,,,,,,,,,,,,,,,,0
92,000001.SZ,20020419,20020419,20011231,1,2,4,,,2597464478.0,2597464478.0,3732965290.0,,79772563.0,62923696.0,-195247463.0,-674270578.0,,,,,,,,21748886.0,,442490935.0,,36532180.0,2035715964.0,,1699196509.0,16848867.0,261842883.0,1077853617.0,1077853617.0,,,,,,,,2035715964.0,,,,696019464.0,561748514.0,10887163.0,13680079.0,,558955598.0,156595170.0,402360428.0,402360428.0,,,,,,-1536131015.0,-1265317890.0,,,401990621.0,,,,,,,,40236043.0,20118021.0,,,,,341636557.0,,291873322.0,,,0
93,000001.SZ,20021025,20021025,20010930,1,2,3,,,2580202706.0,2580202706.0,,,44423320.0,33913243.0,222397077.0,,,,,,,,,,,222376300.0,,20777.0,,1218954032.0,,10510077.0,159899344.0,840499822.0,,,173885223.0,,,,,,,,,,,965501452.0,3757146.0,5651582.0,,407446149.0,42364938.0,365081211.0,365081211.0,,,,,,,,,,,,,,,,,,,,,,,,,,,,,0
94,000001.SZ,20010810,20010810,20010630,1,2,2,,,1769244287.0,1769244287.0,,,26375774.0,,,,,,,,,,,,,199054466.0,,21705.0,,,,6333024.0,98563353.0,383705257.0,,,121706040.0,,,,,,,,,,,466620718.0,1926983.0,5061701.0,,264431534.0,41219849.0,223211685.0,223211685.0,,,,,,1280642653.0,1363047992.0,,,,,,,,,,,,,,,,,,,,,,0
95,000001.SZ,20020423,20020423,20010331,1,2,1,,,725005436.0,725005436.0,,,10450804.0,7575383.0,27090300.0,,,,,,,,,,,27071571.0,,18729.0,,,,2875421.0,49850195.0,233800032.0,,,,,,,,,,,,,,238697401.0,886717.0,3156791.0,,159505562.0,20677125.0,138828436.0,138828436.0,,,,,,,,,,,,,,,,,,,,,,,,,,,,,0
96,000001.SZ,20010414,20010414,20001231,1,2,4,,,1812893483.0,1812893483.0,2340676525.0,,49049940.0,39350590.0,24681642.0,-356925577.0,,,,,,,,15036156.0,,356704292.0,,24902927.0,1259262034.0,,963777007.0,9699350.0,182792388.0,704507913.0,704507913.0,,,,,,,,1259262034.0,,,,371961733.0,553631449.0,9955727.0,16819034.0,,546768142.0,40216357.0,506551785.0,506551785.0,,,,,,-752391088.0,-527310926.0,,-506301635.0,,,,,,,,,,,,,,,,,,,,0
97,000001.SZ,20000726,20000726,20000630,1,2,2,,,953026282.0,953026282.0,,,12367658.0,,,,,,,,,,,,,161021590.0,,13222.0,,,,3687533.0,73160539.0,281184771.0,10297951.0,278127.0,,,,,,,,,,,,200588746.0,3883126.0,4019027.0,,200452845.0,22500000.0,177952845.0,177952845.0,,,,,,584695488.0,652963508.0,,,,,,,,,,,,,,,,,,,,,,0
98,000001.SZ,20000419,20000419,19991231,1,2,4,,,1724955377.0,1724955377.0,2092411139.0,,23883319.0,17048851.0,111496507.0,-145607400.0,,,,,,,,206307415.0,,236664900.0,,20439007.0,1118581388.0,,847915935.0,6834468.0,170898343.0,578519053.0,588768230.0,1324135.0,7000000.0,,,,,,1118581388.0,,,,351914815.0,606373989.0,5915277.0,7104846.0,,605184420.0,49993328.0,555191092.0,555191092.0,,,,,,-467980652.0,-280769196.0,,650227372.0,1205475458.0,,,,,,,,55519109.0,55519109.0,,,,,1094437240.0,,931108255.0,,,0
99,000001.SZ,19990717,19990717,19990630,1,2,2,,,1134698280.13,1134698280.13,,,7346929.2,,,,,,,,,,,,,108852636.34,,328567.25,,,,3241363.34,84020251.46,239035942.68,4796524.36,717579.34,0.0,,,,,,,,,,,278977985.75,1874095.03,4378753.18,,276473327.6,35554726.86,240918600.74,240918600.74,,,,,,803604198.29,865224414.26,,,,,,,,,,,,,,,,,,,,,,0
