ts_code,market,name,industry,trade_date,close,ma3,ma5,ma10,ma15,ma20,ma30,ma50,ma60,ma75,ma90,ma120,ma150,ma200,score1_3,score1_5,score1_10,score3_5,score3_10,score3_15,score3_20,score3_30,score5_10,score5_20,score5_30,week_score,month_score
000045.SZ,主板,深纺织A,元器件,20221202,11.6,11.4767,11.412,10.979,10.2853,9.996,9.409,8.9084,8.9003,9.0467,8.7801,8.4232,8.0934,8.063,0.9564660090975882,0.8376359577288714,0.8986415514652493,0.8757613441163151,0.9395436355475972,1.242703803967763,1.330123886798604,1.6954169968383028,1.0728306768274198,1.5188200481042726,1.9359349533166017,1.1571,3.4102
000059.SZ,主板,华锦股份,石油加工,20221202,8.72,8.3867,8.318,8.193,8.0387,7.9085,7.6267,7.4906,7.5755,7.5199,7.2386,6.9245,6.7327,6.6871,1.752006272484088,1.8028095486687865,1.7170352022274862,1.0289971999430498,0.9800394149234304,0.9075206768385924,0.910281707880264,0.8748703753767689,0.9524218481621438,0.8846299172929176,0.8502164781645557,0.9092,1.1339
000159.SZ,主板,国际实业,石油贸易,20221202,9.5,9.3867,9.346,9.131,9.0233,8.925,8.778,8.5898,8.66,8.6669,8.5354,8.0574,7.5459,7.2435,1.0517822308920022,0.9268872749590834,0.8888625485876376,0.8812539779959991,0.8451013170604768,0.953063588788608,0.9212204920284852,0.7657967414533211,0.9589758890873497,1.0453518679409213,0.8689852875271763,0.9212,0.6846
000421.SZ,主板,南京公用,供气供热,20221202,5.83,5.8467,5.616,5.342,5.2447,5.145,4.9987,5.1382,5.3193,5.3775,5.3611,5.2174,5.0827,5.0432,0.8282161016117316,1.1473963050295224,1.912768489657127,1.3853827555352487,2.3095041088126957,2.8870273915926568,3.3479846136909237,3.890141192852407,1.667051289317087,2.4166495506849404,2.807990194269044,5.0069,1.0928
000428.SZ,主板,华天酒店,酒店餐饮,20221202,5.46,5.4167,5.346,4.931,5.0127,4.966,4.706,4.5882,4.5308,4.4287,4.3733,4.3363,4.1812,4.1231,0.7829644322228733,0.7123587694446752,1.0110401056532108,0.9098226434402068,1.2912976171635535,1.0766702239382333,1.1385816233500852,1.3146874076291044,1.419284985347166,1.2514324979260778,1.4449930622280729,2.444,1.7038
000557.SZ,主板,西部创业,铁路,20221202,5.5,5.3167,5.248,5.185,5.2027,5.225,5.1977,5.1252,5.1805,5.1408,5.0309,4.9471,4.7879,4.7486,1.5708072905284325,2.0124143260314478,2.6484275686729672,1.2811338081799042,1.6860295878700784,1.7436135837093036,1.7544707217570017,1.558403520184183,1.3160448792350632,1.369467194257845,1.2164252556867527,1.9242,0.8071
000600.SZ,主板,建投能源,火力发电,20221202,5.97,5.9,5.918,5.81,5.6427,5.5525,5.4453,5.2094,5.172,5.1548,5.1203,5.0591,4.8872,4.7431,1.084472288302132,0.9250166360831604,0.8455438906124537,0.8529647516686496,0.7796823392659035,0.9913257713354972,1.1212223624875337,1.124529777439065,0.9140850635862922,1.3145002302780897,1.3183777820116884,0.8418,0.9863
000657.SZ,主板,中钨高新,小金属,20221202,16.28,16.0367,15.63,15.817,15.8547,15.7825,15.512,14.5328,14.3415,14.4375,14.8407,14.9988,14.3495,13.7817,0.8896106483879966,1.087441543257989,1.1935518366037534,1.222379189399844,1.3416564187563491,1.2986885279839353,1.3409107911977518,1.3362408673610666,1.0975779286745444,1.096967948101361,1.093147591965408,1.2163,1.1081
000663.SZ,主板,永安林业,林业,20221202,8.6,8.63,8.596,8.614,8.612,8.444,8.0617,8.0396,8.175,8.4159,8.5673,8.2548,7.9129,7.7699,0.87538987825737,0.8124323011989693,0.6444146532952137,0.928080528891047,0.7361458811678787,0.5081530816058025,0.4787860540735833,0.5617433505276999,0.7931918171448885,0.5158884807611247,0.6052743625587327,0.6573,1.3656
000688.SZ,主板,国城矿业,铅锌,20221202,18.2,18.67,18.796,18.649,18.5193,18.4645,17.8533,17.8194,18.1735,18.382,18.4429,17.9693,17.432,17.1607,1.205645618410611,1.2513678562603692,1.0577037832676932,1.0379234471154413,0.8772924374428134,0.8182442209936551,0.7137510974095066,0.7947885084087559,0.8452380952380953,0.6876721972060055,0.7657486788814754,0.732,1.7358
000702.SZ,主板,正虹科技,饲料,20221202,6.5,6.4233,6.338,6.223,6.232,6.2055,6.059,6.1272,6.263,6.3549,6.2881,6.1527,5.9053,5.7512,0.9538370720188905,1.0781284588610427,1.2342919691892085,1.1303067268910794,1.2940280949415268,1.2577391267889089,1.2490170897355324,1.236936102659082,1.1448468492271693,1.1050249105134209,1.094336672720057,1.3388,0.8786
000729.SZ,主板,燕京啤酒,啤酒,20221202,10.21,10.1533,10.072,10.019,10.2373,10.371,9.9867,9.742,9.61,9.4607,9.2811,9.1933,8.7487,8.4194,0.8185251915688019,0.8272779927862464,1.016613284156718,1.010693380371921,1.2420061039395216,1.2118685088337735,1.142020642989329,1.1643930834540264,1.2288653790158208,1.1299377884211348,1.1520735230555743,1.5936,1.2357
000753.SZ,主板,漳州发展,汽车服务,20221202,4.63,4.5967,4.57,4.436,4.4253,4.361,4.2093,4.055,4.0425,4.0611,4.1078,4.0695,3.9919,3.8736,0.6944755880235564,0.657101317217629,0.874050308580086,0.9461834635364323,1.2585760013071023,1.098439967124453,1.1728424539264193,1.4126310384379417,1.3301606398859256,1.2395507838858564,1.4929779401957906,1.9858,1.4003
000798.SZ,主板,中水渔业,渔业,20221202,11.75,11.5567,11.522,11.203,10.9533,10.7215,10.4097,10.2964,10.4615,10.5836,10.5508,10.3509,10.0659,9.482,0.8292350078533357,0.7900295111163443,0.8250314622501032,0.952720885676928,0.9949308150724192,1.1403228032262704,1.3141124466703296,1.5796179380204245,1.0443046122217632,1.3793257463193171,1.6580070425327904,1.0927,1.5048
000819.SZ,主板,岳阳兴长,石油加工,20221202,22.65,22.2467,21.732,21.972,22.0293,22.332,22.203,21.0814,21.3265,21.9604,22.1183,20.4875,18.5462,16.8901,0.8325147576034582,0.8771474465709416,0.789771900505761,1.0536118892306086,0.9486581388409976,0.9869382787030636,0.9503028268501812,0.7806560156946416,0.9003867064690657,0.901947706326788,0.7409331877079607,0.8188,0.6397
000839.SZ,主板,ST国安,综合类,20221202,2.76,2.71,2.686,2.622,2.596,2.5715,2.4773,2.4964,2.527,2.5687,2.5679,2.4509,2.4234,2.4109,1.0362699692980173,0.9832034837218948,1.1769712228940228,0.94879086806687,1.1357766390657045,1.1263040675184623,1.0833742058055824,1.0845603797118295,1.1970779623752197,1.1418472102423596,1.143097405565871,1.4909,1.0273
000913.SZ,主板,钱江摩托,摩托车,20221202,21.19,20.91,20.838,21.119,21.4747,21.844,21.4507,22.115,22.873,23.5171,23.0756,21.8267,19.9817,18.0812,1.0591240185412922,1.0258571716542355,1.1339788518413485,0.9685902252194468,1.0706761738848602,1.0312432931627658,0.9972923761993264,0.7442217387937284,1.105396426690435,1.0296329141390796,0.7683556156321062,1.2356,0.584
000919.SZ,主板,金陵药业,化学制药,20221202,9.37,9.41,9.61,10.263,9.7193,9.2805,8.7357,7.9934,7.9097,7.8168,7.733,7.6535,7.4966,7.4778,0.747657795868392,0.594585430739939,0.4870390679523152,0.7952641355786814,0.6514197680325495,0.76144043294454,0.8978622436593332,1.133317309518972,0.8191237840224467,1.1290113604909335,1.42508288607068,0.6937,4.2425
000975.SZ,主板,银泰黄金,黄金,20221202,13.09,13.9767,14.45,14.82,14.8827,14.829,14.464,13.823,13.5688,13.1893,12.8243,12.1051,11.5289,10.9195,1.3679800965402853,1.7593777690262875,2.486837527542619,1.286113572467811,1.8178901387761413,1.8242367818767216,1.6586032526991936,1.7909248433840472,1.4134755885422707,1.28962425108122,1.3925090922939238,2.4099,1.4895
001696.SZ,主板,宗申动力,摩托车,20221202,6.51,6.4733,6.418,6.402,6.4233,6.4515,6.4943,6.4006,6.4975,6.568,6.6191,6.5061,6.3151,6.2196,1.046192769117767,1.0778156135704375,1.0444113118079827,1.030226594358263,0.998297199749061,0.9293629544230638,0.8904877406226439,0.7472731209157804,0.969007405958986,0.8643610497915135,0.7253483117287058,0.9399,0.7521
002021.SZ,中小板,ST中捷,纺织机械,20221202,2.1,2.09,2.07,2.075,2.0553,2.0405,1.9747,1.916,1.9402,1.9612,1.9559,1.9226,1.8837,1.8521,0.6760184473481936,0.6784956605593057,0.6062381526796484,1.003664416586307,0.8967775288643807,0.9664040673321752,0.9309620000298158,1.0580485424610993,0.8935033603308633,0.9275630227045722,1.054185567382936,0.8075,1.7237
002033.SZ,中小板,丽江股份,旅游景点,20221202,11.33,11.16,10.686,9.874,9.966,10.0325,9.6563,9.1686,9.1138,8.9504,8.8901,8.7232,8.2921,7.9028,0.7788701160800063,0.87870445977596,1.3505150571795197,1.128178423635525,1.7339412943156152,1.8423406039152013,1.8359100445321472,1.8331459655004845,1.5369388901518213,1.6273224217637274,1.6248723846297468,3.3191,1.276
002052.SZ,中小板,*ST同洲,家用电器,20221202,2.78,2.65,2.576,2.526,2.512,2.5085,2.482,2.4508,2.4448,2.4284,2.435,2.3822,2.2432,2.1292,1.0066676329902884,1.285730154028436,1.6518409285510418,1.2772141587677728,1.6409000095138428,1.7181351795586992,1.6043253299226794,1.7202486826138272,1.2847493102464085,1.2561130166850765,1.3468756753162558,1.7962,1.3934
002072.SZ,中小板,凯瑞德,商贸代理,20221202,8.08,8.1767,8.238,8.535,8.2707,8.0455,7.7583,7.2906,7.1248,6.9705,6.7833,6.5183,6.3207,6.0932,0.7467125043024622,0.6050882212396339,0.4983481387812511,0.8103362642960883,0.6673895721711272,0.8486260648252747,1.0918288850342546,1.5303019341606094,0.8235958349351005,1.347377543300113,1.888477662405904,0.7001,5.7644
002076.SZ,中小板,*ST雪莱,家用电器,20221202,2.44,2.4567,2.41,2.294,2.2933,2.303,2.2,2.1702,2.2133,2.2228,2.2642,2.2478,2.0846,1.9551,0.8499643992150462,0.8923365549229063,0.942255823221268,1.0498516829022384,1.1085826936886465,1.0468170819721605,1.1468050010281474,1.317587782172305,1.0559421980674932,1.0923495382299038,1.2550227842945676,1.1185,2.0254
002088.SZ,中小板,鲁阳节能,矿物制品,20221202,23.3,22.7867,22.584,22.517,22.4413,22.17,21.7823,22.4678,23.2233,23.6823,23.6617,23.0316,21.9464,20.709,0.9458492366412212,0.9382394699479414,0.980440641922801,0.9919545669663986,1.036571795949655,1.020663236320548,0.9545821995013036,0.75925523436934,1.0449791053633686,0.9623245169590908,0.7654133159458087,1.0942,0.7708
002155.SZ,中小板,湖南黄金,黄金,20221202,14.22,14.3767,14.44,14.618,14.7527,14.926,14.4993,13.8806,13.7057,13.5031,13.3174,12.8699,12.0971,11.9088,1.2907549830626754,1.3679772943688924,1.6778926838118564,1.0598272424430124,1.2999312075717029,1.3073981288941772,1.090967632443372,1.0710259476562405,1.226550097518937,1.0293825151432965,1.0105665383609257,1.5858,1.1068
002164.SZ,中小板,宁波东力,机械基件,20221202,6.8,6.98,6.95,6.971,6.662,6.4895,6.283,6.0836,6.1318,6.3359,6.4987,6.3511,6.0733,5.9249,0.8602440899481069,0.8567507271427384,0.6133420760803991,0.9959391028125758,0.7129860969081442,0.935638231872122,1.1460027427636277,1.3648985245297425,0.7158932658579626,1.1506755177372447,1.3704638372719868,0.5575,2.6021
002175.SZ,中小板,东方智造,电器仪表,20221202,4.06,4.0,3.982,3.9,3.8613,3.769,3.6693,3.5704,3.5687,3.594,3.5311,3.4028,3.3307,3.1714,0.9803671226198838,0.9607968932356896,0.9369711753655288,0.9800378562962256,0.9557350034970716,0.8260521902873563,1.00363477090401,1.225256729870828,0.9752021285269534,1.024077554204857,1.2502136749098014,0.9516,1.9349
002181.SZ,中小板,粤传媒,出版业,20221202,7.16,7.2867,7.302,7.125,6.3733,5.8655,5.2207,4.7582,4.6968,4.6452,4.5774,4.5134,4.4195,4.3423,1.0637328066559055,1.0794044665012408,1.1046262249286032,1.0147327033135347,1.0384433177362045,1.4057159084329776,1.7383218164138945,2.418327500119763,1.02336636470397,1.7130834659586045,2.383216281709353,1.0479,6.5993
002193.SZ,中小板,如意集团,纺织,20221202,7.12,6.7133,6.638,6.445,6.5307,6.416,6.2647,6.3764,6.476,6.5808,6.5744,6.4443,6.2792,6.2187,1.7102973409790332,1.6682359445253077,1.491901141198442,0.9754069684575152,0.8723051281506561,0.8196712386441588,0.9726657808654006,1.1651559878687088,0.8942986428834913,0.9971896985763292,1.1945331800440775,0.8088,2.4588
002209.SZ,中小板,达意隆,轻工机械,20221202,8.7,8.63,8.564,8.534,8.5393,8.56,8.5203,8.2306,8.3117,8.4309,8.4592,8.1679,7.8472,7.6976,0.8247656514700901,0.8767017215299289,0.7505530675012142,1.0629706995766206,0.9100197930932298,0.875197893963431,0.7644232256542081,0.6091942160606374,0.8561099505900671,0.7191385669978264,0.5731053699817674,0.7484,0.8621
002290.SZ,中小板,禾盛新材,家用电器,20221202,10.16,9.9933,9.712,9.115,8.9333,8.7855,8.518,8.2394,8.2175,8.2209,8.2856,8.0095,7.6954,7.5207,1.0310490892043933,0.9817448778528112,1.090681586330018,0.9521805393479108,1.0578367196576837,1.2483514646100469,1.3727095603930268,1.521575480746573,1.1109623395392332,1.4416484097995854,1.597990525818355,1.2496,1.5821
002318.SZ,中小板,久立特材,特种钢,20221202,16.96,17.12,17.266,17.398,17.2527,17.2975,17.298,16.8534,16.9498,17.0547,17.1542,16.8753,16.5876,16.2283,0.7961653308187963,0.7812596385170564,0.7309928863108379,0.9812781444698044,0.9181420717717846,0.8752487413914846,0.8962098057719121,0.7625656144387719,0.9356593509660476,0.913308638149833,0.777114642506172,0.8791,0.8988
002416.SZ,中小板,爱施德,电器连锁,20221202,10.21,10.2533,10.046,9.963,10.06,10.151,10.1013,9.6474,9.6332,9.7231,9.575,9.4206,9.1402,9.015,0.7939595146458267,0.8869633714060655,0.9616021008358508,1.1171392936851778,1.2111475246503052,1.1479905022732484,0.9584067195751552,0.9501915067055262,1.0841508588020536,0.8579115648269773,0.8505577702589526,1.1838,1.3275
002426.SZ,中小板,胜利精密,元器件,20221202,2.86,2.9533,2.86,2.74,2.6827,2.666,2.611,2.629,2.6373,2.6507,2.6183,2.5355,2.3919,2.3173,0.6028403774597626,0.7448656225242244,1.0563206645518135,1.2355934512265505,1.752239405401008,2.2605008214398525,2.5273043235970203,3.115866694992248,1.4181358792907106,2.0454173831110976,2.5217572105931647,2.4372,2.0025
002430.SZ,中小板,杭氧股份,化工机械,20221202,40.04,40.6467,40.94,41.524,40.9533,40.4625,41.1017,39.1872,38.7947,38.5868,38.6299,37.3207,35.5565,33.4006,0.6381197329539237,0.5931634365939265,0.6425855513307984,0.929548807162114,1.0069984019397145,0.8324677927804808,0.8303344238458744,0.7513022599915307,1.0833195569515623,0.8932660850599784,0.8082440149487524,1.1818,1.0094
002523.SZ,中小板,天桥起重,工程机械,20221202,3.26,3.3233,3.216,3.135,3.0987,3.0825,3.029,3.0112,3.0572,3.1105,3.1768,3.1229,2.9994,2.9519,0.6523739760229454,0.9149471856460716,1.1530984780238016,1.402488785993344,1.767542116031993,2.099771231824195,2.331459525510485,2.618791158119227,1.2602896605551763,1.6623730248646351,1.8672457022637865,1.7038,1.6547
002535.SZ,中小板,ST林重,工程机械,20221202,2.68,2.73,2.708,2.618,2.538,2.4805,2.384,2.2556,2.2485,2.2429,2.2301,2.1137,2.0249,1.9368,0.910554332112893,0.9524485841837276,0.935812949880032,1.046009612598977,1.0277398249355727,1.1537322459566297,1.2707135606787312,1.4735161467245188,0.9825338243135164,1.2148201559270966,1.4087022996503196,0.9657,1.6431
002550.SZ,中小板,千红制药,生物制药,20221202,6.18,6.2267,6.188,6.16,6.1447,6.098,6.019,5.852,5.8487,5.7647,5.7348,5.7252,5.7354,5.664,0.5260836829084651,0.6543384539230539,0.6936752306459504,1.2437915776165678,1.3185644284022493,1.3721648457476838,1.4356153278225752,1.6505003029112768,1.0601168653424764,1.1542249952951058,1.3269910591242868,1.1279,1.8756
002554.SZ,中小板,惠博普,石油开采,20221202,4.04,3.9833,3.938,3.876,3.8647,3.865,3.8147,3.849,3.938,3.9727,3.9084,3.7905,3.6714,3.6324,1.0874576580927704,1.2531419365610854,1.3137272062806464,1.1523592916333858,1.2080720536602017,1.3850675190696848,1.4342071946715564,1.5479998464295888,1.0483466939793118,1.2445833561498618,1.3433309018018254,1.1016,0.8031
002564.SZ,中小板,天沃科技,建筑工程,20221202,5.66,5.4833,5.556,5.403,5.242,5.112,4.926,4.8516,4.9432,5.0896,5.1691,5.0323,4.8259,4.7589,1.2535996870386028,1.0016354631325066,1.2205262789300444,0.7990074291568189,0.9736172492299452,1.115300601822921,1.320140205443623,1.703886710014794,1.2185334124582414,1.6522251949981843,2.1325042144012123,1.5593,3.3589
002633.SZ,中小板,申科股份,机械基件,20221202,10.5,10.09,9.992,10.064,10.068,9.9955,9.799,9.6606,9.6913,9.9488,10.0443,9.8604,9.5362,9.4178,2.4115128207730008,3.3824496383525613,4.547380143277002,1.402625608794537,1.8856960262062208,2.0495079567101726,2.220885122474205,2.4644527244992367,1.3444043901542984,1.5833769956495432,1.757028182750256,2.0507,1.3103
002667.SZ,中小板,鞍重股份,工程机械,20221202,28.45,27.99,28.192,28.019,27.2953,27.247,26.3637,25.9608,25.9797,26.4932,26.4542,25.2461,24.156,23.0941,1.3162333498380645,1.4851980282355786,1.280749892188781,1.1283698505423083,0.9730416664692102,1.1612389363848017,1.0462790159472264,1.2296128322006714,0.8623428444153788,0.927248291368625,1.0897249971804053,0.758,2.0925
002683.SZ,中小板,广东宏大,化工原料,20221202,29.76,29.7067,29.34,28.248,28.1627,28.168,28.0477,27.8634,28.29,29.1532,29.4483,29.0549,27.4664,26.9361,0.7669036665272548,0.4961532564285263,0.7847304940763618,0.6469564276243992,1.0232451979657775,1.194736695999778,1.314115335467649,1.4367023744746483,1.5816292323164598,2.0312269564938603,2.2207096384375804,3.7804,1.3825
002698.SZ,中小板,博实股份,化工机械,20221202,15.02,14.8767,14.894,15.385,15.366,15.363,15.38,15.1738,15.2853,15.3959,15.137,14.2793,13.5011,12.8121,1.1372342966324338,1.0689943155796224,0.976918815781375,0.939994791526352,0.8590303850967356,0.827568486381784,0.8337764077319966,0.7990915510429987,0.9138671754785498,0.8870010932487409,0.8501021050823521,0.8414,0.9946
002728.SZ,中小板,特一药业,中成药,20221202,31.73,34.1833,33.064,31.227,28.7553,25.893,21.6777,17.7358,16.8058,15.9717,15.4821,15.1667,14.7069,14.679,0.7965040518062703,0.8564502853146138,0.9484474489978147,1.0752616805556738,1.1907628678686255,1.1994812361921507,1.3218597487430903,1.7319919923701963,1.1074168171354,1.229337725547868,1.610763243673984,1.2407,5.594
002788.SZ,中小板,鹭燕医药,医药商业,20221202,9.71,9.5233,9.448,9.28,9.3247,9.2485,9.0793,8.6524,8.5717,8.4436,8.3338,8.2455,8.1107,8.0744,0.933516177290194,1.1152013175876931,1.4618075252691125,1.1946245225496723,1.5659155790020052,1.6703714168587096,1.737681061539579,1.9303129706733904,1.3108014689501692,1.4545834517366745,1.6158323676074784,1.9019,1.5679
002790.SZ,中小板,瑞尔特,家居用品,20221202,9.35,9.2567,9.178,8.929,8.8387,8.6785,8.519,8.1734,8.1972,8.2985,8.377,8.1541,7.7628,7.6274,0.6322222682290589,0.6978708467250968,0.8171469856305692,1.1038378143179433,1.2924995317224586,1.174661818408207,1.4456266367377475,1.546348846977349,1.170914345347997,1.309636812570146,1.4008841035517807,1.4123,1.9427
002795.SZ,中小板,永和智控,机械基件,20221202,9.96,10.1633,10.37,10.009,9.444,9.129,8.9097,8.6914,8.594,8.6021,8.601,8.4479,8.2834,8.2645,0.6596828432875772,0.4867427685213521,0.7401355641025416,0.7378436069303156,1.1219566669553245,1.4166316921060575,1.6624920098256188,1.6502114688054563,1.5205887215355185,2.253176681630624,2.236532855073321,3.1718,0.6954
002799.SZ,中小板,环球印务,广告包装,20221202,15.09,14.7067,14.738,14.376,14.2227,14.174,13.8403,14.0682,14.1962,13.7971,13.5532,12.9616,12.445,12.3877,1.709763117113128,1.7673496848840455,2.1748986896538125,1.0336810211862275,1.2720467928481514,1.526137254371976,1.6647532630748736,1.9208008085195047,1.2305989631002232,1.6105096533207537,1.8582142548338945,1.5994,1.384
002843.SZ,中小板,泰嘉股份,钢加工,20221202,23.88,23.6333,23.214,23.317,22.9393,22.8115,22.897,20.9592,20.6478,20.6859,20.5362,19.1506,17.0157,15.2323,0.7910626241813231,0.9843417347709637,1.068146871126325,1.2443284572945998,1.350268409194226,1.2978801640855195,1.2000083891969218,0.9827701234700342,1.0851382537131389,0.9643823398574056,0.789799604524643,1.1861,0.761
002849.SZ,中小板,威星智能,电器仪表,20221202,20.68,19.8433,19.472,18.757,18.472,18.4505,17.58,16.3416,15.8215,15.2395,14.7931,14.0418,13.4517,13.4393,0.8795758631892963,0.996130518727246,1.4921428979433542,1.1325123396580352,1.6964345662384617,1.917756852651565,1.7511411096887648,1.3982326029336574,1.49793914541426,1.5462446177120914,1.23462902254633,2.9836,0.6899
002877.SZ,中小板,智能自控,机械基件,20221202,7.62,7.62,7.664,7.652,7.6113,7.558,7.5227,7.2354,7.2545,7.384,7.3091,7.0705,6.8279,6.8127,0.7438085767218832,0.6000428590267705,0.5066136314292237,0.806716778759506,0.6811075420264361,0.8400949409823235,1.0140049347927058,1.1026444058911449,0.8442957428922948,1.2569528259371874,1.3668296419800376,0.7305,1.449
002890.SZ,中小板,弘宇股份,农用机械,20221202,19.51,19.2333,19.026,19.124,19.086,19.2505,18.8583,18.298,18.6918,19.342,19.2697,18.4494,17.6202,17.3378,1.1067676861578508,1.1010306990164662,1.1916433327578055,0.9948164486430748,1.076687861112571,1.100043973125262,0.924501282179372,0.8588063174996656,1.082298008422728,0.9293184521027849,0.8632811798307855,1.1794,1.0536
002905.SZ,中小板,金逸影视,影视音像,20221202,9.6,9.1767,8.83,8.377,8.3653,8.2115,7.7513,7.6116,7.7533,7.6913,7.6371,7.609,7.4377,7.4196,0.988194266217787,1.2120589280952805,1.7664846397040073,1.2265391224483753,1.7875884328544502,1.9803131656638893,2.1120101265782427,2.348667508190677,1.4574247165358474,1.721926425275633,1.91487370048364,2.6861,1.406
002911.SZ,中小板,佛燃能源,供气供热,20221202,14.35,14.3733,13.588,12.654,12.412,12.399,12.1387,12.25,12.5588,12.9137,13.2277,12.2302,11.5344,11.0491,1.1222019445072515,1.4407860359799944,2.392556284960204,1.283891943898413,2.132019371977433,2.5221181262729124,2.7955685736699234,3.218952506959806,1.6605909727136092,2.177417334033151,2.507183351572228,4.8926,1.3154
300071.SZ,创业板,福石控股,广告包装,20221202,4.32,4.4267,4.462,4.506,4.7447,4.4435,3.9483,3.5486,3.4585,3.4155,3.4014,3.3644,3.296,3.1342,0.9886210578684884,0.9656020223856184,0.9083839310427296,0.9767160174268388,0.9188393508441406,0.7154692187450485,0.7961045351494457,1.1472103123781945,0.9407436086333728,0.815082911455456,1.174558717077788,0.8881,12.1275
300140.SZ,创业板,中环装备,环境保护,20221202,7.84,7.6267,7.692,7.641,7.4167,7.359,7.095,6.9126,6.942,7.0493,7.0723,7.052,6.8423,6.8232,1.045541706615532,0.9580953836163264,0.7847213748697683,0.9163626640181828,0.7505404805035931,1.008431268417564,1.1128494470893182,1.3422284308029735,0.8190430601051862,1.2144203280931976,1.4647349608477072,0.6935,2.5723
300174.SZ,创业板,元力股份,化工原料,20221202,26.28,25.2433,24.652,23.354,22.14,22.019,21.08,19.1422,18.7148,18.8339,18.6771,17.839,17.0764,16.2862,1.1019621562607442,1.1715873192992448,1.1279937762794747,1.0631828984715388,1.0236229709621452,1.2056359537488182,1.1999633758094328,1.4442961509712735,0.962791042287958,1.1286518787449773,1.3584644307650489,0.9283,2.0013
300515.SZ,创业板,三德科技,电器仪表,20221202,14.57,14.5733,14.68,15.258,14.5753,13.8475,13.13,11.7508,11.65,11.5531,11.4518,11.1067,10.7164,10.6975,1.1055515981525312,0.923632908111844,0.6382360607851447,0.8354498421017268,0.5773010159378272,0.6029458015193142,0.7528483300983637,0.8365209769374788,0.691006194322236,0.9011292984441008,1.0012821054978684,0.5279,1.7963
300554.SZ,创业板,三超新材,矿物制品,20221202,29.5,28.6833,28.356,28.727,28.306,27.055,24.7623,23.034,23.1945,24.6529,24.6864,22.4928,20.7087,19.6573,1.2382067771105718,1.2284099103159225,0.9999231912983766,0.9920878588489792,0.8075575176803313,0.591018974894789,0.5552249534770625,0.6145441147518911,0.8139979846313813,0.5596530070645505,0.6194452530291878,0.6863,1.8914
300587.SZ,创业板,天铁股份,橡胶,20221202,12.79,12.7667,12.718,12.606,12.53,12.668,12.1347,11.834,11.7915,11.9945,12.3707,12.3232,11.5874,11.4135,0.7630205698261033,0.7994602110084241,0.7429630693094392,1.047757088895553,0.9737130277873958,0.9179925423638848,0.7839677523723072,0.7735798208820366,0.9293308898666508,0.748234262197827,0.7383198158052756,0.868,1.2323
300700.SZ,创业板,岱勒新材,矿物制品,20221202,38.76,37.8133,37.55,38.244,37.5787,37.57,36.746,34.6026,34.563,34.9111,34.9842,33.9018,31.1936,28.3175,1.2908847184986594,1.4044434149825311,1.1269321713630778,1.08796966518896,0.8729921078264342,0.953865535947651,0.9233122790540638,0.7793372990511773,0.8024048241039992,0.8486562710309592,0.7163226365468758,0.67,0.7598
300716.SZ,创业板,国立科技,塑料,20221202,18.6,17.6667,17.066,16.455,15.396,14.6595,13.589,11.957,11.5067,11.1765,10.8757,10.4316,10.1853,10.0607,1.0610367722512557,1.08418537406463,0.9637176556422484,1.02181696470732,0.9082792235348072,1.0935868480331283,1.1230129156902724,1.3925089794491157,0.8888864198833951,1.099035301309504,1.3627773148667317,0.8,2.0688
300839.SZ,创业板,博汇股份,石油加工,20221202,20.6,19.4033,19.09,18.337,18.0927,17.7705,16.8323,15.4058,15.1812,15.0363,14.8859,14.5563,14.2365,14.145,1.4760025883429873,1.3570091559412043,1.8573664287388236,0.91938128473381,1.2583761325405052,1.2378467225060792,1.138392656620845,1.1604685024588133,1.368720631402503,1.238216043249614,1.2622276760776197,2.1682,1.4057
300986.SZ,创业板,志特新材,铝,20221202,39.25,39.2733,38.758,36.72,36.2847,35.231,34.607,34.6844,35.0643,35.086,34.7953,33.9049,31.8679,31.515,0.638543800627737,0.4741787182729426,0.6101881211324446,0.7425938797100357,0.955593211511228,0.947757299175809,0.9304358964606556,1.015036589925752,1.2868315207288854,1.2529538983326494,1.3668798217433444,1.8044,1.3281
301035.SZ,创业板,润丰股份,农药化肥,20221202,91.4,92.5267,92.062,89.715,89.524,89.68,91.3583,94.4198,95.9172,94.1744,91.0737,87.1063,84.0112,80.3921,0.5987109216402761,0.5371159554899926,0.7581278477189329,0.8971206905971699,1.26626694171856,1.3027610282450015,1.233570084798553,1.0898531485937113,1.4114789180435323,1.375032476374416,1.2148344810420644,2.3983,0.8813
301073.SZ,创业板,君亭酒店,酒店餐饮,20221202,72.28,74.4333,75.374,71.314,71.344,72.705,72.4343,69.584,67.8803,65.764,65.3212,63.7748,60.9956,55.4521,0.7605774016923842,0.7210517540244565,1.014219875966042,0.9480320509392234,1.3334867348270805,1.269175208089702,1.1972039418143388,1.2150050196822617,1.4065840216119103,1.262830661292789,1.2816075347648277,2.3703,1.1833
600004.SH,主板,白云机场,机场,20221202,14.22,14.3967,14.314,13.928,14.0567,14.4075,14.4667,14.3084,14.1928,14.01,13.8966,13.7322,13.352,13.2503,0.5788905230260135,0.5501395495105941,0.7221486437675225,0.9503343510183402,1.2474701433919857,1.1322561340514663,1.112598291319427,1.1244270114675223,1.3126644765131836,1.170744054581644,1.1831909582797164,1.9098,1.3799
600028.SH,主板,中国石化,石油加工,20221202,4.5,4.5133,4.496,4.431,4.3827,4.3555,4.308,4.3032,4.2887,4.2381,4.1899,4.1294,4.0823,4.0239,0.7962555066079295,0.712806861875185,0.6124912637397548,0.8951986591738146,0.7692144778363725,0.8927781328351604,0.9774476559556486,0.8827532568539762,0.8592667895037803,1.0918779266914254,0.9860976083997663,0.7533,0.8598
600084.SH,主板,中葡股份,红黄酒,20221202,7.38,7.38,7.36,7.35,7.2767,7.2185,7.067,6.953,7.0292,7.0412,6.96,6.6898,6.4514,5.9724,0.8507785077850778,0.6367972191908169,0.6500526066057392,0.748487665548415,0.7640679691099512,0.8822455137367,0.848501510135664,0.9144253876287984,1.0208157118395806,1.1336212327747166,1.2216973368008692,1.0425,1.2647
600130.SH,主板,波导股份,通信设备,20221202,4.69,4.5433,4.312,4.328,4.212,4.1265,3.9953,3.903,4.0087,4.0301,4.034,3.9808,3.8588,3.8556,0.9198056079687568,1.2558007872175991,1.199230737544539,1.365289335418202,1.3037871558457312,1.72464811169611,2.13751362677834,2.735214460905661,0.9549530066799856,1.5656121902714473,2.003395463473563,0.9138,2.5315
600149.SH,主板,廊坊发展,综合类,20221202,7.22,6.83,6.784,6.651,6.5973,6.387,6.147,6.1184,6.0545,6.0003,5.9918,6.01,5.8471,5.7421,1.2550642372771192,1.2698767607949388,1.6304336353983946,1.011802203487174,1.29908381337966,1.098143431707146,1.285503963326221,1.487134132687664,1.283930603138015,1.2705091557378847,1.4697874026783686,1.793,1.0312
600150.SH,主板,中国船舶,船舶,20221202,23.61,24.5367,24.946,25.357,25.2693,25.397,25.75,25.1808,25.427,25.6009,25.187,23.7803,22.4226,21.5922,1.4368418544813455,1.5226568101715798,1.6315521793706442,1.0597247048605851,1.1355127039778383,1.1906616993513492,1.1955032626125397,1.1625558095477255,1.0715166861446563,1.1281262549879094,1.0970356774882102,1.1541,0.8825
600213.SH,主板,亚星客车,汽车整车,20221202,9.5,9.5633,9.142,8.883,8.9407,9.0105,8.86,9.0876,9.088,8.9964,8.9621,9.1013,8.8132,8.4827,0.6317816993520857,0.9572801687697036,1.5041496995580277,1.5152071827205948,2.380806061809935,2.6805148030932915,2.744048002327616,2.3957657173226945,1.5712742712419925,1.81100514412861,1.5811472811401497,3.665,0.7816
600302.SH,主板,标准股份,纺织机械,20221202,5.97,5.95,5.992,6.548,6.276,6.0425,5.7387,5.4112,5.4415,5.4585,5.4426,5.3347,5.1908,5.18,0.7529438194626947,0.5977455449982435,0.4640233222442957,0.7938780152612162,0.6162788115790971,0.757622857847526,0.9851978942009928,1.4157294200813004,0.7762890516325961,1.2409940510530764,1.7833085094508778,0.6344,12.174
600387.SH,主板,海越能源,石油贸易,20221202,8.55,8.7567,8.848,9.686,9.606,9.3895,9.084,8.6448,8.5123,8.2925,7.9364,7.5215,7.1879,7.0071,0.9227394649392684,0.8999848560240573,0.9159341721241894,0.975340158538999,0.9926249032650544,1.1603462607574957,1.4102525112532476,1.783845016973892,1.0177217605311637,1.4459083827387167,1.8289465489106744,1.0361,2.7854
600557.SH,主板,康缘药业,中成药,20221202,24.0,24.6333,24.778,24.698,23.35,22.303,21.1427,18.3318,17.4577,16.6605,16.256,15.845,15.426,14.8142,0.8549858028677323,0.8027616655703722,0.7226672677865891,0.9389181234095424,0.8452389096551898,1.006926847255759,1.204255923158393,1.4570418124125195,0.9002264293140168,1.2825995080223984,1.5518305335522629,0.8186,1.9379
600583.SH,主板,海油工程,石油开采,20221202,5.74,5.72,5.676,5.578,5.5287,5.467,5.247,4.9552,4.9082,4.8081,4.7038,4.5802,4.4976,4.479,0.6101631116687578,0.6317717670901863,0.6574109122370627,1.0354145555642165,1.077434705023523,1.0412130502186068,1.02520565213756,0.8839971014064096,1.0405829232682635,0.9901402743743608,0.8537615167334626,1.0846,0.9506
600600.SH,主板,青岛啤酒,啤酒,20221202,103.0,102.9667,100.944,97.818,98.2447,98.462,95.8327,98.349,98.5332,99.7107,100.2569,99.056,96.3184,93.9125,0.7157658919070288,0.6753462933238213,0.8443167178674067,0.9435295827305816,1.1795989825917486,1.2428434699382236,1.2363888167575523,1.045210245753193,1.2501981964126452,1.3103869124902623,1.107766269212617,1.6674,0.8193
600601.SH,主板,*ST方科,元器件,20221202,2.88,2.9033,2.874,2.746,2.68,2.655,2.6123,2.5674,2.5682,2.572,2.5599,2.5268,2.5033,2.4945,0.6453941574890466,0.5282885884538988,0.78014240319185,0.8185518606323373,1.2087844213326184,1.5192522413599454,1.7415646836182423,1.8996135966080765,1.4767352924942638,2.1276167917728155,2.3207003587293915,2.8222,1.7489
600644.SH,主板,乐山电力,水力发电,20221202,8.11,8.0633,8.018,8.087,7.9467,7.8515,7.5567,7.2654,7.2842,7.4477,7.3163,7.0951,6.857,6.6974,0.8181475785443018,0.8795780778652847,0.608917925025798,1.0750848635771604,0.7442641657746173,0.7835542390158908,0.7040922141800738,0.7431579021026324,0.6922841079709802,0.6549178004770041,0.6912551067177173,0.5294,1.572
600685.SH,主板,中船防务,船舶,20221202,22.89,23.5167,23.978,24.434,24.714,24.97,25.5613,24.3668,24.031,23.6819,23.3147,21.726,20.4161,19.7584,1.2766796420807849,1.317969031328772,1.371903520208605,1.0323412294572916,1.074587136027814,0.980509759990483,0.9023026255770248,0.7130163971062659,1.0409224250325944,0.8740352509715912,0.6906789894278496,1.0853,0.7152
600760.SH,主板,中航沈飞,航空,20221202,61.88,62.2767,63.244,64.193,64.7387,65.1405,66.8783,66.107,65.7662,65.1832,64.7364,63.3448,61.3924,59.5862,0.6178037027643926,0.7384951191414539,0.8492243332752312,1.195355605408355,1.3745860205682416,1.3660457542757505,1.3548664204106176,1.248845274732236,1.1499389925047938,1.133442144145692,1.0447479135764022,1.3528,0.956
600766.SH,主板,园城黄金,黄金,20221202,16.7,15.4533,14.848,14.115,14.0707,14.2175,14.1567,14.0916,13.5725,13.2056,12.6172,11.5597,10.6583,9.4522,1.4770711367884974,2.0080635040160644,2.877341737437677,1.359490043507363,1.9480048494439477,2.02337664763494,2.1491770848575182,2.0967963080357648,1.4328937962783963,1.580870043970924,1.542340319482015,2.5267,0.8152
600778.SH,主板,友好集团,百货,20221202,7.15,7.24,7.244,6.902,6.8487,6.7735,6.664,6.742,6.9373,7.1439,7.105,6.9164,6.7106,6.2478,0.7273253461607625,0.6110646856365878,1.0351852118454965,0.8401531568535804,1.4232766908369048,1.9653909532287492,2.4924872558226827,3.230914758914192,1.6940681341568171,2.9667058148744974,3.8456259225569593,5.5374,3.0817
600790.SH,主板,轻纺城,商品城,20221202,4.34,4.31,4.3,4.242,4.196,4.152,4.09,3.948,3.9225,3.8655,3.8012,3.7543,3.7266,3.6799,0.7670915411355737,0.7190702052934574,0.8101740895230132,0.9373981679278756,1.0561635034114203,0.967892680677662,0.8810880024503027,0.8584834233228514,1.1266967864318278,0.9399292985583204,0.9158151281867069,1.2902,0.8702
600941.SH,主板,中国移动,电信运营,20221202,72.44,73.3867,72.722,70.855,69.0007,68.3335,68.0727,68.0636,67.3704,66.3016,64.9426,63.5094,63.1178,62.4149,0.5897121229498796,0.6825295687149059,0.6860100225748091,1.157394501745583,1.1632964558083434,1.3275090819952682,1.4732432895956311,1.5695797832219316,1.0050993451704318,1.2728963956314678,1.3561320542431217,1.0103,1.167
600962.SH,主板,国投中鲁,软饮料,20221202,12.73,12.78,12.668,12.651,12.3247,12.144,11.781,11.2096,11.2377,11.3947,11.4332,11.3039,11.0355,10.7077,0.7981002192054761,0.8118501247916878,0.5991915692218854,1.01722829446144,0.7507723401183775,0.9159275514445332,1.0868274985789284,1.1831322998803355,0.7380568788797459,1.068420436687063,1.163094171015693,0.5849,1.3687
600971.SH,主板,恒源煤电,煤炭开采,20221202,8.16,8.29,8.334,8.284,8.3467,8.34,8.2457,8.142,8.1233,8.0993,7.9633,7.8998,7.7683,7.5747,0.8237095623215984,0.9814014453733882,1.1168537966901169,1.191441122289925,1.3558830050998814,1.323014547180648,1.3519260685530066,1.319264111716942,1.1380193110121148,1.134698176234368,1.1072843525673717,1.3202,0.8225
601021.SH,主板,春秋航空,空运,20221202,55.5,55.65,54.792,52.032,52.1473,52.827,52.955,52.5756,51.9317,51.3589,51.2872,51.4314,50.342,50.2669,0.6396142843960506,0.5593753782835008,0.66002970919271,0.8745511035790663,1.0319183378087566,0.9774334367558988,1.0094193533363605,1.0712096949568035,1.1799405816145805,1.154214258269587,1.2248680386691182,1.4388,1.484
601028.SH,主板,玉龙股份,商贸代理,20221202,25.36,24.55,24.31,24.244,24.186,24.3431,24.2476,23.9276,23.9712,23.1269,22.288,21.273,20.8097,20.4951,1.6108488091490925,2.029370555423375,2.181226646966059,1.2598144182726625,1.3540852714279623,1.404329931337977,1.476301115241636,1.3260029772808428,1.0748291587935273,1.171840148698885,1.0525383406064934,1.1618,0.7633
601111.SH,主板,中国国航,空运,20221202,10.03,10.2,10.102,9.779,9.8173,10.078,10.1503,10.2718,10.2787,10.2464,10.1721,10.1967,9.9825,9.9404,0.6276934378060725,0.6233434650455927,0.8491503527775017,0.9930699088145896,1.3528106263870945,1.265807091495165,1.218649757553152,1.2661799128803737,1.3622511510815198,1.2271540469973892,1.275015889255763,2.136,1.3136
601319.SH,主板,中国人保,保险,20221202,5.3,5.3433,5.366,5.283,5.194,5.1335,5.0553,5.0544,5.067,5.0025,4.9404,4.9169,4.8181,4.7262,0.7963363863447128,0.6752520545623993,0.6465744534133776,0.8479482617413651,0.8119363431090197,0.9153684338892104,0.9994840298929776,1.1101662014013425,0.957530523668519,1.1787087431966845,1.309238135734226,0.9185,1.4174
601628.SH,主板,中国人寿,保险,20221202,35.3,35.6767,35.236,33.917,33.3487,32.5735,31.0463,30.9622,30.9402,30.4127,29.8829,29.6243,28.585,28.1334,0.8260869565217391,0.8114218723831854,0.9507456828885402,0.982247529727014,1.1509026687598118,1.2581337146943157,1.4288324502101224,1.5313982331694158,1.171703296703297,1.4546561909982336,1.5590756777927677,1.4146,1.2452
601890.SH,主板,亚星锚链,船舶,20221202,9.32,9.47,9.466,9.507,9.5193,9.6045,9.5947,9.0006,8.9755,9.0821,9.2022,8.8767,8.4603,8.3231,0.9415176476721756,0.8829979170944937,0.7675780440610646,0.93784531737417,0.8152561409325015,0.7606391732544975,0.667518421704006,0.612797307410611,0.8692863586663733,0.7117574821111866,0.6534097852366038,0.7688,0.9508
601958.SH,主板,金钼股份,小金属,20221202,10.19,10.02,10.052,9.984,9.9207,9.891,9.5023,9.1082,8.9668,8.8703,8.7912,8.8023,8.535,8.1285,0.9245892869084504,1.0380815088446405,1.1778235905474248,1.1227487961878446,1.2738884250819236,1.1768239577758892,0.9653879757431773,1.0501809567061664,1.1346157122655174,0.8598432516882079,0.9353659164649534,1.3111,1.0761
603031.SH,主板,安孚科技,超市连锁,20221202,49.81,49.0667,48.728,49.224,48.5767,47.9315,46.3077,45.3122,45.717,47.1008,46.7581,45.5338,44.6595,43.9777,1.4389509470616804,1.1943691950464397,0.9533462685702702,0.8300277347781218,0.6625286779351244,0.7318442902638762,0.6765104022920528,0.6052322163433276,0.7982006506231116,0.8150455387769587,0.7291710758377427,0.6642,0.6461
603136.SH,主板,天目湖,旅游景点,20221202,30.01,30.3033,29.8,28.19,28.074,28.6405,28.6393,27.5556,27.0213,26.4155,25.8539,25.8866,25.4649,24.4482,0.5971454355883048,0.6021905549547256,0.8593421973407976,1.0084487280078602,1.4390835902382435,1.4224024047976311,1.3645645774898791,1.5000801739116725,1.4270270270270269,1.3531323304710867,1.48751258467548,2.4906,1.6075
603203.SH,主板,快克股份,专用机械,20221202,29.47,30.1533,30.094,29.472,28.5373,27.895,27.2753,25.8162,25.6737,25.9165,25.85,25.4289,24.5069,24.261,0.9741490843949044,1.1145555783288927,1.065474732631235,1.1441324497278589,1.0937491495904426,1.2703951652158518,1.5060629224935171,1.6506361553056743,0.955963752143032,1.3163361661945228,1.4426967399607378,0.9156,1.8739
603289.SH,主板,泰瑞机器,专用机械,20221202,11.96,11.91,11.308,10.856,10.7093,10.688,10.5107,10.0462,10.1043,10.5255,10.7048,10.3262,9.953,9.7626,0.9446230815891608,1.414478284983964,2.4215565055309343,1.4973996640060447,2.5635161290544533,3.4736049137318585,4.101498813828939,4.578499214129207,1.7119785656931368,2.73908089631599,3.0576333921968373,5.9439,2.0006
603311.SH,主板,金海高科,家用电器,20221202,15.26,14.5933,14.25,14.357,14.388,14.422,14.1397,13.5364,13.6942,13.7525,13.9548,13.6694,13.041,12.7552,1.1104184799228436,1.4581145363563357,1.9035272010226345,1.3131216408228827,1.714243085323021,2.010648159826451,2.1298309602300622,2.2404476222265166,1.305471657788513,1.621960139881161,1.7061996029724362,1.8797,1.3089
603619.SH,主板,中曼石油,石油开采,20221202,20.32,20.03,19.78,19.657,19.862,20.423,20.3662,20.7712,21.066,21.0626,20.7961,20.5797,19.8759,18.8153,1.1400137020877654,1.362171477811288,1.3920271924340224,1.1948728996122362,1.2210618081911928,1.221416743006131,1.1510812269123816,1.1484674263391472,1.021917735842411,0.963350350724277,0.9611628372455776,1.0448,0.9545
603689.SH,主板,皖天然气,供气供热,20221202,9.59,9.38,8.998,8.571,8.4013,8.285,8.012,7.8132,7.8472,7.8743,7.8257,7.6847,7.5422,7.3818,1.0235505061890855,1.3519122504518355,2.08744715384566,1.3208065867558567,2.039417831580883,2.399679437178242,2.8795986596827654,3.105244135919043,1.5440700039133417,2.1801819347036937,2.351021085945742,3.3866,1.5567
603766.SH,主板,隆鑫通用,摩托车,20221202,5.21,5.2667,5.292,5.394,5.4953,5.574,5.5083,5.295,5.2665,5.2048,5.1597,5.0482,4.923,4.8237,0.865795039415497,0.9048709910778876,0.7899029943691124,1.0451330278916486,0.9123440980932164,0.8540229885057472,0.691443043359767,0.5926772846924938,0.8729454277544861,0.6615837648482108,0.5670831070070613,0.7745,0.8431
603787.SH,主板,新日股份,摩托车,20221202,20.41,20.2833,20.276,20.423,20.4973,20.919,21.593,21.3912,21.6313,21.7579,21.3408,19.9472,18.6192,17.4301,1.0352225424271535,1.002770827733091,0.9861517813567596,0.9686524265420484,0.9525988286969256,0.9362321543965306,0.8380030679373711,0.7458227082277455,0.9834268748983244,0.8651225609674289,0.7699590563048778,0.9674,0.684
603810.SH,主板,丰山集团,农药化肥,20221202,21.2,20.3033,20.116,19.401,18.6873,18.2015,17.3723,16.7934,16.4398,15.9601,15.578,14.9547,14.4117,14.2346,1.0928380386329868,1.1699392983036614,1.1446212786846757,1.0705514055560503,1.047384185232483,1.2506194251734388,1.42330067989723,1.6199216550732551,0.9783595442467014,1.329502415774196,1.513165688883346,0.9576,1.4764
603823.SH,主板,百合花,染料涂料,20221202,17.04,16.53,16.286,16.465,16.3867,16.4145,16.01,15.6928,15.9165,16.0283,15.903,15.1208,14.4497,14.1924,1.211635852090032,1.5001343604442852,1.7450765864332605,1.238106612524384,1.4402648975953134,1.480379615029899,1.4354536275782486,1.3228905797217037,1.1632801917265811,1.1593942016443093,1.068478729004163,1.3903,0.9086
603863.SH,主板,松炀资源,造纸,20221202,13.14,12.9867,12.932,12.684,12.5627,12.4865,11.92,11.048,10.943,10.7643,10.5269,10.027,9.5342,9.4321,0.9164139499620926,0.9152392953914884,1.0645692968715597,0.9987182052710428,1.161668585376287,1.279964141226268,1.0819425280284984,1.1396268101743134,1.1631595171142606,1.0833311361685547,1.1410894526199509,1.3899,1.2936
605008.SH,主板,长鸿高科,橡胶,20221202,18.21,18.1867,18.154,17.979,17.466,17.328,17.0803,16.5488,16.5205,16.6295,16.7793,16.2712,15.2305,14.4807,0.8048997277929005,0.6350980546861987,0.596103051896224,0.7890399670374948,0.7405929351358911,0.9892652365861254,1.1344036046823058,1.3356631941352803,0.938600027976401,1.4377010697461914,1.6927700115751048,0.8843,1.785
605108.SH,主板,同庆楼,酒店餐饮,20221202,33.04,33.1067,32.994,31.676,31.5173,31.648,31.062,28.963,28.3335,26.9739,25.8967,24.3284,23.0435,21.6707,0.7921264724116551,0.7648991160614284,1.0488456854246515,0.9656275136628976,1.3240886675979988,1.2398987004928006,1.200987160951097,1.0185459987497083,1.3712209406454847,1.243737511574638,1.0548021719949507,2.1808,0.881
605198.SH,主板,安德利,软饮料,20221202,22.83,21.1033,20.526,19.622,19.4953,19.2645,18.9307,21.0252,21.4358,21.9653,21.8879,20.9814,20.1542,19.2565,1.3805689452440058,1.6640062060837526,2.423921940760165,1.2053046766089983,1.755741318903674,1.8649843031845048,2.1540671947150725,2.27324524450044,1.4566784257763543,1.787155759467656,1.8860337046861733,2.6811,0.7438
605259.SH,主板,绿田机械,农用机械,20221202,35.57,35.0333,34.862,34.958,34.2273,33.5825,33.7027,33.5244,33.3143,33.0861,32.5786,31.3335,30.2285,29.8461,1.3603444984196345,1.0890453531143969,0.7918210105200771,0.8005658525319015,0.5820738874895047,0.4713628637136287,0.4981507312536986,0.4908567632462917,0.7270780856423175,0.6222482881055035,0.6131372724603337,0.5712,0.9519
605499.SH,主板,东鹏饮料,软饮料,20221202,173.33,173.19,172.928,173.079,173.518,171.399,167.4947,156.222,153.5433,153.2416,154.129,154.601,149.9937,149.5008,1.3628753793031283,1.3718035135021274,1.438384150718364,1.006550954206513,1.0554040175366914,0.9637764466226983,0.9842886642532352,0.855286512479827,1.0485351120338366,0.9778826001204998,0.8497200354393075,1.102,0.7853
688385.SH,科创板,复旦微电,半导体,20221202,79.3,77.5567,76.896,78.73,79.8,80.947,85.002,82.489,81.5095,78.9176,75.903,71.9117,68.2426,62.3713,0.8328358208955224,0.922009253139458,1.0224054010941872,1.1070720423000662,1.2276193884105833,1.2603386869756887,1.2742459126800334,1.3312025780995551,1.1088884386060969,1.1510054124685911,1.2024534332326131,1.2444,1.2585
688456.SH,科创板,有研粉材,铜,20221202,34.01,33.3633,32.604,32.25,31.7253,31.6455,30.984,29.3338,29.1373,29.6853,29.6559,28.3078,26.9624,26.4251,0.7870685464268352,0.8766076902572304,0.7066450893756463,1.1137628282020524,0.8978189924927142,1.0399905623932113,1.0940683583042163,1.0803105877790224,0.8061132673480077,0.9823171779492508,0.969964664310954,0.6752,1.2186
688520.SH,科创板,神州细胞-U,生物制药,20221202,75.0,75.64,79.19,83.295,84.1407,80.4765,73.3957,63.5454,61.2723,59.4883,58.7697,57.6088,55.6201,54.154,0.622914509045002,0.7190012983749371,0.7177218530586861,1.1542535740213322,1.1521996078708046,1.0285016311970714,1.1109501440095673,1.227475983197285,0.9982205243312596,0.9624836076002786,1.0634370218329507,0.9964,1.9309
688697.SH,科创板,纽威数控,机床制造,20221202,24.95,24.5167,23.996,24.416,24.308,23.7915,22.6427,19.3736,18.4815,17.9985,17.9046,17.2197,16.3576,15.9606,1.0179157865523674,0.979354069256877,0.8114855048415527,0.9621169866850212,0.7972029863000905,0.7379184750208205,0.6967972187843786,0.5820321064843827,0.8285925696487879,0.7242333608360837,0.6049494131579334,0.7073,0.836
