trade_date,ts_code,close,open,high,low,pre_close,change,pct_chg,vol,amount,ma3,ma_v_3,ma5,ma_v_5,ma10,ma_v_10,ma20,ma_v_20,ma30,ma_v_30,ma60,ma_v_60,ma90,ma_v_90,ma120,ma_v_120
20221031,000001.SZ,10.34,11.7,11.77,10.22,11.84,-1.5,-0.1267,1519535662.0,16818922703.69,11.6433,1954145131.3333,12.518,2197465308.0,13.903,2184469616.5,16.8995,2039457863.75,16.956,2168509138.9667,14.8078,2219891387.25,13.3676,2042053049.9111,13.4533,1982637900.4167
20220930,000001.SZ,11.84,12.65,13.1,11.81,12.75,-0.91,-0.0714,1965120473.0,24567132248.36,12.4233,2222804194.3333,13.282,2199875805.8,14.517,2288560770.0,17.4515,2075644706.9,17.0757,2174761884.4,14.8278,2217819066.3333,13.4382,2090467520.8333,13.4768,1971765689.5417
20220831,000001.SZ,12.75,12.66,12.78,11.94,12.68,0.07,0.0055,2377779259.0,29369669965.92,13.47,2500890135.0,13.978,2270120005.2,15.077,2308861959.1,18.014,2117014330.0,17.1077,2197865983.2333,14.8157,2211903455.8,13.4817,2110402252.1444,13.4876,1957909847.5167
20220729,000001.SZ,12.68,15.0,15.27,12.62,14.98,-2.3,-0.1535,2325512851.0,31741011138.69,13.94,2218826432.3333,14.504,2354393782.4,15.752,2214603485.5,18.3435,2096206438.65,17.166,2203011262.4667,14.7912,2216076072.75,13.4954,2098445274.5556,13.4996,1940499258.8667
20220630,000001.SZ,14.98,14.14,15.11,13.64,14.16,0.82,0.0579,2799378295.0,40107191578.73,14.82,2215769305.3333,15.118,2214881642.8,16.277,2257350779.9,18.6965,2082805701.55,17.2613,2174942398.4,14.7577,2236252440.3,13.5093,2106986379.5889,13.5198,1923398078.4583
20220531,000001.SZ,14.16,15.2,15.45,14.0,15.32,-1.16,-0.0757,1531588151.0,22291939672.44,14.9533,2215692588.6667,15.288,2171473925.0,16.559,2186160648.1,18.835,2047033210.85,17.3103,2132174951.7667,14.6645,2210792954.95,13.5189,2150702767.1222,13.5213,1903382312.45
20220429,000001.SZ,15.32,15.37,16.66,14.45,15.38,-0.06,-0.0039,2316341470.0,36674357936.19,15.4833,2247813922.6667,15.752,2377245734.2,16.912,2226575158.2,18.8855,2078044858.85,17.348,2135793431.3,14.5818,2205687563.2,13.4998,2170136142.9,13.534,1893593326.6833
20220331,000001.SZ,15.38,15.79,15.95,13.22,15.75,-0.37,-0.0235,2799148145.0,41216784389.79,15.6533,2336480001.3333,16.176,2347603913.0,17.642,2117508327.0,18.8735,2118448176.15,17.3793,2125889834.9,14.4763,2180455769.1333,13.4521,2163528716.4,13.5443,1877230981.125
20220228,000001.SZ,15.75,16.02,17.34,15.62,15.83,-0.08,-0.0051,1627952153.0,26770314950.2,16.02,2256913018.6667,17.0,2074813188.6,18.524,1939121671.5,18.7715,2218854435.35,17.3863,2117206722.9,14.3728,2155285542.3333,13.3939,2146829040.9111,13.5471,1858214562.0667
20220128,000001.SZ,15.83,16.48,17.56,15.82,16.48,-0.65,-0.0394,2582339706.0,43505823412.47,16.5833,2436973089.0,17.436,2299819917.0,19.278,1918674086.5,18.624,2228822785.55,17.3333,2162717995.9,14.2683,2142253884.9333,13.3328,2142564839.8889,13.5583,1848561926.1917
20211231,000001.SZ,16.48,17.43,19.06,16.4,17.44,-0.96,-0.055,2560447197.0,45276503779.39,17.8067,2054591361.3333,17.83,2200847371.2,19.896,1894446111.0,18.4825,2160528900.2,17.2767,2131717870.3,14.16,2111930320.9333,13.2777,2129107152.1444,13.5651,1828575104.0
20211130,000001.SZ,17.44,19.33,19.73,17.16,19.5,-2.06,-0.1056,2168132364.0,38898674227.01,18.29,2118770894.0,18.072,2075904582.2,20.386,1862728643.8,18.355,2117862441.6,17.1867,2101774903.0,14.037,2090956097.3,13.2047,2110622746.6222,13.5577,1809851042.8833
20211029,000001.SZ,19.5,18.17,20.59,18.02,17.93,1.57,0.0876,1435194523.0,28042460454.44,18.41,2091885765.0,19.108,1887412741.0,20.951,1925166700.9,18.123,2142367995.3,17.0113,2091669198.2,13.9055,2083975926.35,13.1387,2094349964.0,13.5416,1794607504.3333
20210930,000001.SZ,17.93,17.48,20.99,17.01,17.8,0.13,0.0073,2752985795.0,51002547278.61,17.8067,2258732008.0,20.048,1803430154.4,20.935,1977809391.8,17.873,2197215150.95,16.823,2130268369.2333,13.733,2073209023.05,13.0458,2090983965.2778,13.5197,1784946828.2333
20210831,000001.SZ,17.8,17.64,21.2,17.18,17.69,0.11,0.0062,2087476977.0,39612873638.03,19.37,1749627795.6667,21.12,1537528256.0,21.116,1908260623.2,17.7535,2133738207.65,16.6527,2127545595.7333,13.5853,2041190335.9333,12.9662,2072885496.3778,13.504,1764386322.125
20210730,000001.SZ,17.69,22.81,23.5,17.24,22.62,-4.93,-0.2179,1935733252.0,39543208925.13,21.5033,1392229333.3333,21.962,1588044850.8,21.111,1907905773.6,17.686,2105182103.6,16.4713,2121678843.2,13.4468,2035376819.25,12.8921,2061769698.1,13.4961,1750974083.0833
20210630,000001.SZ,22.62,24.2,25.06,22.0,24.2,-1.58,-0.0653,1225673158.0,28598633960.8,23.37,1221477017.0,22.7,1649552705.4,20.859,1929514559.5,17.566,2090402567.85,16.2517,2117698233.8333,13.3053,2018883449.9333,12.8222,2049858827.6778,13.4932,1738909169.875
20210531,000001.SZ,24.2,23.1,25.16,22.6,23.29,0.91,0.0391,1015281590.0,24221421505.84,23.1667,1592939281.3333,22.794,1962920660.8,20.105,2119388025.3,17.248,2130080588.85,15.8103,2116820277.5667,13.0733,2010278497.3667,12.707,2050048522.9667,13.4469,1732281077.5583
20210430,000001.SZ,23.29,22.08,24.23,19.81,22.01,1.28,0.0582,1423476303.0,31264829462.85,22.2267,2002269593.0,21.822,2152188629.2,19.019,2498587199.2,16.8175,2206249248.6,15.349,2152476337.4333,12.8458,2005031968.05,12.5892,2056768053.3,13.3924,1727366876.525
20210331,000001.SZ,22.01,21.54,23.49,20.28,21.38,0.63,0.0295,2340059951.0,50347476182.97,22.16,2458615137.0,21.112,2278992990.4,17.97,2538971484.6,16.361,2284739950.6,14.9363,2197698984.3,12.6338,1995891872.05,12.4849,2059439691.0889,13.35,1723862456.1667
20210226,000001.SZ,21.38,23.0,25.31,21.21,23.09,-1.71,-0.0741,2243272525.0,52541944392.31,21.27,2332468964.0,20.26,2227766696.4,17.069,2426611689.4,15.967,2250353749.95,14.571,2182433669.2333,12.4443,1978205712.9333,12.3723,2055424220.0778,13.3006,1710807230.6
20210129,000001.SZ,23.09,19.1,23.54,17.8,19.34,3.75,0.1939,2792512935.0,58603803798.23,20.7233,2270544158.6667,19.018,2209476413.6,16.324,2372996239.4,15.587,2221298032.6,14.196,2180647495.1333,12.2473,1951896790.4,12.2527,2052446503.9333,13.2552,1695548772.0583
20201231,000001.SZ,19.34,19.7,20.51,17.79,19.74,-0.4,-0.0203,1961621432.0,36920061503.09,18.9433,2034349340.6667,17.416,2275855389.8,15.295,2359569289.7,15.0415,2174920446.85,13.7403,2155664657.3667,12.0292,1922861227.4,12.1027,2043409146.7,13.1903,1676364275.2417
20201130,000001.SZ,19.74,17.65,20.88,16.69,17.75,1.99,0.1121,2057498109.0,37790045719.23,17.5533,2097749233.6667,16.216,2844985769.2,14.811,2416620910.1,14.767,2206497857.95,13.3987,2150876904.9,11.9067,1917099343.4,11.9986,2033711369.1222,13.1608,1664219579.8583
20201030,000001.SZ,17.75,15.3,18.78,15.13,15.17,2.58,0.1701,2083928481.0,35899528432.27,16.0,2453385802.6667,14.828,2798949978.8,14.391,2359215792.1,14.421,2237188082.0,13.08,2143184227.3667,11.7733,1914393133.1,12.0124,2023332563.1778,13.1328,1655836486.5667
20200930,000001.SZ,15.17,14.96,16.09,14.6,15.08,0.09,0.006,2151821111.0,32926198675.38,14.53,3361167418.6667,13.878,2625456682.4,14.261,2302458433.6,14.1515,2228565378.0,12.85,2152039913.1,11.6668,1898408030.1167,12.023,2012119577.3,13.1383,1647140071.0917
20200831,000001.SZ,15.08,13.47,15.68,13.43,13.34,1.74,0.1304,3124407816.0,45163156180.5,13.74,3253000100.6667,13.63,2536516065.2,14.273,2251290576.2,13.948,2211790071.0,12.7077,2157412439.9,11.5888,1887543960.9667,12.078,2006977050.5556,13.1471,1635058408.325
20200731,000001.SZ,13.34,12.79,16.63,12.74,12.8,0.54,0.0422,4807273329.0,69415902211.12,13.0467,2617018161.6667,13.174,2443283189.6,14.391,2140773152.4,13.663,2115536403.7,12.6067,2138680423.4,11.522,1874391099.9333,12.166,1983134044.4222,13.1673,1613259844.5
20200630,000001.SZ,12.8,13.1,13.88,12.52,13.0,-0.2,-0.0154,1827319157.0,23785421169.05,13.2433,1583633060.3333,13.406,1988256051.0,14.616,1913911298.0,13.514,1979420906.55,12.6303,2132255900.6333,11.5057,1881498523.8833,12.2522,1944173764.5444,13.2021,1579249147.7417
20200529,000001.SZ,13.0,13.76,14.13,12.76,13.93,-0.93,-0.0668,1216461999.0,16312734822.33,13.2433,1860607820.6667,13.954,1919481605.4,14.752,2030508416.6,13.4195,2027062734.15,12.647,2170218055.9333,11.5347,1932342454.3833,12.288,1931649496.3444,13.2668,1570677055.05
20200430,000001.SZ,13.93,12.86,14.32,12.47,12.8,1.13,0.0883,1707118025.0,22442712541.72,13.7433,2299166366.3333,14.644,1979460184.8,14.865,2074095810.5,13.322,2060344659.15,12.6597,2271273635.5333,11.5733,1978825005.3833,12.2858,1920680820.9,13.3518,1565655815.1083
20200331,000001.SZ,12.8,14.55,15.64,11.91,14.5,-1.7,-0.1172,2658243438.0,36693304167.51,14.28,2224609334.3333,14.916,1966065087.2,14.85,2069599825.8,13.132,2084473123.0,12.58,2260876248.2667,11.6195,2048320339.05,12.2772,1904100291.2556,13.4228,1554902749.7167
20200228,000001.SZ,14.5,13.99,15.72,13.99,15.54,-1.04,-0.0669,2532137636.0,37501098787.73,15.4967,1843979820.3333,15.608,1838263115.2,14.788,1990271604.0,12.963,2053712341.2,12.5237,2225940928.3667,11.6687,2066670386.6,12.2809,1877924468.9444,13.4969,1540663710.55
20200123,000001.SZ,15.54,16.65,17.34,15.39,16.45,-0.91,-0.0553,1483446929.0,24663290817.83,15.76,1546648120.6667,15.826,1839566545.0,14.723,1996374805.8,12.6925,2018004902.3,12.4163,2229140883.0333,11.6602,2046162280.6,12.2774,1852995257.6667,13.5792,1524683379.0083
20191231,000001.SZ,16.45,15.35,16.93,15.21,15.29,1.16,0.0759,1516354896.0,24339018914.74,16.0,1725243670.3333,15.55,2141535227.8,14.451,2115160371.9,12.4245,2035168445.0,12.254,2297562482.2,11.6333,2073008370.1833,12.2726,1839549971.8111,13.6518,1518328332.0667
20191129,000001.SZ,15.29,16.35,17.44,15.18,16.26,-0.97,-0.0597,1640142537.0,26720137958.53,15.7133,2066010300.0,15.086,2168731436.2,14.042,2154672322.4,12.1445,2076830652.85,12.0187,2289410958.1333,11.6232,2159966674.8,12.2582,1827118099.3444,13.7021,1508985584.175
20191031,000001.SZ,16.26,15.6,17.6,15.6,15.59,0.67,0.043,2019233578.0,33553939986.08,15.3367,2517059568.6667,14.784,2173134564.4,13.623,2172289565.8,11.925,2110473371.75,11.8157,2275581695.1,11.5757,2187307498.7,12.2627,1812859958.4778,13.7414,1500931387.5083
20190930,000001.SZ,15.59,14.15,16.04,14.11,14.16,1.43,0.101,2538654785.0,37994867477.51,14.6267,2394760355.3333,13.968,2142280092.8,12.935,2090299655.0,11.7145,2137634058.9,11.5733,2235021703.3667,11.4885,2182348157.15,12.266,1794344696.5333,13.7575,1491420269.225
20190830,000001.SZ,14.16,14.06,15.22,13.03,14.13,0.03,0.0021,2993290343.0,43313563820.85,14.0233,2102594819.6667,13.62,2153183066.6,12.412,2044930515.1,11.6375,2241428201.95,11.3593,2193364361.7667,11.3977,2161640199.9167,12.2673,1771883841.7889,13.8458,1479999617.4
20190731,000001.SZ,14.13,14.01,14.55,13.44,13.78,0.35,0.0254,1652335938.0,23072907184.2,13.3633,1726485112.0,13.352,2088785516.0,12.087,2023617051.7,11.5945,2240072875.6,11.2033,2121789773.9667,11.3325,2132488261.8833,12.3,1743843236.2889,13.9096,1463995479.5083
20190628,000001.SZ,13.78,12.22,13.95,11.6,12.18,1.6,0.1314,1662158178.0,21377644710.93,13.27,2040096350.6667,12.998,2140613208.6,11.779,2046593507.8,11.557,2369862548.05,11.0433,2092142771.5667,11.2782,2127801793.0667,12.3279,1727527515.2333,13.9405,1454954303.2083
20190531,000001.SZ,12.18,13.1,13.35,11.93,13.85,-1.67,-0.1206,1864961220.0,23370285876.27,12.95,2376477821.3333,12.462,2171444567.2,11.414,2099346420.2,11.445,2356514459.5,10.8873,2080137291.6,11.2137,2115046668.4333,12.348,1712543089.5111,13.9617,1447712684.2083
20190430,000001.SZ,13.85,12.83,14.84,12.83,12.82,1.03,0.0803,2593169654.0,36205464667.95,13.01,2391982215.0,11.902,2038319217.2,11.138,2117153078.4,11.3915,2343775590.55,10.7997,2076282654.5,11.2023,2095690346.9,12.385,1695586939.7111,13.993,1441765466.675
20190329,000001.SZ,12.82,12.48,13.38,12.01,12.36,0.46,0.0372,2671302590.0,33645833416.2,12.0933,2133030654.0,11.204,1936677963.6,10.662,2039634998.8,11.263,2345523921.65,10.643,2016149676.8667,11.1572,2071341763.3,12.4187,1669839647.9,13.9926,1429555301.2083
20190228,000001.SZ,12.36,11.2,12.66,10.9,11.1,1.26,0.1135,1911474401.0,22306694152.27,10.9467,1642374614.0,10.822,1958448587.4,10.398,1955176518.1,11.1555,2388763537.35,10.518,1954835076.1333,11.123,2045555446.7,12.4544,1643333230.9222,13.9828,1415715224.0583
20190131,000001.SZ,11.1,9.39,11.2,9.15,9.38,1.72,0.1834,1816314971.0,18760030468.84,10.28,1700204275.6667,10.56,1952573807.0,10.247,1998988983.3,11.007,2356780276.0,10.4223,1949074795.3,11.1025,2031815125.55,12.5043,1627405829.7111,13.9586,1410099300.6333
20181228,000001.SZ,9.38,10.59,10.66,9.21,10.36,-0.98,-0.0946,1199334470.0,11974162200.99,10.2167,2021484521.6667,10.366,2027248273.2,10.227,2048657177.7,10.912,2327227759.75,10.359,1920068666.0333,11.1075,2015939124.6,12.5737,1612646148.5556,13.941,1403090240.5083
20181130,000001.SZ,10.36,10.99,11.16,10.16,10.91,-0.55,-0.0504,2084963386.0,22211058962.23,10.7733,2249073198.0,10.374,2195986939.6,10.494,2184968462.8,10.8925,2307382727.55,10.3363,1903736717.1667,11.1553,2016662645.6667,12.6591,1604101344.2222,13.9326,1397467725.0083
20181031,000001.SZ,10.91,10.7,11.46,9.7,11.05,-0.14,-0.0127,2780155709.0,29608782523.25,10.6967,2283981170.0,10.12,2142592034.0,10.863,2437925888.8,10.833,2267581285.1,10.3427,1857587598.6667,11.2093,2008913911.2333,12.7402,1585663722.8889,13.9712,1382837825.8083
20180928,000001.SZ,11.05,10.09,11.27,9.68,10.13,0.92,0.0908,1882100499.0,19428419455.2,10.2,2038271867.6667,9.974,1951904448.8,11.102,2456528699.5,10.7615,2170876135.1,10.3313,1794084759.8,11.2592,1990310044.4833,12.8212,1565916946.7889,14.0486,1361284916.9333
20180831,000001.SZ,10.13,9.42,10.43,8.64,9.42,0.71,0.0754,2189687302.0,20886716953.78,9.5467,2016901320.6667,9.934,2045404159.6,11.335,2693131588.3,10.6755,2114917403.45,10.3177,1773977756.6333,11.273,1991919495.5,12.8771,1553598417.7222,14.1298,1348416556.5
20180731,000001.SZ,9.42,9.05,9.59,8.45,9.09,0.33,0.0363,2043027802.0,18327371699.21,9.5633,1895911481.0,10.088,2070066082.2,11.476,2613682498.8,10.624,2070532727.3,10.2987,1723146085.6667,11.281,1988346008.3333,12.9416,1533849197.7,14.2065,1332901968.175
20180629,000001.SZ,9.09,10.15,10.46,8.87,10.18,-1.09,-0.1071,1817988858.0,17912513913.26,10.04,1998101898.0,10.614,2173949986.0,11.645,2570398102.7,10.6305,2055847442.55,10.318,1690057797.4333,11.2838,1987281391.3667,13.007,1516597481.2,14.3382,1318666978.7667
20180531,000001.SZ,10.18,10.97,11.23,10.02,10.85,-0.67,-0.0618,1826717783.0,19652776154.27,10.6433,2163104583.6667,11.606,2733259743.6,11.864,2651412844.5,10.6335,2004407015.9,10.4147,1683321781.9,11.2985,1975128601.2333,13.0814,1502000471.5111,14.5093,1307899938.0583
20180427,000001.SZ,10.85,10.87,11.94,10.51,10.9,-0.05,-0.0046,2349599053.0,26556911800.6,11.2667,2408347763.0,12.23,2961152950.2,11.913,2822350556.6,10.578,1954664355.15,10.4667,1685602038.8333,11.4787,1963406731.0833,13.1504,1493387239.6333,14.6595,1298050740.4333
20180330,000001.SZ,10.9,11.92,12.34,10.55,12.05,-1.15,-0.0954,2312996915.0,26925601133.24,12.3333,3163327294.0,12.736,3340859017.0,11.767,2714571568.7,10.51,1924117701.3,10.4837,1644776147.1333,11.6095,1942159409.4,13.2344,1478840123.7556,14.8453,1280576554.0083
20180228,000001.SZ,12.05,13.95,14.57,11.38,14.05,-2.0,-0.1423,2562447321.0,33225037914.23,13.1333,3381056261.0,12.864,3157298915.4,11.597,2605798341.8,10.425,1855774410.2,10.47,1617675482.0333,11.7632,1931759355.8833,13.2936,1460940397.8,15.032,1265430033.425
20180131,000001.SZ,14.05,13.35,15.13,12.86,13.3,0.75,0.0564,4614537646.0,64548697328.36,13.5767,3942950283.0,12.676,2966846219.4,11.291,2429796992.3,10.2575,1763120844.35,10.4373,1610101776.4667,11.9457,1905360854.9333,13.3542,1438119651.5333,15.2533,1247620040.3083
20171229,000001.SZ,13.3,13.4,13.86,12.64,13.38,-0.08,-0.006,2966183816.0,39142898845.8,12.74,2869836536.6667,12.122,2569565945.4,10.803,2097236681.4,10.0825,1567418453.6,10.381,1630741147.1333,12.0632,1850132696.5,13.3927,1394913563.4444,15.4368,1212141216.9333
20171130,000001.SZ,13.38,11.56,15.24,11.09,11.54,1.84,0.1594,4248129387.0,56042788954.51,12.01,2417836545.0,11.596,2683548163.0,10.421,1885223570.7,9.946,1462862789.95,10.4223,1694466852.8333,12.1085,1812365216.55,13.4733,1370830054.7556,15.7264,1190681900.475
20171031,000001.SZ,11.54,11.57,11.73,11.12,11.11,0.43,0.0387,1395196407.0,15972169889.79,11.31,1877838841.3333,10.798,2088284120.4,10.016,1536703218.6,9.809,1314400840.8,10.487,1686376375.2333,12.0988,1745384413.5833,13.5824,1330449874.9667,15.9481,1158525754.6
20170929,000001.SZ,11.11,11.28,11.94,10.82,11.28,-0.17,-0.0151,1610183841.0,18278674146.21,11.02,2591471673.6667,10.33,2054297768.2,9.772,1527382955.8,9.71,1277877879.1,10.659,1835764429.8333,12.1258,1725712312.75,13.7037,1319578250.2,16.1686,1152654110.8417
20170831,000001.SZ,11.28,10.64,11.74,9.99,10.67,0.61,0.0572,2628136276.0,28594787151.52,10.4467,2478680118.0,9.906,1892747765.2,9.616,1541296782.4,9.6545,1249887644.8,10.8137,1907399844.8333,12.1595,1703916239.2333,13.8213,1312237971.2778,16.3779,1144609758.3667
20170731,000001.SZ,10.67,9.4,11.33,9.27,9.39,1.28,0.1363,3536094904.0,37369879401.75,9.7533,2011056241.3333,9.484,1624907417.4,9.403,1357401187.3,9.69,1199276250.6,10.904,1863183678.1667,12.208,1664922444.9833,13.9668,1289864211.0,16.5132,1127044353.6667
20170630,000001.SZ,9.39,9.2,9.49,8.99,9.2,0.19,0.0207,1271809174.0,11715516210.68,9.1933,1099835882.0,9.246,1086898978.4,9.243,1086978153.7,9.7435,1117227779.95,11.0127,1848454258.1667,12.2818,1610543716.6167,14.1178,1258583615.3556,16.6634,1101099549.2
20170531,000001.SZ,9.2,8.96,9.23,8.54,8.99,0.21,0.0234,1225264646.0,10839207392.06,9.12,1105544336.3333,9.234,985122316.8,9.253,1133663833.9,9.842,1109878436.35,11.2277,2030522391.4667,12.378,1595971669.95,14.2632,1248843792.8556,16.8014,1096066349.2167
20170428,000001.SZ,8.99,9.16,9.22,8.89,9.17,-0.18,-0.0196,802433826.0,7268940860.95,9.2133,979140357.3333,9.214,1000468143.4,9.253,1105750478.6,9.9065,1123614052.15,11.3357,2099033302.3,12.4862,1581499090.1667,14.3833,1242714618.3111,16.8821,1090904742.1
20170331,000001.SZ,9.17,9.49,9.55,9.06,9.48,-0.31,-0.0327,1288934537.0,11977506646.29,9.3267,965971037.3333,9.326,1189845799.6,9.224,1096444696.4,10.0105,1200254168.55,11.4037,2129674610.9333,12.6123,1574006193.1167,14.4856,1243553124.5111,16.9659,1088393503.7083
20170228,000001.SZ,9.48,9.34,9.62,9.23,9.33,0.15,0.0161,846052709.0,7977982198.81,9.3033,970324118.0,9.322,1089894957.2,9.362,1037600225.8,10.17,1397493380.0,11.436,2129916038.0667,12.7213,1561143581.8,14.6746,1242211369.2778,17.0489,1086146075.6333
20170126,000001.SZ,9.33,9.11,9.34,9.07,9.1,0.23,0.0253,762925866.0,7001209295.75,9.3267,1271413917.3333,9.24,1087057329.0,9.471,1040502009.2,10.423,1599088493.9,11.4617,2143186749.8,12.8483,1554869967.45,14.8117,1244730714.6889,17.0905,1085347674.4917
20161230,000001.SZ,9.1,9.57,9.77,9.02,9.55,-0.45,-0.0471,1301993779.0,12220899083.12,9.2667,1280165403.6667,9.272,1282205351.0,9.602,1092098463.0,10.7225,1761212953.55,11.513,2163460814.5667,12.9702,1545219887.0667,14.9062,1242558147.0889,17.1182,1085079398.425
20161130,000001.SZ,9.55,9.14,9.78,9.01,9.15,0.4,0.0437,1749322107.0,16309416824.81,9.2567,1123455666.6667,9.292,1211032813.8,9.648,1028372802.4,11.1025,1989955166.85,11.54,2149956045.2667,13.0783,1528745988.4667,14.9864,1236904481.7444,17.1219,1077644185.4583
20161031,000001.SZ,9.15,9.1,9.3,9.03,9.07,0.08,0.0088,789180325.0,7202567377.46,9.2367,1119903623.0,9.122,1003043593.2,9.693,958478507.2,11.4125,2090451376.05,11.605,2115098039.3,13.1777,1505239082.3167,15.0574,1230259737.4,17.1103,1065448345.7833
20160930,000001.SZ,9.07,9.49,9.52,9.01,9.49,-0.42,-0.0443,831864568.0,7673008543.89,9.2533,1172220545.6667,9.402,985305494.4,9.977,1041151313.9,11.6545,2116074923.6,11.6713,2126533849.7333,13.3065,1496684633.4167,15.1091,1234023842.6556,17.0943,1060091617.2583
20160831,000001.SZ,9.49,9.18,9.8,8.93,9.2,0.29,0.0315,1738665976.0,16279125602.51,9.13,1131391024.3333,9.702,993946689.4,10.244,1147477406.2,11.8975,2229192310.4,11.728,2136275817.2667,13.4227,1487582308.3167,15.1377,1236008606.7,17.0747,1054913934.475
20160729,000001.SZ,9.2,8.69,9.24,8.67,8.7,0.5,0.0575,946131093.0,8453158059.44,9.4833,785332309.3333,9.932,901991575.0,10.431,1086093038.8,12.215,2478951670.25,11.7827,2114555455.8,13.5453,1466571346.9167,15.1373,1230440802.4111,17.0587,1043364476.675
20160630,000001.SZ,8.7,10.51,10.55,8.52,10.55,-1.85,-0.1754,709376004.0,6685526428.38,9.94,761645459.3333,10.004,845712791.0,10.56,1141477625.7,12.377,2595674714.15,11.856,2111809583.1667,13.681,1458934889.8167,15.135,1230764098.6667,17.0552,1039884911.25
20160531,000001.SZ,10.55,10.58,10.75,10.17,10.57,-0.02,-0.0019,700489831.0,7282326635.24,10.5867,951483592.6667,10.264,913913421.2,10.797,1304063640.7,12.4935,2646289568.2,11.9743,2129588574.1667,13.8205,1454283657.75,15.1313,1228711394.2889,17.0483,1037925428.0667
20160429,000001.SZ,10.57,10.62,10.97,10.36,10.64,-0.07,-0.0066,875070543.0,9332734022.84,10.2567,939566040.0,10.552,1096997133.4,10.978,1757386534.2,12.473,2676073944.2,12.076,2160240223.8,13.939,1449701785.0,15.1807,1224587901.5222,17.0135,1034113211.175
20160331,000001.SZ,10.64,9.62,10.94,9.58,9.56,1.08,0.113,1278890404.0,13280855155.15,10.0667,998002244.0,10.786,1301008123.0,11.375,2157674978.6,12.457,2694529120.1,12.187,2186535329.1667,14.0662,1451833040.2833,15.2877,1217018302.6444,16.9824,1029275216.3667
20160229,000001.SZ,9.56,9.98,10.31,9.42,10.0,-0.44,-0.044,664737173.0,6617150065.91,10.5167,1110341573.3333,10.93,1270194502.6,11.843,2430327444.1,12.4685,2699141990.35,12.2283,2209861234.3667,14.1568,1443408748.2667,15.4006,1206562823.1222,16.9467,1020074034.675
20160129,000001.SZ,10.0,12.0,12.03,9.6,11.99,-1.99,-0.166,1050379155.0,11221760068.85,11.2433,1520471012.6667,11.116,1437242460.4,12.557,2951537531.3,12.486,2710747666.7,12.2633,2253545931.0,14.263,1439200753.7167,15.5091,1202820595.6778,16.9182,1015798233.1583
20151231,000001.SZ,11.99,11.7,12.78,11.51,11.74,0.25,0.0213,1615908392.0,19729027121.38,11.6967,1545285395.0,11.33,1694213860.2,13.132,3222424244.9,12.561,2693407805.35,12.2497,2284504985.3,14.3515,1429867323.0833,15.6783,1194870039.2111,16.8835,1007775560.9667
20151130,000001.SZ,11.74,11.27,13.38,11.01,11.36,0.38,0.0335,1895125491.0,23292363787.06,11.1967,1506641585.0,11.404,2417775935.0,13.332,3190998533.3,12.5185,2669225117.65,12.1823,2266935420.5667,14.4148,1411339816.3167,15.8742,1182759323.4444,16.8312,995274865.3083
20151030,000001.SZ,11.36,10.85,11.81,10.7,10.49,0.87,0.0829,1124822302.0,12705085900.67,10.9733,1653345139.3333,11.964,3014341834.2,13.551,3310907214.6,12.47,2630675022.8,12.4907,2241211423.3333,14.4923,1397279840.0333,16.0571,1168866974.3,16.7813,980923922.8
20150930,000001.SZ,10.49,10.9,12.0,10.32,11.07,-0.58,-0.0524,1499976962.0,16640840570.81,11.3067,3022977294.0,12.756,3590460385.6,13.999,3871810301.7,12.4585,2628786664.3,12.7353,2239542671.6667,14.6098,1395872112.0667,16.2992,1159176689.6333,16.7386,973447810.6333
20150831,000001.SZ,11.07,12.2,12.99,9.3,12.36,-1.29,-0.1044,2335236154.0,26673720582.61,12.6567,4148969969.0,13.998,4465832602.2,14.194,4049871802.6,12.504,2596975561.9,13.0563,2245843229.7333,14.7053,1382572855.6833,16.5527,1148014883.8889,16.7006,961950091.9417
20150731,000001.SZ,12.36,14.35,15.36,12.02,14.54,-2.18,-0.1499,5233718766.0,71845562869.8,14.0733,4705696270.6667,14.934,4750634629.6,14.19,3988515495.7,12.563,2542351040.9,13.454,2200619933.4,14.8127,1352128589.0667,16.8586,1126792794.9222,16.6578,944326485.55
20150630,000001.SZ,14.54,15.33,17.45,12.75,15.32,-0.78,-0.0509,4877954987.0,76725322878.5,15.52,4920069363.6667,15.26,3964221131.6,13.968,3594761354.2,12.625,2361667068.6,13.7453,2069524245.8667,14.8985,1276999771.6,17.1221,1072607906.8667,16.6048,901767369.4
20150529,000001.SZ,15.32,16.7,16.91,14.97,16.7,-1.38,-0.0826,4005415059.0,63975192811.67,15.9233,4547166465.0,15.138,3607472595.0,13.539,3231383261.6,12.593,2200965504.45,13.7947,1930263580.2667,14.9988,1209011655.7167,17.4944,1022753583.0222,16.5353,864516719.5167
20150430,000001.SZ,16.7,15.82,19.8,15.55,15.75,0.95,0.0603,5876838045.0,98955081926.83,15.48,3645911870.6667,15.242,4153160217.8,13.094,2967956536.6,12.421,2099628129.5,13.7107,1804392451.9333,15.1302,1152486624.8333,17.7684,982575547.7222,16.4511,831811262.75
20150331,000001.SZ,15.75,14.03,16.6,13.29,13.99,1.76,0.1258,3759246291.0,56154736023.95,14.5567,2718369957.0,14.39,3633911003.0,12.415,2469957802.1,12.1165,1904550130.85,13.5927,1615660195.6667,15.226,1061485160.3833,18.0051,924950671.1778,16.3659,783398726.825
20150227,000001.SZ,13.99,13.6,14.43,13.22,13.93,0.06,0.0043,1301651276.0,18043554149.66,14.5867,3709905584.3333,13.446,3226396361.8,11.99,2164391365.8,11.8085,1815545355.5,13.5053,1500432633.6333,15.3252,1014657034.5,18.2327,890346396.2111,16.2852,752552152.8583
20150130,000001.SZ,13.93,15.99,16.39,13.56,15.84,-1.91,-0.1206,3094212304.0,45864644346.39,14.07,4369552482.6667,12.676,3225301576.8,11.705,2147451702.0,11.6075,1804903864.2,13.512,1466661211.8,15.4982,1003204477.4167,18.383,881664578.8333,16.2235,742173468.975
20141231,000001.SZ,15.84,12.6,16.16,12.08,12.44,3.4,0.2733,6733853173.0,96368252435.96,13.1033,3912039409.6667,11.94,2855293928.2,11.389,1950442831.0,11.9605,1706363527.7,13.551,1372633175.0667,15.6703,963648293.95,18.547,851981312.8778,16.1662,717146171.7333
20141128,000001.SZ,12.44,11.16,12.44,10.5,11.03,1.41,0.1278,3280591971.0,36573376770.24,11.2033,2099480802.3333,10.946,1782752855.4,10.918,1385763026.9,12.1035,1423408856.65,13.5283,1161420948.4333,15.781,858004493.55,18.6593,784581001.8,16.0939,661970639.6917
20141031,000001.SZ,11.03,10.17,11.35,9.98,10.14,0.89,0.0878,1721673085.0,17797379839.68,10.4733,1420674832.3333,10.44,1306004601.2,10.814,1144079321.2,12.4875,1343828943.3,13.6367,1063964878.0333,15.9072,814555276.3167,18.7309,754861888.7,16.0583,635804511.325
20140930,000001.SZ,10.14,10.24,10.64,10.02,10.25,-0.11,-0.0107,1296177351.0,13362077385.47,10.42,1303833073.6667,10.534,1102386369.8,10.936,1096186586.1,13.086,1306672152.25,13.821,1018337775.3,16.0265,800492381.3,18.82,741299801.3,16.0343,621820490.05
20140829,000001.SZ,10.25,10.84,11.09,10.14,10.87,-0.62,-0.057,1244174061.0,13119055545.63,10.3433,1170724190.0,10.734,1069601827.2,11.282,1128572783.0,13.634,1306905691.7,14.0067,992371125.5333,16.2938,798359034.8833,18.9199,738222754.8222,16.0174,611491552.05
20140731,000001.SZ,10.87,9.91,11.1,9.52,9.91,0.96,0.0969,1371147809.0,13916497418.58,10.76,990526812.3333,10.838,1045591733.8,11.647,1170547747.3,13.9225,1279703739.6,14.235,966553185.1,16.4867,795502697.1333,18.9668,732734649.3889,16.0037,601921136.9917
20140630,000001.SZ,9.91,11.5,11.84,9.6,11.5,-1.59,-0.1383,896850700.0,9288538248.0,10.85,910895755.3333,10.89,988773198.4,11.748,1231299722.4,14.019,1222610409.6,14.4273,926978959.5667,16.6028,782106813.35,18.9866,725618926.3778,15.9932,590994753.0417
20140530,000001.SZ,11.5,11.1,11.74,10.81,11.14,0.36,0.0323,703581928.0,7956053076.0,11.1367,986653386.6667,11.188,982154041.2,11.818,1339142459.6,14.1815,1188511392.45,14.6167,907535931.6667,16.7097,780378699.9833,18.9826,720206898.8556,15.9884,585068003.8417
20140430,000001.SZ,11.14,10.72,11.6,10.59,10.77,0.37,0.0344,1132254638.0,12598445724.0,11.0133,1114477788.0,11.338,1089986802.4,11.627,1466699345.2,14.263,1168453267.55,14.7503,895380125.3333,16.7837,787840586.45,18.9454,715565114.6111,15.9814,582197434.525
20140331,000001.SZ,10.77,11.02,11.08,10.03,11.13,-0.36,-0.0323,1124123594.0,11922078216.0,11.1,1024977880.0,11.83,1187543738.8,11.51,1462356026.4,14.4155,1126265966.7,14.9417,866835417.1,16.828,787768839.1167,18.902,704610873.1,15.9749,576232061.5917
20140228,000001.SZ,11.13,11.32,12.5,10.88,11.4,-0.27,-0.0237,1087055132.0,12739154518.0,11.5933,1064518593.3333,12.456,1295503760.8,12.532,1462284224.4,14.632,1083728347.1,15.1173,838888799.3667,16.8425,785875001.4167,18.857,694459973.5444,15.9625,568244802.7917
20140130,000001.SZ,11.4,12.12,12.3,11.25,12.25,-0.85,-0.0694,863754914.0,10088200580.0,12.4167,1242179989.3333,12.606,1473826246.4,13.289,1461054686.4,14.8335,1049249909.2,15.308,818587238.0333,16.8147,788383475.7167,18.8173,686300816.9667,15.9407,560605666.4667
20131231,000001.SZ,12.25,13.64,14.06,11.43,13.6,-1.35,-0.0993,1242745734.0,15826572678.0,13.25,1508902919.3333,12.448,1696130878.0,14.161,1543578565.4,15.048,1023907656.45,15.506,806060196.4667,16.7745,790241356.4167,18.7882,682576687.2778,15.9155,554532331.9083
20131129,000001.SZ,13.6,13.88,14.2,12.96,13.9,-0.3,-0.0216,1620039320.0,22018209344.0,13.1267,1754210194.6667,11.916,1843411888.0,15.236,1517157718.4,15.2635,979413369.9,15.6667,778978741.3333,16.7098,778272804.35,18.7397,674037712.7,15.8812,544769259.6333
20131031,000001.SZ,13.9,11.88,14.49,11.51,11.88,2.02,0.17,1663923704.0,21648146076.0,12.13,1872623112.0,11.19,1737168314.0,15.986,1485238600.4,15.369,924270296.8,15.802,739163346.2,16.733,756761740.3833,18.6593,658737540.3,15.8443,532026581.0
20130930,000001.SZ,11.88,10.74,13.86,10.63,10.61,1.27,0.1197,1978667560.0,24411676594.0,10.6933,1977698805.3333,12.608,1629064688.0,16.198,1388859731.9,15.529,864555904.0,15.9453,717130751.4,16.838,732259789.3833,18.5809,643521845.4333,15.8146,518809517.3833
20130830,000001.SZ,10.61,9.74,11.25,9.61,9.59,1.02,0.1064,1975278072.0,20745506934.0,10.0567,1681083435.3333,13.972,1448283126.4,16.29,1213921096.8,15.767,774818578.15,16.0853,676956262.1667,16.9867,704913617.5,18.5194,623478301.4444,15.804,503175998.725
20130731,000001.SZ,9.59,9.81,10.84,8.97,9.97,-0.38,-0.0381,1979150784.0,19449268470.0,13.5167,1397125936.0,15.874,1391026252.8,16.545,1037880325.3,16.016,691732667.7,16.2627,624855576.4333,17.132,677457928.0167,18.4698,603215667.2111,15.808,487665030.5667
20130628,000001.SZ,9.97,20.93,21.33,9.14,20.99,-11.02,-0.525,1088821450.0,14683112280.0,16.5533,1095662258.6667,18.556,1190903548.8,16.899,870207189.9,16.312,609720515.4,16.4533,575229660.8667,17.3927,650052566.1667,18.4281,582199086.1889,15.8327,473140721.1583
20130531,000001.SZ,20.99,18.6,21.7,18.4,18.7,2.29,0.1225,1123405574.0,22955358976.0,19.9367,1295719676.6667,20.782,1233308886.8,17.321,790175907.0,16.6575,569075112.45,16.6473,555744212.0667,17.7202,640671274.8833,18.3808,571388013.5556,15.8532,469309515.6
20130426,000001.SZ,18.7,20.2,20.9,18.05,20.12,-1.42,-0.0706,1074759752.0,20792674934.0,20.6067,1247430240.0,19.788,1148654775.8,16.732,705172469.8,16.41,527191086.85,16.494,553348256.7333,17.8403,632694749.7833,18.2116,560828089.2889,15.7765,461233888.2667
20130329,000001.SZ,20.12,22.93,24.71,19.64,23.0,-2.88,-0.1252,1688993704.0,37767252660.0,21.4067,1322793036.0,18.608,979559067.2,16.378,637445132.0,16.3175,497353513.85,16.4843,552201552.4667,18.0812,618993698.6167,18.073,551416190.2889,15.7146,452973174.9667
20130228,000001.SZ,23.0,21.02,23.0,18.95,21.1,1.9,0.09,978537264.0,20610947390.0,20.04,993173474.3333,17.216,684734397.8,15.935,504236747.5,16.1785,437301012.0,16.3543,519302481.6333,18.3008,599100710.9667,17.9153,533985712.6778,15.6438,440966200.6167
20130131,000001.SZ,21.1,16.32,21.55,15.45,16.02,5.08,0.3171,1300848140.0,24419356850.0,16.64,743421456.0,15.242,549510831.0,15.291,441669021.4,15.882,409889252.8,16.1713,503637244.7333,18.5608,589879225.6833,17.7257,525562002.9333,15.5396,433859572.7917
20121231,000001.SZ,16.02,12.81,16.17,12.48,12.8,3.22,0.2516,700135019.0,10264223506.0,13.9933,381428861.6667,13.86,347042927.2,14.752,363301993.2,15.71,366125719.1,16.0517,484475297.3333,18.8105,574149737.3667,17.558,512515077.2444,15.4646,424640315.9583
20121130,000001.SZ,12.8,13.16,13.71,12.7,13.16,-0.36,-0.0274,229281209.0,3039954724.0,13.03,248856998.6667,13.676,261690163.8,14.86,340252076.1,15.819,381266261.15,16.203,487759731.1667,19.3443,568998584.4,17.4489,509267765.9333,15.439,419621541.6
20121031,000001.SZ,13.16,13.14,13.56,12.87,13.13,0.03,0.0023,214870357.0,2843903872.0,13.4933,268599469.3333,14.148,295331196.8,15.244,335716059.5,15.983,408473844.85,16.5497,500580797.7333,19.7973,571667095.6167,17.3646,507617533.0222,15.4471,419156551.6083
20120928,000001.SZ,13.13,14.22,14.4,12.59,14.19,-1.06,-0.0747,302419430.0,4099573280.0,14.14,288099751.0,14.654,323739097.2,15.487,345585010.1,16.1215,418343202.0,16.8593,507310125.1,20.2113,579595908.9333,17.2903,505978237.2111,15.4658,419552600.8417
20120831,000001.SZ,14.19,15.08,15.3,14.03,15.1,-0.91,-0.0603,288508621.0,4270748456.0,14.8167,319788732.3333,15.34,333827211.8,15.725,349233840.9,16.2305,427740896.35,17.145,528881435.3667,20.5963,585303277.5,17.2118,503258659.2667,15.4814,420390765.2667
20120731,000001.SZ,15.1,15.23,15.48,14.61,15.16,-0.06,-0.004,273371202.0,4087039824.0,15.3167,342589145.0,15.644,379561059.2,15.994,347974317.9,16.3105,438528364.6,17.4843,539747743.0333,20.8185,589166262.35,17.1273,500677554.7,15.4882,421842077.9833
20120629,000001.SZ,15.16,15.7,15.88,14.45,15.69,-0.53,-0.0338,397486374.0,5981067330.0,15.8033,369085412.0,16.044,418813988.4,16.088,349209703.9,16.375,477436150.2,17.7897,554663412.8333,21.045,591655381.7833,17.0379,498650503.9556,15.4553,420265206.75
20120531,000001.SZ,15.69,16.72,16.94,15.52,16.56,-0.87,-0.0525,356909859.0,5745311296.0,15.9867,408982573.3333,16.34,376100922.2,16.257,357261895.7,16.5375,509579762.7,18.0337,554588038.6667,21.2248,596161028.4833,16.9491,495487203.4444,15.4248,417653680.2583
20120427,000001.SZ,16.56,15.71,17.12,15.45,15.71,0.85,0.0541,352860003.0,5757452080.0,16.4567,446557903.0,16.32,367430923.0,16.422,370365276.5,16.564,526835348.7,18.1777,565145674.6,21.278,600310394.0333,16.8654,493084389.0889,15.386,416207614.2083
20120330,000001.SZ,15.71,17.08,17.78,15.46,17.1,-1.39,-0.0813,517177858.0,8620368514.0,16.4833,390244916.3333,16.11,364640470.0,16.473,378109484.2,16.6115,534621356.4,18.232,582646987.3,21.3195,602780814.3,16.7721,489648061.6333,15.3326,413614712.7583
20120229,000001.SZ,17.1,16.58,17.48,16.34,16.64,0.46,0.0276,469635848.0,7882999790.0,16.4433,322372251.3333,16.344,316387576.6,16.668,368949445.0,16.7015,545061949.4,18.581,604346944.2333,21.3765,611148569.4667,16.6877,484531694.2222,15.2894,409916110.7
20120131,000001.SZ,16.64,15.59,16.94,15.13,15.59,1.05,0.0674,183921043.0,2972724632.0,15.9133,278796214.6667,16.132,279605419.4,16.778,422280446.2,16.8745,561513558.7,18.7383,624452209.1667,21.3327,615825381.5333,16.5932,480377120.9556,15.249,406447860.525
20111230,000001.SZ,15.59,15.93,16.27,14.93,15.51,0.08,0.0052,313559863.0,4901655074.0,15.9933,309460330.6667,16.174,338422869.2,16.722,481231630.2,17.2025,583013166.85,18.7783,637234667.1333,21.2662,624938909.7833,16.5152,479000017.5333,15.2222,405385302.6583
20111130,000001.SZ,15.51,16.76,17.19,15.48,16.88,-1.37,-0.0812,338907738.0,5550801112.0,16.1433,300182063.6667,16.524,373299630.0,16.756,491101393.9,17.5455,588172682.6,18.8027,653221468.3,21.1655,626542382.45,16.4457,477578694.5667,15.2073,403932130.5417
20111031,000001.SZ,16.88,15.95,17.2,15.45,16.04,0.84,0.0524,275913391.0,4515378128.0,16.59,346548915.0,16.836,391578498.4,16.736,506247951.8,17.855,618705232.6,18.817,680301047.5667,21.043,625657609.25,16.3918,477803204.2556,15.1843,401509548.75
20110930,000001.SZ,16.04,16.85,17.2,15.84,16.85,-0.81,-0.0481,285725062.0,4728017600.0,16.7433,417225673.6667,16.992,421511313.4,16.627,529082411.3,18.2295,635634455.6,18.7143,708702261.1333,20.8822,623498601.1,16.3193,479364276.4222,15.1496,399673700.1333
20110831,000001.SZ,16.85,17.2,17.52,15.55,17.34,-0.49,-0.0283,478008292.0,7986213710.0,17.0867,465418013.0,17.424,564955473.0,16.662,605662596.5,18.6405,657390267.3,18.5677,732861203.4667,20.7268,622245560.6333,16.2442,478030137.2667,15.1312,397889005.9083
20110729,000001.SZ,17.34,17.15,18.2,16.7,17.07,0.27,0.0158,487943667.0,8476510150.0,17.3567,447941071.0,17.27,624040391.2,16.818,661897629.7,18.922,653251110.15,18.3213,758179713.4,20.572,620157606.4333,16.1516,474611809.2778,15.1183,394636419.8833
20110630,000001.SZ,17.07,17.65,17.65,15.75,17.66,-0.59,-0.0334,430302080.0,7170046934.0,17.6433,619608468.6667,16.988,608903157.8,16.706,683305420.9,19.0555,662535873.65,18.043,774422516.3667,20.4293,620834932.6833,16.052,470689710.3889,15.1088,391462793.025
20110531,000001.SZ,17.66,18.15,18.59,17.0,18.2,-0.54,-0.0297,425577466.0,7592393882.0,17.3133,733985403.0,16.636,620917405.2,16.75,691133228.6,19.1115,684915738.85,17.753,777566867.3667,20.2762,621567198.3833,15.9528,466699432.4,15.096,389288034.1167
20110429,000001.SZ,18.2,16.08,19.0,16.07,16.08,2.12,0.1318,1002945860.0,17982608550.0,16.7367,729545414.3333,16.262,636653509.2,16.735,721174453.8,19.5375,722045693.85,17.664,774360134.5667,20.088,618524637.35,15.8584,462980992.6,15.084,388784824.3583
20110331,000001.SZ,16.08,15.95,16.97,15.65,15.93,0.15,0.0094,773432883.0,12606364470.0,15.7733,558687900.0,15.9,646369720.0,16.971,700746671.2,19.7185,725538090.65,17.7307,747388827.3667,19.8987,606717392.45,15.771,452702439.3778,15.0497,380730526.6833
20110228,000001.SZ,15.93,15.32,16.17,15.2,15.31,0.62,0.0405,412257500.0,6485081818.0,15.6767,468962934.3333,16.366,699754868.2,17.683,684794703.5,19.8065,715236185.6,17.888,732870972.8333,19.7365,596739321.0833,15.7102,445249244.2444,15.0406,374865549.025
20110131,000001.SZ,15.31,15.82,16.78,14.86,15.79,-0.48,-0.0304,490373317.0,7744820366.0,15.83,682052739.0,16.424,757707684.0,18.335,685243971.3,19.826,734281505.5,18.0013,730060279.6,19.5733,592395712.6,15.6564,441934848.6111,15.0288,372057586.525
20101231,000001.SZ,15.79,16.39,16.88,15.51,16.39,-0.6,-0.0366,504257986.0,8237111696.0,16.8633,865381174.6667,16.864,761349052.0,18.974,731162513.4,19.8575,767327595.45,18.332,724875471.4667,19.4155,585683798.85,15.6258,439111074.5889,15.0303,368899449.3083
20101130,000001.SZ,16.39,18.49,19.39,16.18,18.41,-2.02,-0.1097,1051526914.0,18826587228.0,17.0067,931302372.3333,17.208,805695398.4,19.832,742186499.9,19.758,798512186.05,18.793,725598337.7,19.2475,579209914.3,15.5884,440497950.1111,15.045,365279072.1
20101029,000001.SZ,18.41,16.7,20.06,16.5,16.22,2.19,0.135,1040358624.0,19465293010.0,17.38,750320120.0,18.042,755123622.4,20.619,709117938.1,19.5205,796460506.95,19.1867,712041242.8333,19.0703,564568005.5667,15.5373,430529098.7778,15.0497,357087779.2167
20100930,000001.SZ,16.22,19.0,19.0,16.11,17.51,-1.29,-0.0737,702021579.0,12311598256.0,17.08,645530484.6667,19.0,669834538.8,21.026,644604590.6,19.073,806320755.25,19.678,685785844.7667,18.8673,551023509.2,15.458,419897049.1333,15.0442,349399868.0167
20100630,000001.SZ,17.51,17.43,18.82,16.5,17.51,0.0,0.0,508580157.0,9012716252.0,18.5267,677745969.6667,20.246,612780258.6,21.405,641766326.4,18.7115,819981064.1,20.2473,678898940.3,18.6958,541327328.2,15.407,414854106.9444,15.0633,344878364.1333
20100531,000001.SZ,17.51,20.1,20.3,17.02,20.56,-3.05,-0.1483,725989718.0,13321433980.0,20.4233,712856986.0,21.084,700975974.8,21.473,678698249.1,18.2545,820783686.75,20.9503,676121206.6333,18.5028,536524382.0333,15.329,410600348.8111,15.0685,341850285.15
20100430,000001.SZ,20.56,23.27,23.86,19.31,23.2,-2.64,-0.1138,798668034.0,16945568918.0,22.07,609777139.3333,22.456,678677601.4,22.34,722916933.9,18.1285,800952974.95,21.5693,663824177.4,18.3112,526534967.2,15.2689,404695322.1667,15.0726,336617073.6333
20100331,000001.SZ,23.2,22.89,24.27,22.17,22.45,0.75,0.0334,613913206.0,14283903300.0,22.45,660074040.6667,23.196,663112253.8,22.466,750329510.1,18.1105,770709905.45,22.4857,650237437.6333,18.0718,520021783.3167,15.1843,396908811.7444,15.06,331663976.125
20100226,000001.SZ,22.45,21.71,22.62,21.0,21.7,0.75,0.0346,416750178.0,9158631932.0,22.84,660268922.3333,23.052,619374642.4,21.93,745677667.7,17.9905,756909107.5,23.045,642753393.5,17.772,511135900.6667,15.0796,392015136.2333,15.0197,329566833.0083
20100129,000001.SZ,21.7,24.52,24.58,20.6,24.37,-2.67,-0.1096,949558738.0,21047715878.0,23.4433,761632628.3333,22.564,670752394.2,21.317,783319039.7,17.8345,752468433.75,23.5633,651881692.7667,17.5058,505312293.2667,15.0012,390300092.7556,14.9853,327934055.0333
20091231,000001.SZ,24.37,24.15,25.8,22.28,24.26,0.11,0.0045,614497851.0,14967925182.0,23.7033,576854765.3333,21.862,656420523.4,20.741,803492677.5,18.011,721731950.5,24.0477,641725119.6333,17.2452,490447271.2167,14.9269,384227208.5667,14.9589,321507333.775
20091130,000001.SZ,24.26,21.9,26.73,21.8,22.48,1.78,0.0792,720841296.0,18076004446.0,22.25,596568460.6667,22.224,767156266.4,19.684,854837872.2,18.2735,717304256.6,24.1527,638584781.6667,16.9488,481142460.5333,14.8228,382540189.6333,14.9012,317145453.9167
20091030,000001.SZ,22.48,20.5,23.11,20.22,20.01,2.47,0.1234,395225149.0,8678130588.0,20.2267,648921156.6667,21.736,837546766.4,18.422,883803075.8,18.4705,713502895.2,24.3003,628647350.7333,16.662,470644049.5167,14.6772,375465804.7222,14.8632,311979384.775
20090930,000001.SZ,20.01,18.19,22.2,18.19,18.19,1.82,0.1001,673638937.0,13798045274.0,21.46,906571629.0,20.808,871980693.0,17.12,968036919.9,19.004,706376471.85,24.416,637734018.3,16.4068,465936785.8333,14.5552,372008894.1222,14.8557,309250336.225
20090831,000001.SZ,18.19,25.85,25.87,18.04,26.18,-7.99,-0.3052,877899384.0,19863330490.0,22.0633,1039623248.6667,20.07,895885685.2,16.018,998195801.8,19.6685,697465247.25,24.3783,635475113.4667,16.2093,457053746.3333,14.4554,366561594.0778,14.883,305066332.075
20090731,000001.SZ,26.18,21.8,26.18,21.56,21.82,4.36,0.1998,1168176566.0,27602469740.0,21.9467,936121714.6667,19.62,950564831.6,15.036,962869124.4,20.689,674832685.4,24.407,622914641.3,16.0422,443148598.8,14.3661,357270621.2444,14.9368,299978520.35
20090630,000001.SZ,21.82,18.09,22.84,17.96,17.84,3.98,0.2231,1072793796.0,22929026430.0,18.66,811117492.0,17.144,942519478.0,13.917,878989016.0,21.184,634277799.15,24.172,617950194.7,15.741,424624069.2167,14.1922,345105832.8556,14.9028,294498022.575
20090527,000001.SZ,17.84,16.43,19.2,16.26,16.32,1.52,0.0931,567394782.0,9967137572.0,16.7,837284598.6667,15.108,930059385.2,13.755,791090300.8,22.4955,600191401.4,23.927,607198553.9,15.5207,408339576.85,14.0859,333779744.3111,14.9505,294336515.275
20090430,000001.SZ,16.32,16.0,17.24,15.0,15.94,0.38,0.0238,793163898.0,12859201248.0,15.3533,1024136270.6667,13.432,1064093146.8,14.051,768140547.3,23.6025,591291256.4,23.754,612643152.4333,15.3837,399882692.7333,14.0368,328102181.1667,14.9563,291358563.1083
20090331,000001.SZ,15.94,13.2,16.65,12.98,13.8,2.14,0.1551,1151295116.0,17616597894.0,13.7933,1096579415.3333,11.966,1100505918.4,14.352,721617827.8,24.6865,586163019.3,23.5283,599863296.6,15.2672,389757307.7,14.0089,320835684.6222,14.932,285270817.25
20090227,000001.SZ,13.8,11.76,15.98,11.51,11.64,2.16,0.1856,1127949798.0,15504136914.0,11.6333,1125335573.3333,10.452,975173417.2,15.281,639971223.5,25.701,560841340.7,23.269,571014170.9333,15.1792,376554282.6,13.9734,308579049.1444,14.9132,276044640.875
20090123,000001.SZ,11.64,9.57,12.2,8.88,9.46,2.18,0.2304,1010493332.0,10456370704.0,10.03,1074428226.0,10.69,815458554.0,16.863,579770641.0,26.387,530458236.4,23.05,538294941.0667,15.1218,364695284.0667,13.9613,296664179.8,14.9115,266765702.0833
20081231,000001.SZ,9.46,8.87,11.33,8.79,8.99,0.47,0.0523,1237563590.0,12636765932.0,8.94,912474652.0,12.402,652121216.4,18.519,543202714.6,27.2395,501069488.2,22.886,511629917.8,15.0825,350614604.1667,13.9857,286231606.7222,14.9351,258599016.95
20081128,000001.SZ,8.99,8.25,11.35,8.0,8.37,0.62,0.0741,975227756.0,9601167140.0,10.7833,609745282.6667,14.67,472187947.8,20.888,444716023.8,28.064,472582567.5,22.8227,482135499.4667,15.0667,332827857.2167,14.0507,273455322.0444,14.98,248657354.2583
20081031,000001.SZ,8.37,14.78,14.78,8.3,14.99,-6.62,-0.4416,524632610.0,6500167708.0,14.52,349271578.6667,16.738,342729737.2,23.319,396734692.7,28.5585,454114769.3,22.8157,467247349.0,15.0565,318823307.4,14.1308,263809551.9111,15.0373,241541606.7417
20080926,000001.SZ,14.99,20.1,20.1,12.4,20.2,-5.21,-0.2579,329375482.0,5109864790.0,18.6633,287026457.6667,20.11,304769029.8,26.342,386796246.4,29.0925,452937399.75,22.7993,465567529.4,15.0527,311265714.9167,14.2103,259861756.3667,15.0917,237634473.6333
20080829,000001.SZ,20.2,20.77,22.3,18.68,20.8,-0.6,-0.0288,193806644.0,3953538112.0,20.11,286546864.6667,23.036,344082728.0,28.451,389566582.3,29.2995,487430784.05,22.512,462689140.1333,14.9557,307291421.6167,14.224,260259720.9556,15.0982,235339648.4167
20080731,000001.SZ,20.8,19.34,22.13,17.77,19.33,1.47,0.076,337897247.0,6835156364.0,21.7867,333554341.0,24.636,434284212.8,31.236,409292502.0,29.013,515252680.45,22.0667,466045957.5333,14.7912,305359245.3833,14.1561,258511093.1222,15.0643,234323366.675
20080630,000001.SZ,19.33,25.23,26.1,19.02,25.23,-5.9,-0.2338,327936703.0,7131855670.0,24.7267,396236583.0,27.106,417244099.8,33.154,414441965.5,28.6055,534894455.0,21.585,460607669.3333,14.6213,301438379.95,14.0914,255530407.7556,15.0348,232363577.6
20080530,000001.SZ,25.23,29.8,30.15,24.19,29.62,-4.39,-0.1482,334829073.0,9019284210.0,27.6833,501862371.3333,29.9,450739648.2,35.021,450708210.8,28.1165,538986031.0,21.1453,454731145.6,14.484,297872133.1167,14.038,252723355.5,15.0164,230397150.175
20080430,000001.SZ,29.62,28.0,30.35,21.5,28.2,1.42,0.0504,525943973.0,14219403152.0,30.3233,474484907.6667,32.574,468823463.0,36.121,481711457.9,27.263,536535644.65,20.499,446492126.2333,14.2727,296228876.15,13.9298,250240775.2556,14.9734,228509656.8167
20080331,000001.SZ,28.2,32.9,33.56,24.48,33.15,-4.95,-0.1493,644814068.0,18212670430.0,31.55,464308398.3333,33.866,435050436.6,35.911,481145831.8,26.1435,517557091.1,19.702,432821490.9,13.9862,297947756.3167,13.7957,245172650.2333,14.9004,225258306.3667
20080229,000001.SZ,33.15,33.55,38.3,30.58,33.3,-0.15,-0.0045,252696682.0,8671295948.0,35.0167,391119758.0,37.836,384300791.2,35.96,458936261.8,25.0695,495843519.4,18.954,417094768.3,13.7127,289773026.75,13.6708,238769958.0111,14.8452,220710722.6417
20080131,000001.SZ,33.3,38.5,44.5,32.81,38.6,-5.3,-0.1373,495414445.0,19447691072.0,35.9933,425913811.0,39.202,411639831.2,35.24,500449111.2,23.79,500845237.3,18.0567,416261173.6333,13.348,286952651.3167,13.4997,237271209.1,14.7582,219041971.7583
20071228,000001.SZ,38.6,37.59,40.09,34.96,36.08,2.52,0.0698,425248147.0,16135784270.0,40.91,391130943.0,40.142,450676773.4,33.798,511494845.9,22.564,502503677.15,17.1443,403755716.1,12.9868,282831690.2667,13.3353,233538172.0778,14.6738,215923847.9167
20071130,000001.SZ,36.08,47.11,48.98,33.6,48.05,-11.97,-0.2491,357078841.0,14277708886.0,41.37,379178854.6667,39.668,494599452.8,31.843,519078553.1,21.028,504953170.9,16.0553,396927557.4333,12.5183,277839919.9,13.1079,230426644.6556,14.5413,213629207.425
20071031,000001.SZ,48.05,41.5,48.8,38.1,39.98,8.07,0.2019,391065841.0,16548386460.0,42.01,490352293.0,37.956,527241227.0,30.148,585294985.8,19.5425,499250419.05,15.053,389245757.0,12.1187,275130894.55,12.907,227548039.0444,14.4428,212200159.9917
20070928,000001.SZ,39.98,38.1,40.3,34.57,38.0,1.98,0.0521,389391882.0,14539712590.0,38.07,574950860.6667,34.084,533571732.4,26.79,621212858.9,17.482,494422685.3,13.658,389806129.0,11.5337,270244498.8,12.5848,225472822.2889,14.2515,213064796.025
20070831,000001.SZ,38.0,36.25,40.86,34.38,36.23,1.77,0.0489,690599156.0,26257588910.0,33.9167,618582804.0,31.278,589258391.2,24.057,655346944.5,15.8005,483690521.25,12.499,379518407.8333,11.0968,266646007.6,12.3447,225171312.8444,14.0959,211208382.4
20070731,000001.SZ,36.23,26.81,36.4,25.14,27.52,8.71,0.3165,644861544.0,19631254642.0,30.8133,529289208.0,27.454,572312918.4,21.212,627263851.2,14.2075,456742613.0,11.4483,358742893.7667,10.7202,259509292.75,12.126,219951509.1222,13.9639,206710267.6167
20070629,000001.SZ,27.52,33.0,36.58,27.22,28.69,-1.17,-0.0408,520287712.0,17028330500.0,27.3867,536943752.0,24.018,543557653.4,18.405,591359831.4,12.688,428882460.4,10.4427,339169422.8,10.3665,255478253.0333,11.9293,214768071.8222,13.9511,203516701.1917
20070531,000001.SZ,28.69,26.2,30.48,25.89,25.95,2.74,0.1056,422718368.0,11882885620.0,24.5067,565471778.6667,22.34,643348744.6,16.376,553968350.4,11.5975,408659320.45,9.745,323700139.4,10.1578,254517893.6167,11.8174,209999011.3333,14.0362,201555227.9667
20070430,000001.SZ,25.95,18.98,25.95,18.95,18.88,7.07,0.3745,667825176.0,14751428404.0,21.2933,591594062.3333,19.496,708853985.4,14.179,532750777.0,10.451,396174021.55,9.0237,312640748.3,9.8657,248875031.7167,11.7174,206423396.1222,14.0775,204636100.9
20070330,000001.SZ,18.88,19.0,20.88,17.28,19.05,-0.17,-0.0089,605871792.0,11466152248.0,19.02,708733393.0,16.836,721435497.8,12.34,501241363.4,9.465,374167204.85,8.3977,294139553.3667,9.6248,239146332.0333,11.6689,199755775.5333,14.1675,203668864.1167
20070228,000001.SZ,19.05,18.56,21.4,16.66,19.13,-0.08,-0.0042,501085219.0,9478214400.0,17.55,756857653.0,14.97,682214784.0,11.33,493512508.4,8.8175,349886151.2,8.0403,278632379.2,9.494,232104834.3833,11.7179,194930071.6111,14.2377,203004178.9667
20070131,000001.SZ,19.13,14.65,20.98,13.0,14.47,4.66,0.322,1019243168.0,16783391706.0,15.4167,833406826.0,12.792,639162009.4,10.213,490827788.7,8.1615,335852059.6,7.6773,263382556.3,9.3457,224448611.2167,11.7801,192333146.7,14.239,201323536.575
20061229,000001.SZ,14.47,12.66,14.68,12.21,12.65,1.82,0.1439,750244572.0,10115948764.0,12.2233,630248511.0,10.412,464587956.2,8.937,413205852.3,7.5055,291221142.6,7.31,231297943.7333,9.2023,208683651.9333,11.8131,186680631.8667,14.2399,195268624.5167
20061130,000001.SZ,12.65,9.55,13.18,9.1,9.55,3.1,0.3246,730732738.0,8149120562.0,10.12,475440769.0,8.862,356647568.6,8.174,367632511.7,7.092,274102764.05,7.1143,209480599.8,9.1653,197070339.5167,11.9583,190049169.0667,14.257,193194148.5917
20061031,000001.SZ,9.55,8.32,10.25,8.3,8.16,1.39,0.1703,409768223.0,3799773856.0,8.3133,280654157.0,7.844,281047229.0,7.544,312034098.0,6.72,241604139.5,7.0133,187122233.0333,9.1782,185831695.5333,12.0238,184263700.0,14.3026,191182673.025
20060929,000001.SZ,8.16,7.21,8.26,7.01,7.23,0.93,0.1286,285821346.0,2170450794.0,7.37,214245627.3333,7.69,304810232.8,7.203,286221374.8,6.5665,224482415.05,7.006,179651318.8,9.2492,181321878.6333,12.0666,180406657.4667,14.3676,191237607.4333
20060831,000001.SZ,7.23,6.73,7.39,6.55,6.72,0.51,0.0759,146372902.0,1021664118.0,7.17,236548858.6667,7.634,342493568.0,6.971,266405089.4,6.4615,213074218.5,7.0893,182094394.2667,9.3257,177361488.25,12.128,177721464.1889,14.4353,190940298.4167
20060731,000001.SZ,6.72,7.56,8.23,6.69,7.56,-0.84,-0.1111,210542634.0,1604749198.0,7.6867,363952305.3333,7.462,361823748.4,6.819,263350290.5,6.4295,208566033.9,7.1937,191095627.0667,9.417,175848799.1667,12.1987,176255955.7556,14.5115,193839900.2083
20060630,000001.SZ,7.56,7.9,7.9,6.8,8.78,-1.22,-0.139,352731040.0,2548890086.0,8.0733,451850768.0,7.486,378617454.8,6.723,259597266.1,6.446,202585733.95,7.279,189599290.5333,9.5355,173532451.1833,12.2848,174255383.3333,14.5871,197390897.8
20060531,000001.SZ,8.78,7.88,8.99,7.66,7.88,0.9,0.1142,528583242.0,4375992932.0,7.6767,415281689.3333,7.244,343020967.0,6.59,247093046.3,6.4265,190588648.35,7.3107,183520214.9667,9.6647,169115233.3333,12.3658,170831305.8556,14.6517,202316705.3833
20060428,000001.SZ,7.88,6.32,8.09,6.28,6.37,1.51,0.237,474238022.0,3297142536.0,7.03,337257664.0,6.716,267632516.8,6.305,206259794.0,6.3955,171192314.6,7.2973,170399265.8,9.7883,162090653.3667,12.4446,166306359.3222,14.6806,203243987.6583
20060331,000001.SZ,6.37,6.84,6.89,6.15,6.84,-0.47,-0.0687,243023804.0,1556451296.0,6.52,237427857.0,6.308,190316610.8,6.11,180876330.5,6.4095,149659940.1,7.306,156963900.4333,9.9158,157008869.85,12.5224,161656788.3778,14.7441,200993080.3833
20060228,000001.SZ,6.84,6.35,7.1,6.13,6.35,0.49,0.0772,294511166.0,1955446452.0,6.4433,206966919.3333,6.176,164876832.6,6.074,169236432.9,6.4965,140343989.45,7.3993,151893703.1,10.08,159045011.3667,12.6269,159556484.5111,14.7572,199627168.8667
20060125,000001.SZ,6.35,6.13,6.5,6.05,6.14,0.21,0.0342,174748601.0,1096272782.0,6.11,138016028.0,5.96,140577077.4,6.01,180573016.4,6.5845,130404643.85,7.5157,144672533.2333,10.2008,154743660.9167,12.7302,157082503.0556,14.7616,197355207.1833
20051230,000001.SZ,6.14,5.84,6.27,5.6,5.84,0.3,0.0514,151640991.0,815753495.0,5.8967,118374798.6667,5.936,151165125.6,5.896,171174181.0,6.748,124666300.55,7.6577,142269090.5667,10.3447,152991776.9667,12.8514,156282213.6889,14.7597,195958937.7083
20051130,000001.SZ,5.84,5.69,5.9,5.51,5.71,0.13,0.0228,87658492.0,501380172.0,5.77,125498598.3333,5.894,144887071.2,5.93,162743455.3,6.9075,126366290.8,7.8227,141013120.6333,10.4843,151719460.45,12.9734,155619151.7,14.7621,194772625.4667
20051031,000001.SZ,5.71,6.28,6.58,5.51,5.76,-0.05,-0.0087,115824913.0,710124316.0,5.9,172175381.6667,5.912,171436050.2,5.952,159743347.6,7.1485,139939046.7,8.0463,145965626.0667,10.6452,152115099.7667,13.1316,155848833.6778,14.7717,194154628.6
20050930,000001.SZ,5.76,6.24,6.44,5.75,6.23,-0.47,-0.0754,173012390.0,1075347928.0,5.9733,173650650.3333,5.972,173596033.2,6.04,153781777.3,7.381,154968295.35,8.2703,163074021.7333,10.8425,151348229.9,13.2999,156070578.1889,14.7859,193375732.6583
20050831,000001.SZ,6.23,5.92,6.49,5.82,5.93,0.3,0.0506,227688842.0,1406012414.0,6.03,189447649.3333,6.06,220568955.4,6.169,145574201.8,7.557,154600302.75,8.4713,162451285.2,11.0292,149607552.8667,13.4756,155249374.0889,14.8036,192158096.075
20050729,000001.SZ,5.93,5.92,6.15,5.42,5.93,0.0,0.0,120250719.0,700027207.0,5.9567,155759644.6667,5.856,191183236.4,6.263,134084250.4,7.671,151733799.3,8.6393,157644129.0,11.2212,147776226.8333,13.6587,153302237.8,14.8322,190841214.8917
20050630,000001.SZ,5.93,6.01,6.93,5.7,6.01,-0.08,-0.0133,220403387.0,1396565124.0,6.0467,251635072.0,5.966,180599839.4,6.486,136124835.2,7.7935,152469001.7,8.8293,161907664.4333,11.4308,148429400.0667,13.8503,153313225.1889,14.8589,189919015.5667
20050531,000001.SZ,6.01,6.23,6.4,5.76,6.2,-0.19,-0.0306,126624828.0,776811944.0,5.8067,205087358.6667,5.992,148050645.0,6.709,118443549.7,7.904,145007685.4,8.9813,158752282.3667,11.6342,147176188.2667,14.0367,152529757.4222,14.8859,188181672.3417
20050429,000001.SZ,6.2,5.2,7.39,5.12,5.21,0.99,0.19,407877001.0,2621468198.0,5.9633,185323660.6667,6.108,133967521.4,6.919,111451546.0,8.062,143222338.2,9.1843,161016032.1,11.834,146699180.0667,14.2394,153184960.9889,14.9175,187569781.275
20050331,000001.SZ,5.21,6.48,6.5,5.05,6.48,-1.27,-0.196,80760247.0,473815543.0,5.9167,68583798.6667,6.278,70579448.2,7.159,80236271.3,8.2685,126722291.65,9.4093,150682868.6,12.0482,143306168.9333,14.4493,154151018.3667,14.9466,184281102.1
20050228,000001.SZ,6.48,6.07,6.77,6.06,6.06,0.42,0.0693,67333734.0,442179166.0,6.3767,60400119.6667,6.67,76985264.4,7.6,78158420.1,8.5385,127816545.35,9.6947,153773607.3667,12.2675,147997765.35,14.6282,155105040.5889,14.9928,183764855.0417
20050131,000001.SZ,6.06,6.59,6.65,5.85,6.59,-0.53,-0.0804,57657415.0,364576363.0,6.5667,68267753.3333,7.006,91649831.0,7.885,89989126.3,8.769,130147953.3,9.992,160275691.7333,12.4648,150555816.8,14.8024,156032725.5667,15.0274,183274942.2583
20041231,000001.SZ,6.59,7.03,7.24,6.55,7.05,-0.46,-0.0652,56209210.0,387461475.0,6.9367,86645057.6667,7.426,88836454.4,8.345,120134745.8,9.0935,139076765.3,10.2903,171787083.2667,12.6727,152567396.3333,15.1206,158299127.3222,15.0648,182940197.9667
20041130,000001.SZ,7.05,7.15,7.5,6.79,7.17,-0.12,-0.0167,90936635.0,650625129.0,7.46,114794176.6667,7.73,88935570.6,8.722,156154813.4,9.3855,167720143.95,10.5707,185335647.8333,12.8537,153148447.3,15.4667,160840257.4889,15.0972,182612383.7167
20041029,000001.SZ,7.17,8.2,8.49,6.6,8.16,-0.99,-0.1213,112789328.0,837882636.0,7.83,99012142.3333,8.04,89893094.4,8.945,163626403.7,9.6225,170889826.9,10.7077,185109315.1333,13.0643,153314720.0333,15.7621,168634551.7667,15.1318,181965786.7583
20040930,000001.SZ,8.16,8.16,9.24,7.86,8.16,0.0,0.0,140656567.0,1198095790.0,8.1433,80317296.6667,8.53,79331575.8,9.079,169383348.2,9.8275,169424068.3,10.852,184153110.7,13.3045,152563886.6167,16.0908,173511967.7,15.1653,181598951.525
20040831,000001.SZ,8.16,8.08,8.29,7.9,8.11,0.05,0.0062,43590532.0,352195383.0,8.29,65339859.0,8.764,88328421.6,9.101,168813168.2,10.001,174799079.05,10.9477,185577289.5667,13.5567,153078917.8167,16.3034,177794778.8889,15.2173,182689749.3
20040730,000001.SZ,8.11,8.52,8.8,8.0,8.6,-0.49,-0.057,56704791.0,475630400.0,8.7767,70803593.3333,9.264,151433037.2,9.099,171571821.1,10.1175,178906648.7,11.014,185514666.1333,13.8315,156808441.9,16.4262,180637196.6667,15.2535,183897137.3667
20040630,000001.SZ,8.6,9.72,10.04,8.38,9.62,-1.02,-0.106,95724254.0,893088519.0,9.1833,113782261.6667,9.714,223374056.2,9.205,174993130.4,10.317,185798275.15,11.0947,186069360.1333,14.0647,164371975.9333,16.5499,183258851.4444,15.2526,183565635.775
20040531,000001.SZ,9.62,9.34,9.9,8.81,9.33,0.29,0.0311,59981735.0,555807893.0,9.87,201578713.6667,9.85,237359713.0,9.378,173208312.0,10.5345,185906167.25,11.2163,184660079.2333,14.3803,180333453.7,16.6379,187765331.5222,15.2929,182854983.6583
20040430,000001.SZ,9.33,10.66,10.78,8.9,10.66,-1.33,-0.1248,185640796.0,1851526612.0,10.1167,320388097.3333,9.628,259435120.6,9.477,177474670.6,10.742,191581201.0,11.343,184541158.0333,14.529,182834433.4833,16.7323,192536153.0222,15.3344,182791395.0333
20040331,000001.SZ,10.66,10.32,11.4,10.05,10.36,0.3,0.029,359113610.0,3900950840.0,10.1,313725344.6667,9.438,249297914.8,9.653,170306780.3,11.0455,195418974.45,11.4923,182992438.4667,14.5968,180784326.8,16.8214,195099703.6444,15.3899,181471489.2333
20040227,000001.SZ,10.36,9.4,11.39,9.35,9.28,1.08,0.1164,416409886.0,4380283334.0,9.3833,250807065.6667,8.934,191710605.0,9.842,158018784.8,11.263,197613252.0,11.562,172628582.2333,14.6473,175534999.15,16.884,193888933.1333,15.4265,178558956.65
20040130,000001.SZ,9.28,8.51,9.59,8.41,8.51,0.77,0.0905,165652538.0,1528924236.0,8.7233,156988692.6667,8.696,126612204.6,10.049,179285474.5,11.495,199926065.05,11.6403,160601971.2667,14.7012,168836120.1,16.9508,194754657.9222,15.4914,175147379.2667
20031231,000001.SZ,8.51,8.4,9.15,8.25,8.38,0.13,0.0155,170358773.0,1487433702.0,8.3433,125496867.0,8.906,109056911.0,10.3,178153250.1,11.589,195850770.85,11.792,157465611.8333,14.7877,166583429.7333,17.0231,199988100.2222,15.5645,173831112.2833
20031128,000001.SZ,8.38,8.11,8.99,7.62,8.14,0.24,0.0295,134954767.0,1111823172.0,8.5633,99016570.6667,9.326,95514220.6,10.576,169464788.4,11.7385,191537991.95,12.0187,154710251.7,14.8933,164486851.3,17.0987,208582202.1889,15.6798,172534378.3417
20031031,000001.SZ,8.14,9.25,9.47,7.97,9.17,-1.03,-0.1123,71177061.0,627835455.0,9.2133,79990338.3333,9.868,91315645.8,10.901,180784989.9,11.871,193959350.25,12.2793,153782040.9333,15.0182,164259906.0833,17.1417,214192228.2778,15.795,171534381.95
20030930,000001.SZ,9.17,10.3,10.51,8.99,10.33,-1.16,-0.1123,90917884.0,889565268.0,10.0367,90479758.3333,10.75,124326964.6,11.136,186241476.3,11.9715,192486088.65,12.5257,157053839.2667,15.1307,164003232.35,17.2234,215669473.7,15.9093,170992749.775
20030829,000001.SZ,10.33,10.61,11.16,10.1,10.61,-0.28,-0.0264,77876070.0,834362768.0,10.6767,98161094.6667,11.402,231958744.4,11.429,196603419.9,12.0395,191607475.0,12.7607,166196319.6333,15.2407,163387875.2167,17.2098,215538324.1222,16.0212,170306079.9083
20030731,000001.SZ,10.61,11.09,11.48,10.32,11.09,-0.48,-0.0433,102645321.0,1124462256.0,11.4167,150946956.3333,11.694,247249589.2,11.691,198604022.5,12.1355,190385962.85,12.886,164814788.6,15.3375,163287487.9667,17.1769,214916098.5,16.1322,169957669.325
20030630,000001.SZ,11.09,12.54,12.54,11.01,12.55,-1.46,-0.1163,113961893.0,1357192912.0,12.0233,326424110.3333,11.826,243415356.2,12.007,205687731.4,12.276,188074401.75,13.0317,163714463.3667,15.4483,163288775.25,17.127,213855553.4222,16.2487,169320914.15
20030530,000001.SZ,12.55,12.2,13.18,11.8,12.43,0.12,0.0097,236233655.0,2962253848.0,12.2567,339880244.0,11.934,270254334.0,12.438,220531168.6,12.412,189335267.55,13.146,162425800.2667,15.5488,162922167.2333,17.0752,212692460.4111,16.3797,168515199.2083
20030430,000001.SZ,12.43,11.81,13.9,11.6,11.79,0.64,0.0543,629076783.0,8006313702.0,11.83,288960411.0,11.522,248155988.0,12.684,237207719.2,12.422,179933480.95,13.244,158264573.4667,15.6742,160790437.4833,17.0136,210217629.4444,16.5176,166720017.9167
20030331,000001.SZ,11.79,11.29,11.85,10.68,11.27,0.52,0.0461,154330294.0,1744528602.0,11.5633,161987077.3333,11.456,161248095.4,12.941,220566655.6,12.436,151260219.65,13.4147,139622438.0667,15.8147,152568856.4167,16.9578,203476302.9667,16.904,161599022.225
20030228,000001.SZ,11.27,11.58,11.6,10.81,11.63,-0.36,-0.031,83474156.0,936307912.0,11.13,152457621.0,11.688,149958455.8,12.878,213548291.6,12.538,147121792.7,13.587,136763820.5333,15.9777,151648418.5333,16.9143,202060366.3667,17.2841,160517721.4417
20030129,000001.SZ,11.63,10.35,11.8,9.91,10.49,1.14,0.1087,248156782.0,2765537760.0,11.4067,189478675.6667,12.188,167960106.6,12.901,213611195.5,12.74,147332983.35,13.803,137908324.6667,16.1683,151131292.2,16.8964,201906910.1889,17.6802,160058861.8083
20021231,000001.SZ,10.49,12.09,12.09,10.2,12.1,-1.61,-0.1331,125741925.0,1390623668.0,11.8467,139387113.6667,12.942,170808003.2,12.841,207133710.6,12.9685,140280566.45,14.0323,134951135.7,16.3608,149016005.5667,16.8688,199256132.6111,17.9907,158081857.7917
20021129,000001.SZ,12.1,12.96,13.93,11.4,12.95,-0.85,-0.0656,194537320.0,2483685448.0,12.94,155300608.6667,13.846,226259450.4,12.807,198730701.0,13.2205,142460020.75,14.287,135600094.1667,16.5643,149418494.95,16.8541,197991469.0,18.2742,157230570.0833
20021031,000001.SZ,12.95,13.5,13.67,12.53,13.77,-0.82,-0.0595,97882096.0,1286757196.0,14.04,177920257.0,14.426,279885215.8,12.65,186611530.1,13.4265,150992769.5,14.4837,132382328.0333,16.767,149269425.4333,16.8286,196421031.0,18.4925,155755362.4167
20020927,000001.SZ,13.77,15.44,15.86,13.6,15.4,-1.63,-0.1058,173482410.0,2551309408.0,14.7267,279625945.3333,14.068,277138127.4,12.58,182167903.2,13.4835,147920171.65,14.687,135929469.2667,16.9693,155885093.25,16.7923,195480513.2667,,
20020830,000001.SZ,15.4,14.95,15.8,14.51,15.01,0.39,0.026,262396265.0,3998026444.0,15.1367,376020524.3333,13.614,259262284.4,12.545,170461072.1,13.544,142727829.35,14.8403,142221923.3333,17.095,155770757.2,16.7589,193761937.6,,
20020731,000001.SZ,15.01,15.05,15.5,13.9,15.0,0.01,0.0007,402999161.0,5989213146.0,13.7233,316603987.3333,12.74,243459418.0,12.386,158139366.5,13.5,133373116.1,14.9377,140835941.8667,17.2077,153911242.4833,16.7059,190941359.1,,
20020628,000001.SZ,15.0,11.15,15.5,10.92,11.16,3.84,0.3441,462666147.0,6403914202.0,12.5533,210305332.0,11.768,171201951.6,12.16,122659242.7,13.524,118793000.6,15.055,133347709.4,17.5357,151555149.35,16.6562,186657902.8667,,
20020531,000001.SZ,11.16,11.53,11.93,10.8,11.5,-0.34,-0.0296,84146654.0,955067018.0,11.23,117210594.0,10.874,93337844.4,11.931,81953783.7,13.6515,99150329.3,15.1367,120961246.7667,17.9147,148592562.3167,16.606,181704629.0111,,
20020430,000001.SZ,11.5,11.03,11.79,10.36,11.03,0.47,0.0426,84103195.0,924254092.0,10.8933,103065652.3333,11.092,87197679.0,12.198,80695293.8,13.9415,98371585.0,15.421,121520124.9333,18.2893,160397170.0833,16.6064,180917943.9667,,
20020329,000001.SZ,11.03,10.15,12.2,10.1,10.15,0.88,0.0867,183381933.0,2101749896.0,10.57,99479791.0,11.476,81659859.8,12.579,81054771.2,14.254,100056889.25,15.757,120974662.5333,18.7102,168191396.2,16.6031,180747565.1333,,
20020228,000001.SZ,10.15,10.52,10.98,10.08,10.53,-0.38,-0.0361,41711829.0,438447832.0,10.9767,56167755.6667,12.032,72819315.0,13.096,73427422.3,14.628,98859848.25,16.1657,120580546.0667,18.9813,173903523.55,16.6406,181727235.8778,,
20020131,000001.SZ,10.53,12.28,12.3,9.45,12.25,-1.72,-0.1404,73345611.0,776960811.0,12.0667,61068512.3333,12.552,74116533.8,13.634,86189340.5,15.027,104034790.75,16.649,128102217.6667,19.1323,178198461.9333,16.6667,183357961.1111,,
20011231,000001.SZ,12.25,13.42,13.65,11.99,13.42,-1.17,-0.0872,53445827.0,682191322.0,13.16,83013045.0,12.988,70569723.0,14.203,115374008.9,15.4005,105267727.0,17.0347,142674591.7333,19.2775,181853597.1,16.6386,182731060.9889,,
20011130,000001.SZ,13.42,13.81,14.2,12.55,13.81,-0.39,-0.0282,56414099.0,755405023.0,13.3267,81263743.6667,13.304,74192908.6,14.387,113672440.1,15.7405,112810252.3,17.5443,176006828.1667,19.3487,189317957.6667,16.6518,182253285.1333,,
20011031,000001.SZ,13.81,12.75,14.5,11.9,12.75,1.06,0.0831,139179209.0,1880120538.0,13.09,80996229.6667,13.682,80449682.6,14.543,114994586.6,15.988,128102348.95,17.715,181127708.9333,19.427,196533650.5167,16.6649,182208140.7,,
20010928,000001.SZ,12.75,12.75,13.13,11.98,12.71,0.04,0.0031,48197923.0,608094856.0,13.0967,58457078.3333,14.16,74035529.6,14.614,108606865.7,16.2135,132184229.55,17.7013,178576215.1333,19.486,201153336.2333,16.6891,180964506.1556,,
20010831,000001.SZ,12.71,13.85,14.22,12.5,13.83,-1.12,-0.081,55611557.0,736130099.0,13.95,71623760.3333,14.716,98262147.2,14.888,114926758.5,16.5025,138691942.75,17.7327,178441416.0667,19.545,204519108.5833,16.7147,180535748.1222,,
20010731,000001.SZ,13.83,15.38,16.05,13.6,15.31,-1.48,-0.0967,71561755.0,1076464570.0,15.1133,88789389.3333,15.418,160178294.8,15.372,116346874.9,16.7395,140464978.3,17.762,177070268.9333,19.606,211831001.25,16.7751,179995848.6,,
20010629,000001.SZ,15.31,16.2,16.6,15.17,16.2,-0.89,-0.0549,87697969.0,1382545828.0,15.68,121379141.3333,15.47,153151971.6,15.685,116047876.2,17.0325,141932540.5,17.7833,175701247.6333,19.6387,221249344.4167,16.822,179286279.1,,
20010531,000001.SZ,16.2,15.53,16.43,15.18,15.53,0.67,0.0431,107108444.0,1685612448.0,15.9833,213877250.0,15.404,149539490.6,15.929,119059007.3,17.346,140934608.2,17.768,174263450.9,19.6387,235518177.4333,16.9002,178475753.8889,,
20010430,000001.SZ,15.53,16.25,17.11,15.48,16.22,-0.69,-0.0425,169331011.0,2778050104.0,15.28,190317815.0,15.068,143178201.8,16.16,124292274.2,17.7005,144157107.95,17.757,174737771.2333,19.5728,244397321.95,16.9669,177451828.9556,,
20010330,000001.SZ,16.22,14.2,17.1,14.1,14.09,2.13,0.1512,365192295.0,5903546066.0,15.0967,157085999.3333,15.06,131591369.8,16.42,121880241.0,18.1565,149058656.25,17.7357,170952625.4333,19.5723,244977290.9167,17.0371,175639053.2778,,
20010228,000001.SZ,14.09,15.0,15.1,13.8,14.98,-0.89,-0.0594,36430139.0,518925890.0,14.53,60455901.0,15.326,72515455.0,16.598,95161445.1,18.4505,156324883.15,17.7207,160579430.8,19.4343,240209326.3667,17.108,171676000.0,,
20010119,000001.SZ,14.98,14.54,15.2,13.85,14.52,0.46,0.0317,69635564.0,1012004200.0,14.9967,85444805.0,15.9,78943780.8,17.094,111948064.5,19.123,207174022.2,17.789,161760187.3333,19.3223,239966753.45,17.2142,171671962.9,,
20001229,000001.SZ,14.52,15.5,15.64,14.3,15.49,-0.97,-0.0626,75302000.0,1121571400.0,15.8533,85503857.3333,16.454,88578524.0,17.433,141210111.3,19.301,214194270.1,17.865,162863087.1333,19.1747,238926098.45,17.3211,171189731.0778,,
20001130,000001.SZ,15.49,17.55,18.0,15.17,17.55,-2.06,-0.1174,111396851.0,1808175980.0,16.6667,83260446.6667,17.252,105406346.6,17.813,155761593.4,19.245,213560889.85,17.9517,163418534.2,19.0398,237825790.4833,17.4576,170544998.8556,,
20001031,000001.SZ,17.55,17.0,17.86,16.66,16.96,0.59,0.0348,69812721.0,1214757258.0,17.42,85397923.0,17.78,112169112.2,18.117,162457127.0,19.155,210198744.85,18.1043,163316301.5,18.8983,236194157.4333,17.6088,169538499.4,,
20000929,000001.SZ,16.96,17.7,17.85,16.1,17.75,-0.79,-0.0445,68571768.0,1166688700.0,17.74,115274053.6667,17.87,117807435.2,18.107,164583081.7,18.957,207431965.95,18.2147,165515274.7667,18.7293,235403235.4167,18.0671,168924550.2778,,
20000831,000001.SZ,17.75,18.55,18.95,17.71,18.51,-0.76,-0.0411,117809280.0,2153198116.0,18.13,140820357.3333,18.288,144952348.2,18.38,167817204.8,18.8325,205527933.35,18.3683,166533016.5333,18.578,234708639.2833,18.5164,168435688.4111,,
20000731,000001.SZ,18.51,18.0,19.47,17.58,18.13,0.38,0.021,159441113.0,2947046352.0,18.2133,134218709.3333,18.412,193841698.6,18.763,162810209.1,18.6875,201865672.7,18.5337,164354259.7333,18.4432,233906202.95,18.9726,167442374.1889,,
20000630,000001.SZ,18.13,18.01,19.23,17.9,18.0,0.13,0.0072,145210679.0,2675613716.0,18.3933,149170449.3333,18.374,206116840.2,19.241,164021941.7,18.5555,199960519.75,18.6893,163080875.4333,18.287,231408631.0667,19.3102,165792098.4889,,
20000531,000001.SZ,18.0,19.12,19.18,17.48,19.05,-1.05,-0.0551,98004336.0,1779608400.0,18.4733,221518900.3333,18.454,212745141.8,19.893,176237071.5,18.3935,195488817.65,18.8417,163236895.7333,18.1377,229187156.4167,19.6032,164440728.7222,,
20000428,000001.SZ,19.05,18.38,20.02,18.05,18.37,0.68,0.037,204296333.0,3897906836.0,18.58,262456395.3333,18.344,211358728.2,20.303,217488321.2,18.282,193288423.65,19.0503,166156522.8333,18.001,228440382.4833,19.8288,163546373.8778,,
20000331,000001.SZ,18.37,18.4,20.59,17.68,18.32,0.05,0.0027,362256032.0,6859299262.0,18.4067,253808346.6667,18.472,190682061.4,21.152,302399979.9,18.1365,186666248.75,19.2517,175840717.2333,17.845,225256035.2667,,,,
20000229,000001.SZ,18.32,19.2,21.01,17.8,18.53,-0.21,-0.0113,220816821.0,4175317932.0,18.1,163413758.6667,19.114,131778719.6,21.169,287178428.9,18.081,173689575.05,19.3497,169319591.0667,17.7182,219531944.7333,,,,
20000128,000001.SZ,18.53,17.5,20.48,17.2,17.45,1.08,0.0619,178352187.0,3298463484.0,18.5567,123445818.0,20.108,121927043.2,20.677,271360186.3,18.021,167247004.6,19.4777,166986543.1,17.59,215994067.7167,,,,
19991230,000001.SZ,17.45,19.6,20.03,16.99,19.69,-2.24,-0.1138,91072268.0,1681975090.0,19.5733,86574863.3333,21.332,139729001.2,20.193,257940362.7,18.098,163745888.75,20.0163,169762589.3,17.4568,213312999.6,,,,
19991130,000001.SZ,19.69,21.6,22.68,19.58,21.58,-1.89,-0.0876,100912999.0,2167748120.0,21.52,113403587.0,22.262,223617914.2,19.807,250280850.2,18.2685,165981371.3,20.6927,176223877.8667,17.3407,212076320.1333,,,,
19991029,000001.SZ,21.58,23.01,23.25,20.9,23.29,-1.71,-0.0734,67739323.0,1487762072.0,23.1733,168886579.6667,23.832,414117898.4,19.285,243238661.9,18.3625,165890922.4,21.1577,199274215.2333,17.1992,210616853.4833,,,,
19990930,000001.SZ,23.29,24.65,25.55,23.18,24.65,-1.36,-0.0552,171558439.0,4164316868.0,23.3467,316479083.0,23.224,442578138.2,18.612,240921136.3,18.419,165126285.05,21.6633,215408129.8667,17.0262,210634016.4333,,,,
19990831,000001.SZ,24.65,22.2,25.22,21.08,22.1,2.55,0.1154,267361977.0,6293475628.0,24.7633,610430576.6667,21.246,420793329.4,17.87,235899097.8,18.4135,162610342.3,21.797,227226501.0333,16.878,212300580.7833,,,,
19990730,000001.SZ,22.1,27.29,28.0,18.88,27.54,-5.44,-0.1975,510516833.0,11944654624.0,22.7267,591323425.0,19.054,376151724.2,16.894,214740563.8,18.316,156736807.85,21.6157,228294706.2,16.6755,210985832.8333,,,,
19990630,000001.SZ,27.54,18.54,29.4,18.01,18.54,9.0,0.4854,1053412920.0,24402558492.0,19.8267,442029279.0,17.352,276943786.2,16.261,169088526.1,18.424,140490623.65,21.5203,221032602.4667,16.4405,202759295.6167,,,,
19990531,000001.SZ,18.54,13.4,18.54,12.1,13.4,5.14,0.3836,210040522.0,3429114066.0,15.21,105609622.6667,14.738,72359425.4,15.121,70932517.6,18.3015,112561085.9,21.153,202629087.1667,16.2055,185376513.6167,,,,
19990430,000001.SZ,13.4,13.61,14.8,13.1,13.69,-0.29,-0.0212,62634395.0,876717575.0,13.56,40421829.6667,14.0,39264134.4,14.993,60200721.2,18.44,110390172.15,21.139,211939592.1,16.1398,182748356.5833,,,,
19990331,000001.SZ,13.69,13.6,14.47,13.5,13.59,0.1,0.0074,44153951.0,612307998.0,13.9167,29707403.3333,14.494,51004866.2,15.365,63133822.9,18.878,114799721.5,21.2707,223730457.3333,16.183,182158651.6667,,,,
19990209,000001.SZ,13.59,14.47,14.55,13.24,14.47,-0.88,-0.0608,14477143.0,200690092.0,14.3033,29844108.6667,14.734,53329403.4,16.003,69551414.8,19.928,125673702.6,21.3573,230596801.1,16.2057,181582914.15,,,,
19990129,000001.SZ,14.47,14.88,15.25,14.3,14.85,-0.38,-0.0256,30491116.0,447298278.0,15.0633,65464412.3333,15.17,61233266.0,16.73,81681892.4,21.1355,139195391.7,21.45,246591733.5667,16.2817,181458638.4333,,,,
19981231,000001.SZ,14.85,16.0,16.35,14.72,15.87,-1.02,-0.0643,44564067.0,684824336.0,15.2033,73892919.3333,15.504,69505609.8,17.44,88543182.9,22.094,177291991.9,21.494,266797441.2,16.3413,181078794.8333,,,,
19981130,000001.SZ,15.87,14.99,17.77,14.5,14.89,0.98,0.0658,121338054.0,1984691260.0,15.51,77037049.0,15.986,81137308.0,18.226,89331433.8,23.189,202651626.65,21.5093,296772903.9667,16.4663,180581905.3833,,,,
19981030,000001.SZ,14.89,15.77,15.8,14.28,15.77,-0.88,-0.0558,55776637.0,835786636.0,15.6,60541976.0,16.236,75262779.6,18.957,89321586.8,23.7605,222890202.65,21.3887,314056872.6667,16.5718,178808857.8167,,,,
19980930,000001.SZ,15.77,16.13,16.5,15.38,16.14,-0.37,-0.0229,53996456.0,859261529.0,16.39,76190616.3333,17.272,85773426.2,19.738,98733051.9,23.9765,235071777.4,21.409,319001956.4,16.6878,177982267.2,,,,
19980831,000001.SZ,16.14,17.28,17.5,15.0,17.26,-1.12,-0.0649,71852835.0,1172085262.0,16.84,88846935.0,18.29,102130518.8,20.587,111892721.2,24.15,247004640.65,21.148,319839221.9333,16.8017,177224284.6,,,,
19980731,000001.SZ,17.26,17.58,18.0,15.01,17.12,0.14,0.0082,102722558.0,1740171766.0,18.15,101005946.6667,19.376,107580756.0,21.482,154189654.2,24.169,268477371.95,20.8557,318173319.5667,16.9268,176627850.6833,,,,
19980630,000001.SZ,17.12,20.1,20.3,17.1,20.07,-2.95,-0.147,91965412.0,1746011384.0,19.35,112025733.6667,20.466,97525559.6,21.887,160579623.1,24.212,287809027.55,20.4843,314989109.7667,17.0492,175353053.05,,,,
19980529,000001.SZ,20.07,20.9,21.4,19.95,20.86,-0.79,-0.0379,108329870.0,2208165976.0,20.8333,114405270.0,21.678,103380394.0,22.391,166465620.1,24.2235,304028774.55,20.128,312233046.7667,17.2105,174108231.1833,,,,
19980430,000001.SZ,20.86,21.5,23.0,20.4,21.57,-0.71,-0.0329,135781919.0,2931748224.0,21.7133,95777505.3333,22.204,111692677.6,23.853,181795990.4,24.0345,311119494.25,19.6923,309072013.3667,17.361,172649598.35,,,,
19980331,000001.SZ,21.57,22.53,22.7,20.05,22.71,-1.14,-0.0502,99104021.0,2126286844.0,22.4867,90930060.3333,22.884,121654923.6,25.541,196708891.0,23.81,329046654.15,19.244,305291196.0667,17.9933,170629188.0333,,,,
19980227,000001.SZ,22.71,23.62,24.26,22.21,23.18,-0.47,-0.0203,52446576.0,1208681152.0,22.8633,107859149.3333,23.588,200798552.4,26.748,266040800.9,23.521,355924570.35,18.7877,302884262.0333,18.5905,169387024.35,,,,
19980123,000001.SZ,23.18,22.65,24.3,20.71,22.7,0.48,0.0211,121239584.0,2774533396.0,23.38,152241340.3333,23.308,223633686.6,28.152,315971819.5,23.151,400493639.05,18.3527,303458146.1667,19.192,168986431.4167,,,,
19971231,000001.SZ,22.7,24.01,24.99,22.48,24.26,-1.56,-0.0643,149891288.0,3535935968.0,24.0167,276768867.3333,23.104,229550846.2,28.564,356458818.5,22.6045,426424515.6,17.8847,299736386.7,19.6207,167147710.0167,,,,
19971128,000001.SZ,24.26,25.09,26.5,23.4,25.09,-0.83,-0.0331,185593149.0,4698224392.0,23.5533,282345853.6667,25.502,251899303.2,28.215,371410502.9,22.2445,429136408.65,17.4337,295137417.1,19.984,165042645.2167,,,,
19971031,000001.SZ,25.09,21.89,27.7,20.76,21.31,3.78,0.1774,494822165.0,12407958752.0,22.8533,270756598.0,28.198,271762858.4,27.713,382116560.1,21.4285,423812472.3,16.9517,290724242.1333,20.218,162241299.4,,,,
19970930,000001.SZ,21.31,22.13,23.58,18.8,22.16,-0.85,-0.0384,166622247.0,3621225440.0,26.0533,193027067.3333,29.908,331283049.4,26.856,382765089.7,20.5425,400165152.25,16.4383,274671353.3,,,,,,
19970829,000001.SZ,22.16,34.8,34.86,21.0,34.69,-12.53,-0.3612,150825382.0,4210745320.0,31.53,232456626.6667,32.996,408309952.4,26.537,415038432.0,19.783,392193853.1,16.0867,269744298.4,,,,,,
19970731,000001.SZ,34.69,38.0,39.2,30.8,37.74,-3.05,-0.0808,261633573.0,9211160602.0,35.3567,446322539.3333,34.024,483366790.8,26.056,441591929.0,18.9965,385116760.1,15.7023,265001592.3333,,,,,,
19970627,000001.SZ,37.74,34.1,38.88,29.18,33.64,4.1,0.1219,284910925.0,10011808324.0,36.0433,543030269.0,30.928,490921702.6,24.216,440442998.1,17.612,372710024.85,14.8973,256863409.9,,,,,,
19970530,000001.SZ,33.64,37.55,49.0,30.58,36.75,-3.11,-0.0846,792423120.0,32128704250.0,32.5633,623429818.6667,27.228,492470261.8,22.079,461384417.3,16.0955,359582348.6,13.9887,247928762.4,,,,,,
19970430,000001.SZ,36.75,27.35,37.86,27.03,27.3,9.45,0.3462,551756762.0,16703688482.0,27.7533,459091489.3333,23.804,434247130.0,20.294,445808339.8,14.8075,321305992.6,13.2407,221959491.7333,,,,,,
19970331,000001.SZ,27.3,19.28,28.85,18.89,19.21,8.09,0.4211,526109574.0,12333480228.0,21.9167,372723809.0,20.078,421766911.6,18.15,485015458.6,13.453,297201309.5,12.389,205859903.0,,,,,,
19970228,000001.SZ,19.21,18.98,19.78,17.03,19.24,-0.03,-0.0016,299408132.0,5601077858.0,18.3233,364456438.0,18.088,399817067.2,16.645,496390212.7,12.545,271375170.8,11.959,197374660.5333,,,,,,
19970131,000001.SZ,19.24,16.5,19.5,15.68,16.52,2.72,0.1646,292653721.0,5137125842.0,17.96,427772284.0,17.504,389964293.6,16.274,486862314.4,12.043,257000874.2,11.7353,193676959.4667,,,,,,
19961231,000001.SZ,16.52,18.28,20.5,15.17,18.12,-1.6,-0.0883,501307461.0,8813935378.0,17.33,469007827.6667,16.93,430298572.8,15.144,465508384.5,11.571,245028083.15,11.3607,184485988.7667,,,,,,
19961129,000001.SZ,18.12,16.96,20.15,16.41,17.35,0.77,0.0444,489355670.0,8941177358.0,17.2533,385286762.0,16.784,457369549.6,14.229,417565214.8,11.2295,220624485.1,11.258,168123940.0667,,,,,,
19961031,000001.SZ,17.35,16.6,18.46,15.8,16.29,1.06,0.0651,416360352.0,7056373136.0,16.67,386943244.3333,16.222,548264005.6,13.029,369349274.2,10.8615,197097231.6,11.1407,153557121.0667,,,,,,
19960927,000001.SZ,16.29,16.4,16.5,13.86,16.37,-0.08,-0.0049,250144264.0,3867160488.0,16.15,460377242.0,15.202,592963358.2,11.937,328641591.2,10.5255,176706424.0,11.0953,140586846.0,,,,,,
19960830,000001.SZ,16.37,15.8,17.76,15.45,15.79,0.58,0.0367,494325117.0,8303656070.0,15.8233,691605137.3333,15.044,583760335.2,11.008,304977051.6,10.238,165073615.8,11.054,132569027.2,,,,,,
19960731,000001.SZ,15.79,14.99,16.95,14.5,15.31,0.48,0.0314,636662345.0,10206997234.0,14.45,740115803.3333,13.358,500718196.2,10.112,257780279.9,9.9435,141200934.95,11.1133,116325543.3,,,,,,
19960628,000001.SZ,15.31,12.6,16.18,12.4,12.25,3.06,0.2498,943827950.0,13551628002.0,14.3533,595938071.3333,11.674,377760880.0,9.321,196803645.4,9.714,110035067.7,11.1887,95360148.4667,,,,,,
19960531,000001.SZ,12.25,16.2,19.48,8.81,15.5,-3.25,-0.2097,639857115.0,8762722148.0,11.8967,307700228.6667,9.836,190434542.8,8.756,109387160.4,9.5085,66282125.2,11.4233,64390906.8,,,,,,
19960430,000001.SZ,15.5,8.05,16.55,7.9,7.94,7.56,0.9521,204129149.0,2397154511.0,10.27,101706445.0,8.672,64319824.2,8.445,46360128.9,9.616,47866884.45,11.755,43560842.9667,,,,,,
19960329,000001.SZ,7.94,7.9,8.29,7.35,7.37,0.57,0.0773,79114422.0,621637356.0,7.1433,36062150.0,6.972,26193768.0,7.812,27139434.0,9.466,47084282.0,11.9667,36962578.0,,,,,,
19960216,000001.SZ,7.37,6.15,7.45,6.08,6.12,1.25,0.2042,21875764.0,148852270.0,6.64,12785183.3333,6.866,14842363.6,7.998,24547781.8,9.469,43974790.9,12.4553,34609347.2667,,,,,,
19960131,000001.SZ,6.12,6.35,6.4,5.9,6.43,-0.31,-0.0482,7196264.0,44191374.0,6.5167,9992884.6667,6.968,15846410.8,8.23,23683755.4,9.7725,43403302.7,12.998,35082381.8,,,,,,
19951229,000001.SZ,6.43,6.98,7.08,6.38,7.0,-0.57,-0.0814,9283522.0,62494975.0,6.9467,15046596.6667,7.676,28339778.0,8.694,24845189.0,10.1965,45661044.5,13.614,35716996.3333,,,,,,
19951130,000001.SZ,7.0,7.5,7.55,6.95,7.41,-0.41,-0.0553,13498868.0,98279696.0,7.43,20917422.6667,8.218,28400433.6,9.114,24771256.8,10.6745,46559473.4,14.293,35983415.6,,,,,,
19951031,000001.SZ,7.41,7.9,8.27,7.25,7.88,-0.47,-0.0596,22357400.0,170935415.0,8.3167,39638833.3333,8.652,28085100.0,9.468,25170180.0,11.077,46365015.0,15.0297,36227183.3333,,,,,,
19950929,000001.SZ,7.88,9.8,10.3,7.65,9.66,-1.78,-0.1843,26896000.0,255418343.0,8.8933,35381966.6667,9.13,34253200.0,9.775,24621590.0,11.614,45598175.0,16.7427,35967180.0,,,,,,
19950831,000001.SZ,9.66,9.12,11.08,9.11,9.14,0.52,0.0569,69663100.0,711392356.0,9.3233,30390700.0,9.492,31521100.0,10.107,23266490.0,12.1225,44638400.0,18.3933,35889786.6667,,,,,,
19950731,000001.SZ,9.14,9.1,9.41,8.95,9.17,-0.03,-0.0033,9586800.0,87568871.0,9.37,24902300.0,9.712,21350600.0,10.261,23177090.0,12.757,41892780.0,20.0313,34514716.6667,,,,,,
19950630,000001.SZ,9.17,9.8,10.03,8.8,9.8,-0.63,-0.0643,11922200.0,113463471.0,9.5533,26118533.3333,10.01,21142080.0,10.787,49373640.0,13.41,42161200.0,21.3567,34559033.3333,,,,,,
19950531,000001.SZ,9.8,9.69,12.9,9.1,9.69,0.11,0.0114,53197900.0,604972989.0,10.0833,28414666.6667,10.284,22255260.0,11.12,67029130.0,14.044,41874150.0,22.5343,34947873.3333,,,,,,
19950428,000001.SZ,9.69,10.78,11.2,9.0,10.76,-1.07,-0.0994,13235500.0,138060415.0,10.36,13530100.0,10.42,14989980.0,10.94,63401800.0,14.684,39640130.0,23.4843,33758356.6667,,,,,,
19950331,000001.SZ,10.76,10.63,11.38,10.4,10.63,0.13,0.0122,18810600.0,205909435.0,10.6433,14947633.3333,10.722,15011880.0,11.315,63122850.0,15.382,40781695.0,,,,,,,,
19950228,000001.SZ,10.63,10.6,11.3,10.34,10.54,0.09,0.0085,8544200.0,91927905.0,10.55,14301266.6667,10.81,25003580.0,11.699,66476900.0,16.074,41152900.0,,,,,,,,
19950127,000001.SZ,10.54,10.5,11.4,10.11,10.48,0.06,0.0057,17488100.0,186768990.0,10.74,15901533.3333,11.564,77605200.0,12.235,68347690.0,16.8825,41589495.0,,,,,,,,
19941230,000001.SZ,10.48,11.2,11.85,10.05,11.2,-0.72,-0.0643,16871500.0,180364854.0,10.96,32995200.0,11.956,111803000.0,12.686,67559850.0,17.8105,41755685.0,,,,,,,,
19941130,000001.SZ,11.2,11.4,11.79,11.0,11.2,0.0,0.0,13345000.0,152340551.0,12.2667,117888800.0,11.46,111813620.0,13.453,66574760.0,20.2265,41639975.0,,,,,,,,
19941031,000001.SZ,11.2,13.9,14.0,10.7,14.4,-3.2,-0.2222,68769100.0,824890584.0,12.7,176266166.6667,11.908,111233820.0,14.138,66010310.0,22.5365,42201435.0,,,,,,,,
19940930,000001.SZ,14.4,12.8,18.05,12.8,12.5,1.9,0.152,271552300.0,4365896840.0,11.6333,158984666.6667,12.588,107950220.0,15.253,60608470.0,24.9165,40183530.0,,,,,,,,
19940831,000001.SZ,12.5,9.0,12.85,8.8,8.0,4.5,0.5625,188477100.0,2168370724.0,11.3133,71949233.3333,12.906,59090180.0,16.033,34948760.0,26.6415,27151730.0,,,,,,,,
19940729,000001.SZ,8.0,13.3,13.86,7.83,13.44,-5.44,-0.4048,16924600.0,153710414.0,12.0133,26573900.0,13.416,23316700.0,16.968,16719170.0,28.2415,18907245.0,,,,,,,,
19940630,000001.SZ,13.44,14.6,14.62,13.01,14.6,-1.16,-0.0795,10446000.0,146051281.0,14.6767,30016400.0,15.446,21335900.0,18.428,15878460.0,29.7565,18936635.0,,,,,,,,
19940531,000001.SZ,14.6,16.5,18.9,14.01,15.99,-1.39,-0.0869,52351100.0,897246502.0,15.2133,29737633.3333,16.368,20786800.0,19.449,18440540.0,,,,,,,,,,
19940429,000001.SZ,15.99,15.0,16.0,11.6,15.05,0.94,0.0625,27252100.0,372832290.0,16.3967,14627466.6667,17.918,13266720.0,20.449,15828900.0,,,,,,,,,,
19940331,000001.SZ,15.05,18.1,19.5,15.0,18.15,-3.1,-0.1708,9609700.0,157765995.0,17.0833,8110266.6667,19.16,10807340.0,21.53,14831300.0,,,,,,,,,,
19940228,000001.SZ,18.15,17.85,21.0,17.5,18.05,0.1,0.0055,7020600.0,133185480.0,19.5167,9823933.3333,20.52,10121640.0,22.935,15951520.0,,,,,,,,,,
19940131,000001.SZ,18.05,22.35,22.4,17.85,22.35,-4.3,-0.1924,7700500.0,160881275.0,20.8667,12468800.0,21.41,10421020.0,27.0,16705190.0,,,,,,,,,,
19931231,000001.SZ,22.35,22.2,23.0,21.35,22.2,0.15,0.0068,14750700.0,326756407.0,22.1333,11962366.6667,22.53,16094280.0,30.935,18392560.0,,,,,,,,,,
19931130,000001.SZ,22.2,21.7,24.35,21.45,21.85,0.35,0.016,14955200.0,341052851.0,22.2167,9884633.3333,22.98,18391080.0,34.58,19758590.0,,,,,,,,,,
19931029,000001.SZ,21.85,22.75,23.25,20.6,22.6,-0.75,-0.0332,6181200.0,135967075.0,22.7,16921833.3333,23.9,18855260.0,37.25,19354700.0,,,,,,,,,,
19930930,000001.SZ,22.6,23.8,24.0,21.3,23.65,-1.05,-0.0444,8517500.0,193743905.0,23.6167,23606333.3333,25.35,21781400.0,39.515,21095320.0,,,,,,,,,,
19930831,000001.SZ,23.65,24.75,29.2,22.4,24.6,-0.95,-0.0386,36066800.0,919693424.0,25.0167,26525866.6667,32.59,22989360.0,41.085,21994810.0,,,,,,,,,,
19930730,000001.SZ,24.6,26.8,27.4,19.45,26.8,-2.2,-0.0821,26234700.0,614874434.0,26.8333,21440900.0,39.34,20690840.0,,,,,,,,,,,,
19930630,000001.SZ,26.8,29.1,29.5,26.5,29.1,-2.3,-0.079,17276100.0,483751962.0,38.2333,17548433.3333,46.18,21126100.0,,,,,,,,,,,,
19930531,000001.SZ,29.1,58.8,58.8,26.6,58.8,-29.7,-0.5051,20811900.0,858018484.0,48.4333,19981133.3333,50.6,19854140.0,,,,,,,,,,,,
19930430,000001.SZ,58.8,57.5,61.15,56.6,57.4,1.4,0.0244,14557300.0,867404580.0,58.3333,22514166.6667,53.68,20409240.0,,,,,,,,,,,,
19930331,000001.SZ,57.4,58.95,62.0,54.8,58.8,-1.4,-0.0238,24574200.0,1426380754.0,55.0333,21300500.0,49.58,21000260.0,,,,,,,,,,,,
19930226,000001.SZ,58.8,49.0,61.6,49.0,48.9,9.9,0.2025,28411000.0,1585135796.0,50.7333,20971566.6667,,,,,,,,,,,,,,
19930129,000001.SZ,48.9,45.5,49.25,44.8,45.45,3.45,0.0759,10916300.0,511021962.0,43.9,17338700.0,,,,,,,,,,,,,,
19921231,000001.SZ,44.5,38.45,45.1,37.2,38.3,6.2,0.1619,23587400.0,959825218.0,,,,,,,,,,,,,,,,
19921130,000001.SZ,38.3,40.0,40.0,29.0,39.95,-1.65,-0.0413,17512400.0,591718365.0,,,,,,,,,,,,,,,,
