trade_date,ts_code,close,open,high,low,pre_close,change,pct_chg,vol,amount,adj_factor,ma3,ma_v_3,ma5,ma_v_5,ma10,ma_v_10,ma20,ma_v_20,ma30,ma_v_30,ma60,ma_v_60,ma90,ma_v_90,ma120,ma_v_120
20221031,000001.SZ,10.34,11.7,11.77,10.22,11.84,-1.5,-12.6689,1519535662.0,16818922703.69,113.9362,11.6433,1954145131.3333,12.465,2197465308.0,13.7414,2184469616.5,16.6255,2039457863.75,16.6291,2168509138.9667,14.3198,2219891387.25,12.4925,2042053049.9111,11.059,1982637900.4167
20220930,000001.SZ,11.84,12.65,13.1,11.81,12.75,-0.9100000000000001,-7.1373,1965120473.0,24567132248.36,113.9362,12.4233,2222804194.3333,13.179,2199875805.8,14.3263,2288560770.0,17.1504,2075644706.9,16.7294,2174761884.4,14.3269,2217819066.3333,12.5177,2090467520.8333,11.0076,1971765689.5417
20220831,000001.SZ,12.75,12.66,12.78,11.94,12.68,0.07000000000000028,0.5521,2377779259.0,29369669965.92,113.9362,13.3817,2500890135.0,13.8208,2270120005.2,14.8554,2308861959.1,17.6836,2117014330.0,16.7435,2197865983.2333,14.3023,2211903455.8,12.4952,2110402252.1444,10.9434,1957909847.5167
20220729,000001.SZ,12.68,15.0,15.27,12.62,14.98,-2.3000000000000007,-15.3538,2325512851.0,31741011138.69,113.9362,13.7683,2218826432.3333,14.2924,2354393782.4,15.496,2214603485.5,17.9886,2096206438.65,16.7816,2203011262.4667,14.2652,2216076072.75,12.4505,2098445274.5556,10.8745,1940499258.8667
20220630,000001.SZ,14.7152,13.89,14.8429,13.3989,13.9097,0.8054999999999986,5.7909,2799378295.0,40107191578.73,111.922,14.558,2215769305.3333,14.8508,2214881642.8,15.9893,2257350779.9,18.3166,2082805701.55,16.8553,2174942398.4,14.2198,2236252440.3,12.4061,2106986379.5889,10.8084,1923398078.4583
20220531,000001.SZ,13.9097,14.9313,15.1769,13.7525,15.0492,-1.1395,-7.5718,1531588151.0,22291939672.44,111.922,14.689,2215692588.6667,15.0178,2171473925.0,16.2663,2186160648.1,18.4459,2047033210.85,16.8902,2132174951.7667,14.1185,2210792954.95,12.3524,2150702767.1222,10.7256,1903382312.45
20220429,000001.SZ,15.0492,15.0983,16.3655,14.1945,15.1081,-0.05889999999999951,-0.3899,2316341470.0,36674357936.19,111.922,15.2096,2247813922.6667,15.4736,2377245734.2,16.613,2226575158.2,18.4897,2078044858.85,16.9149,2135793431.3,14.0276,2205687563.2,12.284,2170136142.9,10.6509,1893593326.6833
20220331,000001.SZ,15.1081,15.5109,15.668,12.9863,15.4716,-0.36350000000000016,-2.3495,2799148145.0,41216784389.79,111.922,15.3766,2336480001.3333,15.8901,2347603913.0,17.3301,2117508327.0,18.4721,2118448176.15,16.9326,2125889834.9,13.9146,2180455769.1333,12.1933,2163528716.4,10.569,1877230981.125
20220228,000001.SZ,15.4716,15.7368,17.0335,15.3439,15.5502,-0.07859999999999978,-0.5055,1627952153.0,26770314950.2,111.922,15.7368,2256913018.6667,16.6995,2074813188.6,18.1965,1939121671.5,18.3668,2218854435.35,16.9269,2117206722.9,13.8033,2155285542.3333,12.0957,2146829040.9111,10.4844,1858214562.0667
20220128,000001.SZ,15.5502,16.1887,17.2496,15.5403,16.1887,-0.6385000000000005,-3.9441,2582339706.0,43505823412.47,111.922,16.2902,2436973089.0,17.1278,2299819917.0,18.9194,1918674086.5,18.217,2228822785.55,16.8634,2162717995.9,13.6907,2142253884.9333,11.9948,2142564839.8889,10.4003,1848561926.1917
20211231,000001.SZ,16.1887,17.1219,18.7231,16.1101,17.1317,-0.9429999999999978,-5.5044,2560447197.0,45276503779.39,111.922,17.4919,2054591361.3333,17.5148,2200847371.2,19.5096,1894446111.0,18.073,2160528900.2,16.7964,2131717870.3,13.5745,2111930320.9333,11.8973,2129107152.1444,10.3145,1828575104.0
20211130,000001.SZ,17.1317,18.9883,19.3812,16.8566,19.1553,-2.023600000000002,-10.5642,2168132364.0,38898674227.01,111.922,17.9667,2118770894.0,17.7525,2075904582.2,19.9745,1862728643.8,17.9309,2117862441.6,16.6968,2101774903.0,13.4441,2090956097.3,11.7861,2110622746.6222,10.2205,1809851042.8833
20211029,000001.SZ,19.1553,17.8488,20.226,17.7014,17.613,1.542300000000001,8.7566,1435194523.0,28042460454.44,111.922,18.0845,2091885765.0,18.7702,1887412741.0,20.5118,1925166700.9,17.6876,2142367995.3,16.5107,2091669198.2,13.3049,2083975926.35,11.6612,2094349964.0,10.1185,1794607504.3333
20210930,000001.SZ,17.613,17.171,20.6189,16.7093,17.4853,0.1277000000000008,0.7303,2752985795.0,51002547278.61,111.922,17.4919,2258732008.0,19.6936,1803430154.4,20.4813,1977809391.8,17.4245,2197215150.95,16.31,2130268369.2333,13.1259,2073209023.05,11.5118,2090983965.2778,10.0032,1784946828.2333
20210831,000001.SZ,17.4853,17.3282,20.8252,16.8763,17.3773,0.10799999999999699,0.6215,2087476977.0,39612873638.03,111.922,19.0276,1749627795.6667,20.7109,1537528256.0,20.644,1908260623.2,17.2883,2133738207.65,16.1281,2127545595.7333,12.9713,2041190335.9333,11.3775,2072885496.3778,9.8985,1764386322.125
20210730,000001.SZ,17.3773,22.4068,23.0846,16.9352,22.2201,-4.842799999999997,-21.7947,1935733252.0,39543208925.13,111.922,21.1232,1392229333.3333,21.5043,1588044850.8,20.6255,1907905773.6,17.2021,2105182103.6,15.9359,2121678843.2,12.8254,2035376819.25,11.2465,2061769698.1,9.797,1750974083.0833
20210630,000001.SZ,22.2201,23.7722,24.617,21.6111,23.7722,-1.552100000000003,-6.5291,1225673158.0,28598633960.8,111.922,22.8974,1221477017.0,22.1965,1649552705.4,20.3663,1929514559.5,17.0658,2090402567.85,15.7074,2117698233.8333,12.6767,2018883449.9333,11.1184,2049858827.6778,9.6978,1738909169.875
20210531,000001.SZ,23.7722,22.6916,24.7152,22.2005,22.8783,0.8939000000000021,3.9072,1015281590.0,24221421505.84,111.922,22.6414,1592939281.3333,22.2535,1962920660.8,19.6141,2119388025.3,16.7338,2130080588.85,15.2632,2116820277.5667,12.4397,2010278497.3667,10.9412,2050048522.9667,9.5574,1732281077.5583
20210430,000001.SZ,22.6998,21.5205,23.616,19.308,21.4523,1.2474999999999987,5.8152,1423476303.0,31264829462.85,111.049,21.6634,2002269593.0,21.269,2152188629.2,18.5371,2498587199.2,16.292,2206249248.6,14.7983,2152476337.4333,12.1762,2005031968.05,10.7545,2056768053.3,9.4057,1727366876.525
20210331,000001.SZ,21.4523,20.9942,22.8948,19.7661,20.8382,0.6141000000000005,2.947,2340059951.0,50347476182.97,111.049,21.5985,2458615137.0,20.577,2278992990.4,17.5146,2538971484.6,15.8354,2284739950.6,14.3864,2197698984.3,11.9308,1995891872.05,10.5815,2059439691.0889,9.2643,1723862456.1667
20210226,000001.SZ,20.8382,22.4172,24.6686,20.6725,22.5049,-1.6666999999999987,-7.4059,2243272525.0,52541944392.31,111.049,20.731,2332468964.0,19.7466,2227766696.4,16.6365,2426611689.4,15.4398,2250353749.95,14.0206,2182433669.2333,11.7071,1978205712.9333,10.4107,2055424220.0778,9.1278,1710807230.6
20210129,000001.SZ,22.5049,18.616,22.9435,17.3489,18.8499,3.6549999999999976,19.39,2792512935.0,58603803798.23,111.049,20.1982,2270544158.6667,18.5361,2209476413.6,15.8874,2372996239.4,15.058,2221298032.6,13.6462,2180647495.1333,11.4801,1951896790.4,10.2396,2052446503.9333,8.996,1695548772.0583
20201231,000001.SZ,18.8499,19.2008,19.9903,17.3392,19.2398,-0.38989999999999725,-2.0265,1961621432.0,36920061503.09,111.049,18.4633,2034349340.6667,16.9747,2275855389.8,14.8633,2359569289.7,14.5102,2174920446.85,13.1937,2155664657.3667,11.2308,1922861227.4,10.0442,2043409146.7,8.8487,1676364275.2417
20201130,000001.SZ,19.2398,17.2027,20.3509,16.2671,17.3002,1.9395999999999987,11.2114,2057498109.0,37790045719.23,111.049,17.1085,2097749233.6667,15.8051,2844985769.2,14.3677,2416620910.1,14.2243,2206497857.95,12.8481,2150876904.9,11.0675,1917099343.4,9.8915,2033711369.1222,8.733,1664219579.8583
20201030,000001.SZ,17.3002,14.9123,18.3041,14.7466,14.7856,2.5145999999999997,17.0071,2083928481.0,35899528432.27,111.049,15.5946,2453385802.6667,14.4523,2798949978.8,13.9327,2359215792.1,13.8701,2237188082.0,12.5234,2143184227.3667,10.8945,1914393133.1,9.7518,2023332563.1778,8.6158,1655836486.5667
20200930,000001.SZ,14.7856,14.5809,15.6823,14.23,14.6979,0.08769999999999989,0.5967,2151821111.0,32926198675.38,111.049,14.1618,3361167418.6667,13.5263,2625456682.4,13.7788,2302458433.6,13.5911,2228565378.0,12.2842,2152039913.1,10.7491,1898408030.1167,9.6255,2012119577.3,8.5199,1647140071.0917
20200831,000001.SZ,14.6979,13.1287,15.2827,13.0897,13.002,1.6959,13.0434,3124407816.0,45163156180.5,111.049,13.3918,3253000100.6667,13.2387,2536516065.2,13.7653,2251290576.2,13.378,2211790071.0,12.1303,2157412439.9,10.6346,1887543960.9667,9.5322,2006977050.5556,8.4393,1635058408.325
20200731,000001.SZ,13.002,12.4659,16.2086,12.4172,12.4756,0.5264000000000006,4.2194,4807273329.0,69415902211.12,111.049,12.7161,2617018161.6667,12.752,2443283189.6,13.8535,2140773152.4,13.0878,2115536403.7,12.0152,2138680423.4,10.5289,1874391099.9333,9.45,1983134044.4222,8.3628,1613259844.5
20200630,000001.SZ,12.4756,12.768,13.5283,12.2027,12.6706,-0.19500000000000028,-1.539,1827319157.0,23785421169.05,111.049,12.8311,1583633060.3333,12.9302,1988256051.0,14.047,1913911298.0,12.9289,1979420906.55,12.0188,2132255900.6333,10.4676,1881498523.8833,9.38,1944173764.5444,8.3004,1579249147.7417
20200529,000001.SZ,12.6706,13.4113,13.7719,12.4367,13.577,-0.9063999999999997,-6.676,1216461999.0,16312734822.33,111.049,12.7607,1860607820.6667,13.4131,1919481605.4,14.1562,2030508416.6,12.8223,2027062734.15,12.0166,2170218055.9333,10.4426,1932342454.3833,9.2979,1931649496.3444,8.2505,1570677055.05
20200430,000001.SZ,13.3472,12.3219,13.7208,11.9482,12.2644,1.0828000000000007,8.8288,1707118025.0,22442712541.72,109.169,13.1683,2299166366.3333,14.0313,1979460184.8,14.243,2074095810.5,12.7127,2060344659.15,12.0104,2271273635.5333,10.4242,1978825005.3833,9.2023,1920680820.9,8.2058,1565655815.1083
20200331,000001.SZ,12.2644,13.9412,14.9856,11.4117,13.8933,-1.6288999999999998,-11.7244,2658243438.0,36693304167.51,109.169,13.6825,2224609334.3333,14.2919,1966065087.2,14.2287,2069599825.8,12.5255,2084473123.0,11.9244,2260876248.2667,10.4118,2048320339.05,9.1004,1904100291.2556,8.1536,1554902749.7167
20200228,000001.SZ,13.8933,13.4046,15.0623,13.4046,14.8898,-0.9964999999999993,-6.6925,2532137636.0,37501098787.73,109.169,14.8483,1843979820.3333,14.955,1838263115.2,14.1571,1990271604.0,12.3589,2053712341.2,11.8611,2225940928.3667,10.3711,2066670386.6,9.0101,1877924468.9444,8.1083,1540663710.55
20200123,000001.SZ,14.8898,15.9533,16.6145,14.7461,15.7617,-0.8719000000000001,-5.5318,1483446929.0,24663290817.83,109.169,15.1006,1546648120.6667,15.1638,1839566545.0,14.081,1996374805.8,12.0883,2018004902.3,11.7488,2229140883.0333,10.2849,2046162280.6,8.9054,1852995257.6667,8.0566,1524683379.0083
20191231,000001.SZ,15.7617,14.7077,16.2216,14.5736,14.6503,1.1113999999999997,7.5862,1516354896.0,24339018914.74,109.169,15.3306,1725243670.3333,14.8994,2141535227.8,13.8076,2115160371.9,11.8188,2035168445.0,11.5843,2297562482.2,10.1816,2073008370.1833,8.7928,1839549971.8111,7.9962,1518328332.0667
20191129,000001.SZ,14.6503,15.6659,16.7103,14.5449,15.5797,-0.9294000000000011,-5.9655,1640142537.0,26720137958.53,109.169,15.0559,2066010300.0,14.4548,2168731436.2,13.4033,2154672322.4,11.5369,2076830652.85,11.3467,2289410958.1333,10.0835,2159966674.8,8.6708,1827118099.3444,7.9239,1508985584.175
20191031,000001.SZ,15.5797,14.9473,16.8636,14.9473,14.9377,0.6420000000000012,4.2979,2019233578.0,33553939986.08,109.169,14.695,2517059568.6667,14.1654,2173134564.4,12.9908,2172289565.8,11.3129,2110473371.75,11.1404,2275581695.1,9.9686,2187307498.7,8.5629,1812859958.4778,7.8543,1500931387.5083
20190930,000001.SZ,14.9377,13.558,15.3689,13.5196,13.5675,1.3701999999999988,10.0991,2538654785.0,37994867477.51,109.169,14.0147,2394760355.3333,13.3592,2142280092.8,12.3222,2090299655.0,11.096,2137634058.9,10.8966,2235021703.3667,9.8236,2182348157.15,8.4478,1794344696.5333,7.7723,1491420269.225
20190830,000001.SZ,13.5675,13.4717,14.5832,12.4848,13.5388,0.028700000000000614,0.212,2993290343.0,43313563820.85,109.169,13.4366,2102594819.6667,12.9981,2153183066.6,11.8107,2044930515.1,11.0046,2241428201.95,10.6797,2193364361.7667,9.68,2161640199.9167,8.3369,1771883841.7889,7.7166,1479999617.4
20190731,000001.SZ,13.5388,13.4238,13.9412,12.8777,13.2034,0.3353999999999999,2.5403,1652335938.0,23072907184.2,109.169,12.7636,1726485112.0,12.7157,2088785516.0,11.4884,2023617051.7,10.9467,2240072875.6,10.518,2121789773.9667,9.5605,2132488261.8833,8.246,1743843236.2889,7.6608,1463995479.5083
20190628,000001.SZ,13.2034,11.7087,13.3663,11.1146,11.6704,1.5329999999999995,13.1358,1662158178.0,21377644710.93,109.169,12.6281,2040096350.6667,12.3519,2140613208.6,11.1823,2046593507.8,10.894,2369862548.05,10.3526,2092142771.5667,9.4478,2127801793.0667,8.1538,1727527515.2333,7.5948,1454954303.2083
20190531,000001.SZ,11.5487,12.421,12.6581,11.3117,13.1322,-1.583499999999999,-12.0581,1864961220.0,23370285876.27,108.031,12.2788,2376477821.3333,11.8161,2171444567.2,10.8224,2099346420.2,10.7722,2356514459.5,10.1914,2080137291.6,9.3307,2115046668.4333,8.0617,1712543089.5111,7.5277,1447712684.2083
20190430,000001.SZ,13.1322,12.165,14.0709,12.165,12.1556,0.9765999999999995,8.0342,2593169654.0,36205464667.95,108.031,12.3357,2391982215.0,11.2851,2038319217.2,10.5607,2117153078.4,10.7131,2343775590.55,10.0992,2076282654.5,9.2365,2095690346.9,7.9877,1695586939.7111,7.4733,1441765466.675
20190329,000001.SZ,12.1556,11.8332,12.6865,11.3875,11.7194,0.4361999999999995,3.722,2671302590.0,33645833416.2,108.031,11.4666,2133030654.0,10.6233,1936677963.6,10.0957,2039634998.8,10.5827,2345523921.65,9.9418,2016149676.8667,9.1128,2071341763.3,7.9009,1669839647.9,7.4001,1429555301.2083
20190228,000001.SZ,11.7194,10.6195,12.0038,10.3351,10.5247,1.194700000000001,11.3514,1911474401.0,22306694152.27,108.031,10.3793,1642374614.0,10.2611,1958448587.4,9.83,1955176518.1,10.4727,2388763537.35,9.8146,1954835076.1333,9.0021,2045555446.7,7.822,1643333230.9222,7.3294,1415715224.0583
20190131,000001.SZ,10.5247,8.9033,10.6195,8.6758,8.8938,1.6308999999999987,18.3375,1816314971.0,18760030468.84,108.031,9.7472,1700204275.6667,10.0127,1952573807.0,9.6704,1998988983.3,10.3185,2356780276.0,9.7148,1949074795.3,8.9019,2031815125.55,7.7508,1627405829.7111,7.2565,1410099300.6333
20181228,000001.SZ,8.8938,10.0411,10.1075,8.7327,9.8231,-0.9292999999999996,-9.4604,1199334470.0,11974162200.99,108.031,9.6871,2021484521.6667,9.8287,2027248273.2,9.6349,2048657177.7,10.2152,2327227759.75,9.646,1920068666.0333,8.8238,2015939124.6,7.6946,1612646148.5556,7.1924,1403090240.5083
20181130,000001.SZ,9.8231,10.4204,10.5816,9.6334,10.3445,-0.5213999999999999,-5.0404,2084963386.0,22211058962.23,108.031,10.215,2249073198.0,9.8363,2195986939.6,9.8699,2184968462.8,10.1838,2307382727.55,9.6162,1903736717.1667,8.7802,2016662645.6667,7.6555,1604101344.2222,7.1403,1397467725.0083
20181031,000001.SZ,10.3445,10.1454,10.866,9.1973,10.4773,-0.13279999999999959,-1.2675,2780155709.0,29608782523.25,108.031,10.1423,2283981170.0,9.568,2142592034.0,10.1985,2437925888.8,10.1142,2267581285.1,9.5541,1857587598.6667,8.7327,2008913911.2333,7.6082,1585663722.8889,7.0886,1382837825.8083
20180928,000001.SZ,10.4773,9.567,10.6859,9.1783,9.605,0.8722999999999992,9.0817,1882100499.0,19428419455.2,108.031,9.6714,2038271867.6667,9.3988,1951904448.8,10.4051,2456528699.5,10.0328,2170876135.1,9.4753,1794084759.8,8.679,1990310044.4833,7.557,1565916946.7889,7.0431,1361284916.9333
20180831,000001.SZ,9.605,8.9318,9.8894,8.1922,8.9318,0.6731999999999996,7.5371,2189687302.0,20886716953.78,108.031,9.0061,2016901320.6667,9.3281,2045404159.6,10.6058,2693131588.3,9.9378,2114917403.45,9.3937,1773977756.6333,8.6058,1991919495.5,7.4969,1553598417.7222,6.9976,1348416556.5
20180731,000001.SZ,8.9318,8.5809,9.093,8.012,8.6189,0.31290000000000084,3.6304,2043027802.0,18327371699.21,108.031,8.9706,1895911481.0,9.4412,2070066082.2,10.722,2613682498.8,9.8759,2070532727.3,9.314,1723146085.6667,8.5364,1988346008.3333,7.4459,1533849197.7,6.9565,1332901968.175
20180629,000001.SZ,8.4815,9.4705,9.7598,8.2762,9.4985,-1.0169999999999995,-10.707,1817988858.0,17912513913.26,106.309,9.3679,1998101898.0,9.9035,2173949986.0,10.8655,2570398102.7,9.8684,2055847442.55,9.2679,1690057797.4333,8.4694,1987281391.3667,7.4003,1516597481.2,6.9329,1318666978.7667
20180531,000001.SZ,9.4985,10.2356,10.4782,9.3492,10.1237,-0.6251999999999995,-6.1756,1826717783.0,19652776154.27,106.309,9.9308,2163104583.6667,10.8291,2733259743.6,11.0698,2651412844.5,9.8649,2004407015.9,9.2868,1683321781.9,8.4132,1975128601.2333,7.3614,1502000471.5111,6.9218,1307899938.0583
20180427,000001.SZ,10.1237,10.1423,11.1407,9.8064,10.1703,-0.04659999999999975,-0.4582,2349599053.0,26556911800.6,106.309,10.5124,2408347763.0,11.4113,2961152950.2,11.1155,2822350556.6,9.807,1954664355.15,9.2656,1685602038.8333,8.366,1963406731.0833,7.3132,1493387239.6333,6.8994,1298050740.4333
20180330,000001.SZ,10.1703,11.122,11.5139,9.8438,11.2433,-1.0730000000000004,-9.5435,2312996915.0,26925601133.24,106.309,11.5077,3163327294.0,11.8834,3340859017.0,10.9665,2714571568.7,9.7371,1924117701.3,9.2139,1644776147.1333,8.2962,1942159409.4,7.2652,1478840123.7556,6.8818,1280576554.0083
20180228,000001.SZ,11.2433,13.0161,13.5946,10.6182,13.1095,-1.866200000000001,-14.2355,2562447321.0,33225037914.23,106.309,12.2542,3381056261.0,12.0029,3157298915.4,10.7954,2605798341.8,9.6515,1855774410.2,9.1388,1617675482.0333,8.2331,1931759355.8833,7.209,1460940397.8,6.8641,1265430033.425
20180131,000001.SZ,13.1095,12.4563,14.1172,11.9991,12.4097,0.6997999999999998,5.6391,4614537646.0,64548697328.36,106.309,12.6678,3942950283.0,11.8275,2966846219.4,10.4976,2429796992.3,9.4893,1763120844.35,9.0426,1610101776.4667,8.1674,1905360854.9333,7.1454,1438119651.5333,6.8481,1247620040.3083
20171229,000001.SZ,12.4097,12.503,12.9322,11.7938,12.4843,-0.07459999999999845,-0.5976,2966183816.0,39142898845.8,106.309,11.8872,2869836536.6667,11.3105,2569565945.4,10.0298,2097236681.4,9.2319,1567418453.6,8.9165,1630741147.1333,8.0606,1850132696.5,7.061,1394913563.4444,6.8115,1212141216.9333
20171130,000001.SZ,12.4843,10.7861,14.2198,10.3476,10.7675,1.7167999999999992,15.9443,4248129387.0,56042788954.51,106.309,11.206,2417836545.0,10.8197,2683548163.0,9.6605,1885223570.7,9.0103,1462862789.95,8.8687,1694466852.8333,7.9385,1812365216.55,6.9951,1370830054.7556,6.8048,1190681900.475
20171031,000001.SZ,10.7675,10.7955,10.9448,10.3756,10.3663,0.40119999999999933,3.8702,1395196407.0,15972169889.79,106.309,10.5529,1877838841.3333,10.0496,2088284120.4,9.2699,1536703218.6,8.7877,1314400840.8,8.838,1686376375.2333,7.7982,1745384413.5833,6.9376,1330449874.9667,6.7813,1158525754.6
20170929,000001.SZ,10.3663,10.5249,11.1407,10.0957,10.5249,-0.15859999999999985,-1.5069,1610183841.0,18278674146.21,106.309,10.2823,2591471673.6667,9.5879,2054297768.2,9.0298,1527382955.8,8.6101,1277877879.1,8.8992,1835764429.8333,7.6884,1725712312.75,6.8966,1319578250.2,6.768,1152654110.8417
20170831,000001.SZ,10.5249,9.9277,10.9541,9.3212,9.9557,0.5692000000000004,5.7173,2628136276.0,28594787151.52,106.309,9.7047,2478680118.0,9.1678,1892747765.2,8.8712,1541296782.4,8.4691,1249887644.8,8.8811,1907399844.8333,7.5846,1703916239.2333,6.8574,1312237971.2778,6.7546,1144609758.3667
20170731,000001.SZ,9.9557,8.7707,10.5715,8.6494,8.7614,1.1943000000000001,13.6314,3536094904.0,37369879401.75,106.309,9.0161,2011056241.3333,8.7491,1624907417.4,8.6601,1357401187.3,8.3954,1199276250.6,8.8211,1863183678.1667,7.4837,1664922444.9833,6.8258,1289864211.0,6.7223,1127044353.6667
20170630,000001.SZ,8.6336,8.4589,8.7255,8.2658,8.4589,0.17469999999999963,2.0653,1271809174.0,11715516210.68,104.758,8.4528,1099835882.0,8.5012,1086898978.4,8.4984,1086978153.7,8.3406,1117227779.95,8.7788,1848454258.1667,7.3971,1610543716.6167,6.8001,1258583615.3556,6.6918,1101099549.2
20170531,000001.SZ,8.4589,8.2382,8.4865,7.8521,8.2658,0.19309999999999938,2.3361,1225264646.0,10839207392.06,104.758,8.3853,1105544336.3333,8.4901,985122316.8,8.5076,1133663833.9,8.3376,1109878436.35,8.8203,2030522391.4667,7.3328,1595971669.95,6.7829,1248843792.8556,6.6673,1096066349.2167
20170428,000001.SZ,8.2658,8.4221,8.4773,8.1739,8.4313,-0.16549999999999976,-1.9629,802433826.0,7268940860.95,104.758,8.4711,979140357.3333,8.4717,1000468143.4,8.5076,1105750478.6,8.3106,1123614052.15,8.7969,2099033302.3,7.2742,1581499090.1667,6.759,1242714618.3111,6.6314,1090904742.1
20170331,000001.SZ,8.4313,8.7255,8.7807,8.3302,8.7163,-0.28500000000000014,-3.2697,1288934537.0,11977506646.29,104.758,8.5753,965971037.3333,8.5747,1189845799.6,8.4809,1096444696.4,8.315,1200254168.55,8.7507,2129674610.9333,7.2234,1574006193.1167,6.7309,1243553124.5111,6.5974,1088393503.7083
20170228,000001.SZ,8.7163,8.5876,8.8451,8.4865,8.5784,0.13790000000000013,1.6075,846052709.0,7977982198.81,104.758,8.5539,970324118.0,8.571,1089894957.2,8.4341,1037600225.8,8.3599,1397493380.0,8.6804,2129916038.0667,7.1654,1561143581.8,6.7288,1242211369.2778,6.5621,1086146075.6333
20170126,000001.SZ,8.5784,8.3761,8.5876,8.3394,8.3669,0.2115000000000009,2.5278,762925866.0,7001209295.75,104.758,8.5753,1271413917.3333,8.4957,1087057329.0,8.3602,1040502009.2,8.4728,1599088493.9,8.6029,2143186749.8,7.11,1554869967.45,6.7084,1244730714.6889,6.5159,1085347674.4917
20161230,000001.SZ,8.3669,8.7991,8.983,8.2934,8.7807,-0.41380000000000017,-4.7126,1301993779.0,12220899083.12,104.758,8.5202,1280165403.6667,8.5251,1282205351.0,8.3055,1092098463.0,8.622,1761212953.55,8.5429,2163460814.5667,7.0544,1545219887.0667,6.6756,1242558147.0889,6.4676,1085079398.425
20161130,000001.SZ,8.7807,8.4037,8.9922,8.2842,8.4129,0.367799999999999,4.3719,1749322107.0,16309416824.81,104.758,8.511,1123455666.6667,8.5435,1211032813.8,8.1903,1028372802.4,8.8339,1989955166.85,8.4701,2149956045.2667,6.9968,1528745988.4667,6.6397,1236904481.7444,6.4153,1077644185.4583
20161031,000001.SZ,8.4129,8.3669,8.5508,8.3026,8.3394,0.07350000000000101,0.8814,789180325.0,7202567377.46,104.758,8.4926,1119903623.0,8.3872,1003043593.2,8.067,958478507.2,8.886,2090451376.05,8.3738,2115098039.3,6.932,1505239082.3167,6.598,1230259737.4,6.3571,1065448345.7833
20160930,000001.SZ,8.3394,8.7255,8.7531,8.2842,8.7255,-0.3861000000000008,-4.425,831864568.0,7673008543.89,104.758,8.5079,1172220545.6667,8.2971,985305494.4,8.1307,1041151313.9,8.9016,2116074923.6,8.2837,2126533849.7333,6.8804,1496684633.4167,6.5528,1234023842.6556,6.3002,1060091617.2583
20160831,000001.SZ,8.7255,8.4405,9.0106,8.2106,8.4589,0.2666000000000004,3.1517,1738665976.0,16279125602.51,104.758,8.3945,1131391024.3333,8.2248,993946689.4,8.1828,1147477406.2,8.9189,2229192310.4,8.1897,2136275817.2667,6.8257,1487582308.3167,6.5009,1236008606.7,6.243,1054913934.475
20160729,000001.SZ,8.4589,7.99,8.4957,7.9716,7.9992,0.4596999999999998,5.7468,946131093.0,8453158059.44,104.758,8.1403,785332309.3333,8.0858,901991575.0,8.1677,1086093038.8,8.9766,2478951670.25,8.0889,2114555455.8,6.7687,1466571346.9167,6.4371,1230440802.4111,6.1841,1043364476.675
20160630,000001.SZ,7.9992,9.6634,9.7001,7.8337,9.7001,-1.7009000000000007,-17.5349,709376004.0,6685526428.38,104.758,7.9799,761645459.3333,7.8372,845712791.0,8.1135,1141477625.7,8.9415,2595674714.15,8.0017,2111809583.1667,6.7188,1458934889.8167,6.3746,1230764098.6667,6.1297,1039884911.25
20160531,000001.SZ,7.9627,7.9853,8.1136,7.6759,7.9778,-0.015100000000000335,-0.1893,700489831.0,7282326635.24,85.994,7.9904,951483592.6667,7.7468,913913421.2,8.1491,1304063640.7,8.8855,2646289568.2,7.9443,2129588574.1667,6.6752,1454283657.75,6.315,1228711394.2889,6.0775,1037925428.0667
20160429,000001.SZ,7.9778,8.0155,8.2797,7.8193,8.0306,-0.052799999999999514,-0.6575,875070543.0,9332734022.84,85.994,7.7413,939566040.0,7.9642,1096997133.4,8.2857,1757386534.2,8.8035,2676073944.2,7.9112,2160240223.8,6.6352,1449701785.0,6.2668,1224587901.5222,6.0228,1034113211.175
20160331,000001.SZ,8.0306,7.2608,8.257,7.2306,7.2155,0.8151000000000002,11.2965,1278890404.0,13280855155.15,85.994,7.5979,998002244.0,8.1408,1301008123.0,8.5853,2157674978.6,8.7243,2694529120.1,7.8827,2186535329.1667,6.5978,1451833040.2833,6.2324,1217018302.6444,5.9688,1029275216.3667
20160229,000001.SZ,7.2155,7.5325,7.7815,7.1098,7.5476,-0.3321000000000005,-4.4001,664737173.0,6617150065.91,85.994,7.9375,1110341573.3333,8.2495,1270194502.6,8.9386,2430327444.1,8.6617,2699141990.35,7.8179,2209861234.3667,6.5485,1443408748.2667,6.199,1206562823.1222,5.9135,1020074034.675
20160129,000001.SZ,7.5476,9.0571,9.0797,7.2457,9.0495,-1.5019,-16.5965,1050379155.0,11221760068.85,85.994,8.486,1520471012.6667,8.3899,1437242460.4,9.4775,2951537531.3,8.6099,2710747666.7,7.7587,2253545931.0,6.5119,1439200753.7167,6.1707,1202820595.6778,5.8646,1015798233.1583
20151231,000001.SZ,9.0495,8.8306,9.6458,8.6872,8.8608,0.18870000000000076,2.1296,1615908392.0,19729027121.38,85.994,8.8281,1545285395.0,8.5514,1694213860.2,9.7049,3222424244.9,8.5272,2693407805.35,7.6709,2284504985.3,6.4665,1429867323.0833,6.1545,1194870039.2111,5.8124,1007775560.9667
20151130,000001.SZ,8.8608,8.5061,10.0986,8.3099,8.574,0.2867999999999995,3.345,1895125491.0,23292363787.06,85.994,8.4507,1506641585.0,8.6072,2417775935.0,9.6724,3190998533.3,8.3602,2669225117.65,7.5396,2266935420.5667,6.3986,1411339816.3167,6.1335,1182759323.4444,5.7474,995274865.3083
20151030,000001.SZ,8.574,8.1891,8.9137,8.0759,7.9174,0.6566000000000001,8.2931,1124822302.0,12705085900.67,85.994,8.2822,1653345139.3333,9.0299,3014341834.2,9.6551,3310907214.6,8.1931,2630675022.8,7.4663,2241211423.3333,6.337,1397279840.0333,6.1107,1168866974.3,5.6841,980923922.8
20150930,000001.SZ,7.9174,8.2268,9.0571,7.7891,8.3551,-0.4377000000000004,-5.2387,1499976962.0,16640840570.81,85.994,8.5338,3022977294.0,9.6277,3590460385.6,9.7855,3871810301.7,8.0496,2628786664.3,7.3784,2239542671.6667,6.2908,1395872112.0667,6.1044,1159176689.6333,5.6241,973447810.6333
20150831,000001.SZ,8.3551,9.208,9.8043,7.0192,9.3288,-0.9736999999999991,-10.4376,2335236154.0,26673720582.61,85.994,9.5527,4148969969.0,10.5651,4465832602.2,9.7696,4049871802.6,7.9458,2596975561.9,7.3274,2245843229.7333,6.244,1382572855.6833,6.1058,1148014883.8889,5.5689,961950091.9417
20150731,000001.SZ,9.3288,10.8307,11.593,9.0722,10.9741,-1.6453000000000007,-14.9926,5233718766.0,71845562869.8,85.994,10.6219,4705696270.6667,10.8585,4750634629.6,9.6219,3988515495.7,7.8419,2542351040.9,7.2923,2200619933.4,6.1968,1352128589.0667,6.1166,1126792794.9222,5.5102,944326485.55
20150630,000001.SZ,10.9741,11.5704,13.1705,9.6231,11.5629,-0.5888000000000009,-5.0921,4877954987.0,76725322878.5,85.994,11.7138,4920069363.6667,10.7376,3964221131.6,9.3214,3594761354.2,7.7239,2361667068.6,7.2047,2069524245.8667,6.1333,1276999771.6,6.1098,1072607906.8667,5.4434,901767369.4
20150529,000001.SZ,11.5629,12.6044,12.7629,11.2987,12.6044,-1.0414999999999992,-8.263,4005415059.0,63975192811.67,85.994,11.3298,4547166465.0,10.2803,3607472595.0,8.8632,3231383261.6,7.5314,2200965504.45,7.0084,1930263580.2667,6.0583,1209011655.7167,6.1169,1022753583.0222,5.3633,864516719.5167
20150430,000001.SZ,12.6044,11.9402,14.9442,11.7365,11.8874,0.7170000000000005,6.0316,5876838045.0,98955081926.83,85.994,10.3837,3645911870.6667,9.9433,4153160217.8,8.3848,2967956536.6,7.2576,2099628129.5,6.7584,1804392451.9333,5.9875,1152486624.8333,6.0957,982575547.7222,5.2765,831811262.75
20150331,000001.SZ,9.8222,8.7495,10.3523,8.288,8.7246,1.0976,12.5805,3759246291.0,56154736023.95,71.054,9.078,2718369957.0,8.9741,3633911003.0,7.7424,2469957802.1,6.8993,1904550130.85,6.4776,1615660195.6667,5.8953,1061485160.3833,6.0576,924950671.1778,5.1833,783398726.825
20150227,000001.SZ,8.7246,8.4814,8.999,8.2444,8.6872,0.03739999999999988,0.4305,1301651276.0,18043554149.66,71.054,9.0967,3709905584.3333,8.3853,3226396361.8,7.3495,2164391365.8,6.6539,1815545355.5,6.2881,1500432633.6333,5.8456,1014657034.5,6.0457,890346396.2111,5.1125,752552152.8583
20150130,000001.SZ,8.6872,9.9718,10.2213,8.4564,9.8783,-1.1910999999999987,-12.0577,3094212304.0,45864644346.39,71.054,8.7745,4369552482.6667,7.9051,3225301576.8,7.0479,2147451702.0,6.4731,1804903864.2,6.1463,1466661211.8,5.8282,1003204477.4167,6.0227,881664578.8333,5.0519,742173468.975
20141231,000001.SZ,9.8783,7.8577,10.0779,7.5334,7.758,2.1202999999999994,27.3305,6733853173.0,96368252435.96,71.054,8.1716,3912039409.6667,7.4461,2855293928.2,6.7311,1950442831.0,6.372,1706363527.7,6.0154,1372633175.0667,5.8108,963648293.95,5.9961,851981312.8778,4.9924,717146171.7333
20141128,000001.SZ,7.758,6.9597,7.758,6.5481,6.8786,0.8794000000000004,12.7846,3280591971.0,36573376770.24,71.054,6.9867,2099480802.3333,6.8263,1782752855.4,6.3136,1385763026.9,6.1749,1423408856.65,5.8453,1161420948.4333,5.7643,858004493.55,5.9497,784581001.8,4.9232,661970639.6917
20141031,000001.SZ,6.8786,6.3423,7.0782,6.2238,6.3236,0.5549999999999997,8.7766,1721673085.0,17797379839.68,71.054,6.5315,1420674832.3333,6.5107,1306004601.2,6.122,1144079321.2,6.1064,1343828943.3,5.7516,1063964878.0333,5.7401,814555276.3167,5.9095,754861888.7,4.8735,635804511.325
20140930,000001.SZ,6.3236,6.386,6.6354,6.2488,6.3922,-0.0686,-1.0732,1296177351.0,13362077385.47,71.054,6.4982,1303833073.6667,6.3136,1102386369.8,6.0619,1096186586.1,6.1276,1306672152.25,5.6962,1018337775.3,5.7209,800492381.3,5.8796,741299801.3,4.8311,621820490.05
20140829,000001.SZ,6.3922,6.7601,6.9161,6.3236,6.7789,-0.38670000000000027,-5.7045,1244174061.0,13119055545.63,71.054,6.4504,1170724190.0,6.1906,1069601827.2,6.1265,1128572783.0,6.1463,1306905691.7,5.6505,992371125.5333,5.7531,798359034.8833,5.856,738222754.8222,4.7932,611491552.05
20140731,000001.SZ,6.7789,6.1802,6.9223,5.937,6.1802,0.5987,9.6874,1371147809.0,13916497418.58,71.054,6.2841,990526812.3333,6.016,1045591733.8,6.1996,1170547747.3,6.081,1279703739.6,5.617,966553185.1,5.7611,795502697.1333,5.8203,732734649.3889,4.7557,601921136.9917
20140630,000001.SZ,6.1802,7.1717,7.3838,5.9868,7.1717,-0.9915000000000003,-13.8252,896850700.0,9288538248.0,71.054,5.9274,910895755.3333,5.801,988773198.4,6.1305,1231299722.4,5.9453,1222610409.6,5.5659,926978959.5667,5.7419,782106813.35,5.7758,725618926.3778,4.7168,590994753.0417
20140530,000001.SZ,5.8932,5.6882,6.0162,5.5396,5.7087,0.1844999999999999,3.2319,703581928.0,7956053076.0,58.387,5.707,986653386.6667,5.7333,982154041.2,6.0562,1339142459.6,5.8452,1188511392.45,5.5236,907535931.6667,5.7246,780378699.9833,5.7304,720206898.8556,4.6824,585068003.8417
20140430,000001.SZ,5.7087,5.4935,5.9445,5.4269,5.5191,0.18960000000000043,3.4353,1132254638.0,12598445724.0,58.387,5.6438,1114477788.0,5.8102,1089986802.4,5.9583,1466699345.2,5.7574,1168453267.55,5.4901,895380125.3333,5.7101,787840586.45,5.6849,715565114.6111,4.6528,582197434.525
20140331,000001.SZ,5.5191,5.6472,5.678,5.1399,5.7036,-0.1844999999999999,-3.2348,1124123594.0,11922078216.0,58.387,5.6882,1024977880.0,6.0623,1187543738.8,5.8983,1462356026.4,5.6955,1126265966.7,5.4772,866835417.1,5.6874,787768839.1167,5.6391,704610873.1,4.6241,576232061.5917
20140228,000001.SZ,5.7036,5.801,6.4057,5.5755,5.842,-0.13839999999999986,-2.3691,1087055132.0,12739154518.0,58.387,5.9411,1064518593.3333,6.3831,1295503760.8,6.0128,1462284224.4,5.6575,1083728347.1,5.4617,838888799.3667,5.6566,785875001.4167,5.5941,694459973.5444,4.5951,568244802.7917
20140130,000001.SZ,5.842,6.2109,6.3032,5.7651,6.2776,-0.4356,-6.939,863754914.0,10088200580.0,58.387,6.363,1242179989.3333,6.46,1473826246.4,6.0362,1461054686.4,5.6112,1049249909.2,5.4486,818587238.0333,5.6112,788383475.7167,5.5492,686300816.9667,4.5632,560605666.4667
20131231,000001.SZ,6.2776,6.9899,7.2051,5.8573,6.9694,-0.6918000000000006,-9.9262,1242745734.0,15826572678.0,58.387,6.79,1508902919.3333,6.379,1696130878.0,6.0908,1543578565.4,5.5663,1023907656.45,5.436,806060196.4667,5.561,790241356.4167,5.5057,682576687.2778,4.5298,554532331.9083
20131129,000001.SZ,6.9694,7.1129,7.2768,6.6414,7.1231,-0.15369999999999973,-2.1578,1620039320.0,22018209344.0,58.387,6.7268,1754210194.6667,6.1064,1843411888.0,6.1932,1517157718.4,5.5134,979413369.9,5.406,778978741.3333,5.5004,778272804.35,5.4552,674037712.7,4.4924,544769259.6333
20131031,000001.SZ,7.1231,6.0879,7.4255,5.8983,6.0879,1.0351999999999997,17.0042,1663923704.0,21648146076.0,58.387,6.216,1872623112.0,5.7343,1737168314.0,6.1662,1485238600.4,5.4125,924270296.8,5.3592,739163346.2,5.4446,756761740.3833,5.3933,658737540.3,4.4511,532026581.0
20130930,000001.SZ,6.0879,5.5038,7.1026,5.4474,5.4371,0.6508000000000003,11.9696,1978667560.0,24411676594.0,58.387,5.4798,1977698805.3333,5.6425,1629064688.0,5.9625,1388859731.9,5.3258,864555904.0,5.313,717130751.4,5.4072,732259789.3833,5.3308,643521845.4333,4.4103,518809517.3833
20130830,000001.SZ,5.4371,4.9913,5.7651,4.9247,4.9144,0.5227000000000004,10.6361,1975278072.0,20745506934.0,58.387,5.1536,1681083435.3333,5.6123,1448283126.4,5.76,1213921096.8,5.2836,774818578.15,5.279,676956262.1667,5.3895,704913617.5,5.2787,623478301.4444,4.3787,503175998.725
20130731,000001.SZ,4.9144,5.0272,5.555,4.5967,5.1092,-0.19480000000000075,-3.8127,1979150784.0,19449268470.0,58.387,5.5625,1397125936.0,5.8025,1391026252.8,5.6341,1037880325.3,5.2574,691732667.7,5.2651,624855576.4333,5.3767,677457928.0167,5.2332,603215667.2111,4.3534,487665030.5667
20130628,000001.SZ,5.1092,10.7257,10.9306,4.6838,10.7564,-5.647199999999999,-52.5008,1088821450.0,14683112280.0,58.387,5.9034,1095662258.6667,6.28,1190903548.8,5.5565,870207189.9,5.256,609720515.4,5.2621,575229660.8667,5.3963,650052566.1667,5.1929,582199086.1889,4.335,473140721.1583
20130531,000001.SZ,6.664,5.9052,6.8894,5.8417,5.937,0.7269999999999994,12.2452,1123405574.0,22955358976.0,36.173,6.3296,1295719676.6667,6.598,1233308886.8,5.4928,790175907.0,5.2666,569075112.45,5.2577,555744212.0667,5.4304,640671274.8833,5.15,571388013.5556,4.3148,469309515.6
20130426,000001.SZ,5.937,6.4132,6.6354,5.7306,6.3878,-0.4508000000000001,-7.0572,1074759752.0,20792674934.0,36.173,6.5423,1247430240.0,6.2824,1148654775.8,5.3022,705172469.8,5.1861,527191086.85,5.2077,553348256.7333,5.4329,632694749.7833,5.09,560828089.2889,4.2805,461233888.2667
20130329,000001.SZ,6.3878,7.2799,7.845,6.2354,7.3021,-0.9142999999999999,-12.5211,1688993704.0,37767252660.0,36.173,6.7963,1322793036.0,5.9077,979559067.2,5.1863,637445132.0,5.1548,497353513.85,5.2032,552201552.4667,5.4674,618993698.6167,5.0393,551416190.2889,4.2513,452973174.9667
20130228,000001.SZ,7.3021,6.6735,7.3021,6.0163,6.6989,0.6032000000000002,9.0045,978537264.0,20610947390.0,36.173,6.3624,993173474.3333,5.4658,684734397.8,5.0419,504236747.5,5.1086,437301012.0,5.1607,519302481.6333,5.4951,599100710.9667,4.9828,533985712.6778,4.219,440966200.6167
20130131,000001.SZ,6.6989,5.1814,6.8418,4.9051,5.0861,1.6128,31.71,1300848140.0,24419356850.0,36.173,5.2829,743421456.0,4.8329,549510831.0,4.8336,441669021.4,5.0125,409889252.8,5.1012,503637244.7333,5.5288,589879225.6833,4.9161,525562002.9333,4.177,433859572.7917
20121231,000001.SZ,5.0861,4.067,5.1337,3.9622,4.0638,1.0223000000000004,25.1563,700135019.0,10264223506.0,36.173,4.4427,381428861.6667,4.3875,347042927.2,4.6588,363301993.2,4.9558,366125719.1,5.0618,484475297.3333,5.5624,574149737.3667,4.8563,512515077.2444,4.143,424640315.9583
20121130,000001.SZ,4.0638,4.1781,4.3527,4.0321,4.1781,-0.11430000000000007,-2.7357,229281209.0,3039954724.0,36.173,4.1266,248856998.6667,4.322,261690163.8,4.6891,340252076.1,4.9883,381266261.15,5.1083,487759731.1667,5.6711,568998584.4,4.8149,509267765.9333,4.1239,419621541.6
20121031,000001.SZ,4.1781,4.1717,4.3051,4.086,4.1686,0.009500000000000064,0.2279,214870357.0,2843903872.0,36.173,4.2626,268599469.3333,4.4648,295331196.8,4.8071,335716059.5,5.0385,408473844.85,5.2165,500580797.7333,5.7643,571667095.6167,4.7825,507617533.0222,4.1149,419156551.6083
20120928,000001.SZ,4.1378,4.4813,4.538,3.9676,4.4719,-0.3340999999999994,-7.4711,302419430.0,4099573280.0,35.906,4.4561,288099751.0,4.6181,323739097.2,4.8806,345585010.1,5.0806,418343202.0,5.3131,507310125.1,5.8477,579595908.9333,4.7519,505978237.2111,4.1078,419552600.8417
20120831,000001.SZ,4.4719,4.7523,4.8217,4.4214,4.7586,-0.2867000000000006,-6.0249,288508621.0,4270748456.0,35.906,4.6693,319788732.3333,4.8343,333827211.8,4.9556,349233840.9,5.1149,427740896.35,5.4031,528881435.3667,5.9246,585303277.5,4.7207,503258659.2667,4.1003,420390765.2667
20120731,000001.SZ,4.7586,4.7996,4.8784,4.6042,4.7775,-0.018899999999999473,-0.3956,273371202.0,4087039824.0,35.906,4.8269,342589145.0,4.9301,379561059.2,5.0404,347974317.9,5.1401,438528364.6,5.51,539747743.0333,5.9608,589166262.35,4.6871,500677554.7,4.0898,421842077.9833
20120629,000001.SZ,4.7775,4.9477,5.0044,4.5538,4.9446,-0.16710000000000047,-3.3794,397486374.0,5981067330.0,35.906,4.9803,369085412.0,5.0561,418813988.4,5.07,349209703.9,5.1604,477436150.2,5.6063,554663412.8333,5.9865,591655381.7833,4.6514,498650503.9556,4.07,420265206.75
20120531,000001.SZ,4.9446,5.2692,5.3385,4.891,5.2187,-0.2740999999999998,-5.2523,356909859.0,5745311296.0,35.906,5.0381,408982573.3333,5.1494,376100922.2,5.1233,357261895.7,5.2117,509579762.7,5.6832,554588038.6667,6.0019,596161028.4833,4.6158,495487203.4444,4.0507,417653680.2583
20120427,000001.SZ,5.2187,4.9509,5.3952,4.8689,4.9509,0.26780000000000026,5.4091,352860003.0,5757452080.0,35.906,5.1862,446557903.0,5.1431,367430923.0,5.1753,370365276.5,5.22,526835348.7,5.7285,565145674.6,5.9885,600310394.0333,4.5808,493084389.0889,4.0291,416207614.2083
20120330,000001.SZ,4.9509,5.3826,5.6032,4.8721,5.3889,-0.4379999999999997,-8.1278,517177858.0,8620368514.0,35.906,5.1946,390244916.3333,5.0769,364640470.0,5.1913,378109484.2,5.235,534621356.4,5.7457,582646987.3,5.9713,602780814.3,4.5427,489648061.6333,4.0037,413614712.7583
20120229,000001.SZ,5.3889,5.225,5.5087,5.1494,5.244,0.1448999999999998,2.7632,469635848.0,7882999790.0,35.906,5.182,322372251.3333,5.1507,316387576.6,5.2528,368949445.0,5.2633,545061949.4,5.8556,604346944.2333,5.9587,611148569.4667,4.5075,484531694.2222,3.9812,409916110.7
20120131,000001.SZ,5.244,4.9131,5.3385,4.7681,4.9131,0.33089999999999975,6.7351,183921043.0,2972724632.0,35.906,5.015,278796214.6667,5.0839,279605419.4,5.2874,422280446.2,5.3179,561513558.7,5.9052,624452209.1667,5.9219,615825381.5333,4.4686,480377120.9556,3.9581,406447860.525
20111230,000001.SZ,4.9131,5.0202,5.1273,4.7051,4.8878,0.025299999999999656,0.5176,313559863.0,4901655074.0,35.906,5.0402,309460330.6667,5.0971,338422869.2,5.2698,481231630.2,5.4212,583013166.85,5.9178,637234667.1333,5.8808,624938909.7833,4.4338,479000017.5333,3.9383,405385302.6583
20111130,000001.SZ,4.8878,5.2818,5.4173,4.8784,5.3196,-0.43179999999999996,-8.1172,338907738.0,5550801112.0,35.906,5.0874,300182063.6667,5.2074,373299630.0,5.2805,491101393.9,5.5293,588172682.6,5.9255,653221468.3,5.8338,626542382.45,4.4019,477578694.5667,3.922,403932130.5417
20111031,000001.SZ,5.3196,5.0265,5.4204,4.8689,5.0549,0.2647000000000004,5.2365,275913391.0,4515378128.0,35.906,5.2282,346548915.0,5.3057,391578498.4,5.2742,506247951.8,5.6269,618705232.6,5.93,680301047.5667,5.7822,625657609.25,4.3736,477803204.2556,3.904,401509548.75
20110930,000001.SZ,5.0549,5.3101,5.4204,4.9918,5.3101,-0.2552000000000003,-4.8059,285725062.0,4728017600.0,35.906,5.2765,417225673.6667,5.3549,421511313.4,5.2399,529082411.3,5.7449,635634455.6,5.8977,708702261.1333,5.72,623498601.1,4.3398,479364276.4222,3.8823,399673700.1333
20110831,000001.SZ,5.3101,5.4204,5.5213,4.9004,5.4645,-0.15439999999999987,-2.8255,478008292.0,7986213710.0,35.906,5.3847,465418013.0,5.491,564955473.0,5.2509,605662596.5,5.8744,657390267.3,5.8514,732861203.4667,5.6604,622245560.6333,4.3063,478030137.2667,3.8648,397889005.9083
20110729,000001.SZ,5.4645,5.4047,5.7356,5.2629,5.3795,0.08499999999999996,1.5801,487943667.0,8476510150.0,35.906,5.4698,447941071.0,5.4425,624040391.2,5.3001,661897629.7,5.9631,653251110.15,5.7738,758179713.4,5.5995,620157606.4333,4.268,474611809.2778,3.8478,394636419.8833
20110630,000001.SZ,5.3795,5.5622,5.5622,4.9635,5.5654,-0.18590000000000018,-3.3403,430302080.0,7170046934.0,35.906,5.5602,619608468.6667,5.3536,608903157.8,5.2648,683305420.9,6.0052,662535873.65,5.6861,774422516.3667,5.5406,620834932.6833,4.2278,470689710.3889,3.8312,391462793.025
20110531,000001.SZ,5.5654,5.7198,5.8585,5.3574,5.7356,-0.17019999999999946,-2.9674,425577466.0,7592393882.0,35.906,5.4562,733985403.0,5.2427,620917405.2,5.2786,691133228.6,6.0228,684915738.85,5.5947,777566867.3667,5.4798,621567198.3833,4.1879,466699432.4,3.814,389288034.1167
20110429,000001.SZ,5.7356,5.0675,5.9877,5.0643,5.0675,0.6680999999999999,13.184,1002945860.0,17982608550.0,35.906,5.2744,729545414.3333,5.1248,636653509.2,5.2739,721174453.8,6.1571,722045693.85,5.5299,774360134.5667,5.4103,618524637.35,4.1484,462980992.6,3.7965,388784824.3583
20110331,000001.SZ,5.0675,5.0265,5.3479,4.932,5.0202,0.0472999999999999,0.9422,773432883.0,12606364470.0,35.906,4.9708,558687900.0,5.0108,646369720.0,5.3483,700746671.2,6.2141,725538090.65,5.5014,747388827.3667,5.3397,606717392.45,4.1095,452702439.3778,3.7738,380730526.6833
20110228,000001.SZ,5.0202,4.828,5.0958,4.7901,4.8248,0.19540000000000024,4.0499,412257500.0,6485081818.0,35.906,4.9404,468962934.3333,5.1576,699754868.2,5.5727,684794703.5,6.2418,715236185.6,5.4999,732870972.8333,5.2785,596739321.0833,4.0786,445249244.2444,3.7583,374865549.025
20110131,000001.SZ,4.8248,4.9855,5.2881,4.683,4.9761,-0.1513,-3.0405,490373317.0,7744820366.0,35.906,4.9887,682052739.0,5.1759,757707684.0,5.7781,685243971.3,6.248,734281505.5,5.4883,730060279.6,5.2173,592395712.6,4.0495,441934848.6111,3.7423,372057586.525
20101231,000001.SZ,4.9761,5.1652,5.3196,4.8878,5.1652,-0.18909999999999982,-3.661,504257986.0,8237111696.0,35.906,5.3144,865381174.6667,5.3146,761349052.0,5.9795,731162513.4,6.2579,767327595.45,5.5306,724875471.4667,5.1583,585683798.85,4.026,439111074.5889,3.7297,368899449.3083
20101130,000001.SZ,5.1652,5.827,6.1106,5.099,5.8018,-0.6366000000000005,-10.9725,1051526914.0,18826587228.0,35.906,5.3595,931302372.3333,5.423,805695398.4,6.2499,742186499.9,6.2266,798512186.05,5.6032,725598337.7,5.0962,579209914.3,4.0005,440497950.1111,3.7161,365279072.1
20101029,000001.SZ,5.8018,5.2629,6.3217,5.1998,5.1116,0.6901999999999999,13.5026,1040358624.0,19465293010.0,35.906,5.4772,750320120.0,5.6858,755123622.4,6.4979,709117938.1,6.1517,796460506.95,5.6581,712041242.8333,5.0312,564568005.5667,3.9714,430529098.7778,3.6999,357087779.2167
20100930,000001.SZ,5.1116,5.9877,5.9877,5.0769,5.5181,-0.4064999999999994,-7.3667,702021579.0,12311598256.0,35.906,5.3826,645530484.6667,5.9877,669834538.8,6.6262,644604590.6,6.0107,806320755.25,5.7317,685785844.7667,4.9573,551023509.2,3.934,419897049.1333,3.6797,349399868.0167
20100630,000001.SZ,5.5181,5.4929,5.931,5.1998,5.5181,0.0,0.0,508580157.0,9012716252.0,35.906,5.8385,677745969.6667,6.3803,612780258.6,6.7456,641766326.4,5.8968,819981064.1,5.8294,678898940.3,4.8938,541327328.2,3.9051,414854106.9444,3.6664,344878364.1333
20100531,000001.SZ,5.5181,6.3343,6.3974,5.3637,6.4793,-0.9612000000000007,-14.8349,725989718.0,13321433980.0,35.906,6.4362,712856986.0,6.6444,700975974.8,6.767,678698249.1,5.7527,820783686.75,5.9563,676121206.6333,4.8236,536524382.0333,3.869,410600348.8111,3.6491,341850285.15
20100430,000001.SZ,6.4793,7.3333,7.5193,6.0854,7.3113,-0.8319999999999999,-11.3796,798668034.0,16945568918.0,35.906,6.9552,609777139.3333,7.0768,678677601.4,7.0403,722916933.9,5.6579,800952974.95,6.0629,663824177.4,4.7536,526534967.2,3.8367,404695322.1667,3.6317,336617073.6333
20100331,000001.SZ,7.3113,7.2136,7.6485,6.9867,7.0749,0.23639999999999972,3.3414,613913206.0,14283903300.0,35.906,7.0749,660074040.6667,7.31,663112253.8,7.08,750329510.1,5.5779,770709905.45,6.2339,650237437.6333,4.6683,520021783.3167,3.7958,396908811.7444,3.6079,331663976.125
20100226,000001.SZ,7.0749,6.8417,7.1285,6.618,6.8386,0.23630000000000084,3.4554,416750178.0,9158631932.0,35.906,7.1978,660268922.3333,7.2646,619374642.4,6.9111,745677667.7,5.4636,756909107.5,6.3121,642753393.5,4.5655,511135900.6667,3.7476,392015136.2333,3.576,329566833.0083
20100129,000001.SZ,6.8386,7.7273,7.7462,6.4919,7.68,-0.8414000000000001,-10.9557,949558738.0,21047715878.0,35.906,7.388,761632628.3333,7.1109,670752394.2,6.7179,783319039.7,5.3433,752468433.75,6.3823,651881692.7667,4.4713,505312293.2667,3.706,390300092.7556,3.5461,327934055.0333
20091231,000001.SZ,7.68,7.6107,8.1306,7.0213,7.6453,0.03469999999999995,0.4539,614497851.0,14967925182.0,35.906,7.4699,576854765.3333,6.8896,656420523.4,6.5364,803492677.5,5.3061,721731950.5,6.4461,641725119.6333,4.3795,490447271.2167,3.666,384227208.5667,3.5185,321507333.775
20091130,000001.SZ,7.6453,6.9016,8.4237,6.8701,7.0844,0.5609000000000002,7.9174,720841296.0,18076004446.0,35.906,7.0119,596568460.6667,7.0037,767156266.4,6.2032,854837872.2,5.2799,717304256.6,6.4117,638584781.6667,4.2756,481142460.5333,3.6163,382540189.6333,3.4821,317145453.9167
20091030,000001.SZ,7.0844,6.4604,7.2829,6.3722,6.306,0.7783999999999995,12.3438,395225149.0,8678130588.0,35.906,6.3743,648921156.6667,6.8499,837546766.4,5.8055,883803075.8,5.2383,713502895.2,6.3668,628647350.7333,4.174,470644049.5167,3.5579,375465804.7222,3.4496,311979384.775
20090930,000001.SZ,6.306,5.7324,6.9961,5.7324,5.7324,0.5735999999999999,10.0063,673638937.0,13798045274.0,35.906,6.7629,906571629.0,6.5575,871980693.0,5.3952,968036919.9,5.2845,706376471.85,6.3205,637734018.3,4.0821,465936785.8333,3.5065,372008894.1222,3.4248,309250336.225
20090831,000001.SZ,5.7324,8.1464,8.1527,5.6851,8.2504,-2.5180000000000007,-30.5197,877899384.0,19863330490.0,35.906,6.9531,1039623248.6667,6.3249,895885685.2,5.0479,998195801.8,5.3714,697465247.25,6.2485,635475113.4667,4.0069,457053746.3333,3.4626,366561594.0778,3.4081,305066332.075
20090731,000001.SZ,8.2504,6.8701,8.2504,6.7944,6.8764,1.3740000000000006,19.9814,1168176566.0,27602469740.0,35.906,6.9163,936121714.6667,6.1831,950564831.6,4.7385,962869124.4,5.551,674832685.4,6.1969,622914641.3,3.9412,443148598.8,3.4231,357270621.2444,3.3984,299978520.35
20090630,000001.SZ,6.8764,5.7009,7.1978,5.6599,5.6221,1.2543000000000006,22.3102,1072793796.0,22929026430.0,35.906,5.8805,811117492.0,5.4028,942519478.0,4.2755,878989016.0,5.5743,634277799.15,6.0618,617950194.7,3.8334,424624069.2167,3.3564,345105832.8556,3.3637,294498022.575
20090527,000001.SZ,5.6221,5.1778,6.0507,5.1242,5.1431,0.4790000000000001,9.3134,567394782.0,9967137572.0,35.906,5.2629,837284598.6667,4.7611,930059385.2,4.0759,791090300.8,5.8108,600191401.4,5.9385,607198553.9,3.7503,408339576.85,3.3091,333779744.3111,3.3489,294336515.275
20090430,000001.SZ,5.1431,5.0423,5.433,4.7271,5.0234,0.11969999999999992,2.3828,793163898.0,12859201248.0,35.906,4.8385,1024136270.6667,4.233,1064093146.8,4.0161,768140547.3,6.0126,591291256.4,5.8437,612643152.4333,3.6918,399882692.7333,3.2785,328102181.1667,3.3306,291358563.1083
20090331,000001.SZ,5.0234,4.1599,5.2471,4.0905,4.3489,0.6744999999999992,15.5097,1151295116.0,17616597894.0,35.906,4.3468,1096579415.3333,3.771,1100505918.4,3.9688,721617827.8,6.2145,586163019.3,5.7422,599863296.6,3.6402,389757307.7,3.2542,320835684.6222,3.3084,285270817.25
20090227,000001.SZ,4.3489,3.7061,5.036,3.6273,3.6682,0.6807000000000003,18.5568,1127949798.0,15504136914.0,35.906,3.6661,1125335573.3333,3.2938,975173417.2,4.0759,639971223.5,6.4009,560841340.7,5.6344,571014170.9333,3.5955,376554282.6,3.2286,308579049.1444,3.2877,276044640.875
20090123,000001.SZ,3.6682,3.0159,3.8447,2.7985,2.9812,0.6870000000000003,23.0444,1010493332.0,10456370704.0,35.906,3.1608,1074428226.0,3.1483,815458554.0,4.3566,579770641.0,6.5159,530458236.4,5.5424,538294941.0667,3.5609,364695284.0667,3.2105,296664179.8,3.2724,266765702.0833
20081231,000001.SZ,2.9812,2.7953,3.5706,2.7701,2.8331,0.1480999999999999,5.2275,1237563590.0,12636765932.0,35.906,2.8173,912474652.0,3.3906,652121216.4,4.671,543202714.6,6.6474,501069488.2,5.4693,511629917.8,3.5337,350614604.1667,3.2026,286231606.7222,3.2642,258599016.95
20081128,000001.SZ,2.8331,2.5999,3.5769,2.5211,2.6377,0.1953999999999998,7.408,975227756.0,9601167140.0,35.906,3.0307,609745282.6667,3.7993,472187947.8,5.1737,444716023.8,6.7832,472582567.5,5.4252,482135499.4667,3.5152,332827857.2167,3.2059,273455322.0444,3.2622,248657354.2583
20081031,000001.SZ,2.6377,4.6578,4.6578,2.6157,4.724,-2.0863,-44.1638,524632610.0,6500167708.0,35.906,3.7129,349271578.6667,4.1666,342729737.2,5.6948,396734692.7,6.8488,454114769.3,5.3951,467247349.0,3.4986,318823307.4,3.2129,263809551.9111,3.2631,241541606.7417
20080926,000001.SZ,3.6212,4.8556,4.8556,2.9955,4.8798,-1.2586000000000004,-25.792,329375482.0,5109864790.0,27.524,4.5086,287026457.6667,4.858,304769029.8,6.3635,386796246.4,6.9261,452937399.75,5.3648,465567529.4,3.4844,311265714.9167,3.2204,259861756.3667,3.2641,237634473.6333
20080829,000001.SZ,4.8798,5.0175,5.3871,4.5126,5.0247,-0.1448999999999998,-2.8838,193806644.0,3953538112.0,27.524,4.858,286546864.6667,5.5649,344082728.0,6.873,389566582.3,6.955,487430784.05,5.2907,462689140.1333,3.4576,307291421.6167,3.2187,260259720.9556,3.2582,235339648.4167
20080731,000001.SZ,5.0247,4.672,5.346,4.2928,4.6696,0.3551000000000002,7.6045,337897247.0,6835156364.0,27.524,5.2631,333554341.0,5.9514,434284212.8,7.5458,409292502.0,6.8699,515252680.45,5.1781,466045957.5333,3.4135,305359245.3833,3.198,258511093.1222,3.2425,234323366.675
20080630,000001.SZ,4.6696,6.0949,6.3051,4.5947,6.0949,-1.4253,-23.3851,327936703.0,7131855670.0,27.524,5.9733,396236583.0,6.5481,417244099.8,8.0091,414441965.5,6.7575,534894455.0,5.0571,460607669.3333,3.368,301438379.95,3.1777,255530407.7556,3.2272,232363577.6
20080530,000001.SZ,6.0949,7.1989,7.2834,5.8437,7.1554,-1.0605000000000002,-14.821,334829073.0,9019284210.0,27.524,6.6876,501862371.3333,7.2231,450739648.2,8.4602,450708210.8,6.6288,538986031.0,4.9464,454731145.6,3.3301,297872133.1167,3.1604,252723355.5,3.2147,230397150.175
20080430,000001.SZ,7.1554,6.7641,7.3318,5.1938,6.8124,0.34299999999999997,5.0349,525943973.0,14219403152.0,27.524,7.3253,474484907.6667,7.869,468823463.0,8.7259,481711457.9,6.4137,536535644.65,4.786,446492126.2333,3.2737,296228876.15,3.1294,250240775.2556,3.1949,228509656.8167
20080331,000001.SZ,6.8124,7.9478,8.1072,5.9137,8.0082,-1.1958000000000002,-14.9322,644814068.0,18212670430.0,27.524,7.6217,464308398.3333,8.1811,435050436.6,8.6751,481145831.8,6.1353,517557091.1,4.5892,432821490.9,3.1992,297947756.3167,3.087,245172650.2333,3.1674,225258306.3667
20080229,000001.SZ,8.0082,8.1048,9.2523,7.3873,8.0444,-0.03619999999999912,-0.45,252696682.0,8671295948.0,27.524,8.4591,391119758.0,9.1402,384300791.2,8.6238,458936261.8,5.8684,495843519.4,4.4043,417094768.3,3.1281,289773026.75,3.0471,238769958.0111,3.1439,220710722.6417
20080131,000001.SZ,8.0444,9.3006,10.75,7.926,9.3247,-1.2803000000000004,-13.7302,495414445.0,19447691072.0,27.524,8.695,425913811.0,9.4702,411639831.2,8.3927,500449111.2,5.551,500845237.3,4.183,416261173.6333,3.0352,286952651.3167,2.9957,237271209.1,3.1122,219041971.7583
20071228,000001.SZ,9.3247,9.0808,9.6847,8.4454,8.716,0.6087000000000007,6.9837,425248147.0,16135784270.0,27.524,9.8828,391130943.0,9.6972,450676773.4,8.0028,511494845.9,5.2452,502503677.15,3.9582,403755716.1,2.943,282831690.2667,2.9454,233538172.0778,,215923847.9167
20071130,000001.SZ,8.716,11.3805,11.8323,8.1169,11.6076,-2.8916000000000004,-24.9113,357078841.0,14277708886.0,27.524,9.9939,379178854.6667,9.5827,494599452.8,7.4886,519078553.1,4.8654,504953170.9,3.6908,396927557.4333,2.8253,277839919.9,2.8801,230426644.6556,,213629207.425
20071031,000001.SZ,11.6076,10.0253,11.7888,9.204,9.6581,1.9495000000000005,20.1851,391065841.0,16548386460.0,27.524,10.1485,490352293.0,9.1692,527241227.0,7.037,585294985.8,4.4996,499250419.05,3.4442,389245757.0,2.7236,275130894.55,2.8212,227548039.0444,,212200159.9917
20070928,000001.SZ,9.6581,9.204,9.7354,8.3512,9.1798,0.47829999999999906,5.2104,389391882.0,14539712590.0,27.524,9.1967,574950860.6667,8.1074,533571732.4,6.1939,621212858.9,3.9943,494422685.3,3.1027,389806129.0,2.5768,270244498.8,2.7325,225472822.2889,,213064796.025
20070831,000001.SZ,9.1798,8.757,9.8707,8.3053,8.7522,0.4276,4.8856,690599156.0,26257588910.0,27.524,8.1934,618582804.0,7.3153,589258391.2,5.5058,655346944.5,3.5811,483690521.25,2.8189,379518407.8333,2.4654,266646007.6,2.664,225171312.8444,,211208382.4
20070731,000001.SZ,8.7522,6.4766,8.7933,6.0732,6.6481,2.1041,31.6496,644861544.0,19631254642.0,27.524,7.2331,529289208.0,6.3084,572312918.4,4.7975,627263851.2,3.1895,456742613.0,2.5603,358742893.7667,2.3679,259509292.75,2.6007,219951509.1222,,206710267.6167
20070629,000001.SZ,6.6481,7.9719,8.8368,6.5756,6.9308,-0.2826999999999993,-4.0789,520287712.0,17028330500.0,27.524,6.2148,536943752.0,5.3944,543557653.4,4.1015,591359831.4,2.816,428882460.4,2.3129,339169422.8,2.276,255478253.0333,2.5426,214768071.8222,,203516701.1917
20070531,000001.SZ,6.299,5.7523,6.692,5.6842,5.6974,0.6016000000000004,10.5592,422718368.0,11882885620.0,25.015,5.3805,565471778.6667,4.9048,643348744.6,3.5954,553968350.4,2.5463,408659320.45,2.1395,323700139.4,2.2187,254517893.6167,2.5056,209999011.3333,,201555227.9667
20070430,000001.SZ,5.6974,4.1671,5.6974,4.1605,4.1452,1.5522,37.4457,667825176.0,14751428404.0,25.015,4.675,591594062.3333,4.2804,708853985.4,3.113,532750777.0,2.2946,396174021.55,1.9812,312640748.3,2.1535,248875031.7167,2.4772,206423396.1222,,204636100.9
20070330,000001.SZ,4.1452,4.1715,4.5843,3.7939,4.1825,-0.03730000000000011,-0.8918,605871792.0,11466152248.0,25.015,4.1759,708733393.0,3.6964,721435497.8,2.7093,501241363.4,2.0781,374167204.85,1.8437,294139553.3667,2.0995,239146332.0333,2.4595,199755775.5333,,203668864.1167
20070228,000001.SZ,4.1825,4.0749,4.6984,3.6577,4.2,-0.01750000000000007,-0.4167,501085219.0,9478214400.0,25.015,3.8531,756857653.0,3.2867,682214784.0,2.4875,493512508.4,1.9359,349886151.2,1.7653,278632379.2,2.0697,232104834.3833,2.4613,194930071.6111,,203004178.9667
20070131,000001.SZ,4.2,3.2164,4.6062,2.8542,3.1769,1.0231000000000003,32.2044,1019243168.0,16783391706.0,25.015,3.3847,833406826.0,2.8085,639162009.4,2.2423,490827788.7,1.7919,335852059.6,1.6856,263382556.3,2.0362,224448611.2167,2.4656,192333146.7,,201323536.575
20061229,000001.SZ,3.1769,2.7795,3.223,2.6807,2.7773,0.39959999999999996,14.3881,750244572.0,10115948764.0,25.015,2.6836,630248511.0,2.286,464587956.2,1.9622,413205852.3,1.6479,291221142.6,1.6049,231297943.7333,2.0037,208683651.9333,2.4643,186680631.8667,,195268624.5167
20061130,000001.SZ,2.7773,2.0967,2.8937,1.9979,2.0967,0.6806000000000001,32.4605,730732738.0,8149120562.0,25.015,2.2219,475440769.0,1.9457,356647568.6,1.7946,367632511.7,1.5571,274102764.05,1.562,209480599.8,1.9944,197070339.5167,2.4857,190049169.0667,,193194148.5917
20061031,000001.SZ,2.0967,1.8267,2.2504,1.8223,1.7916,0.3050999999999997,17.0295,409768223.0,3799773856.0,25.015,1.8252,280654157.0,1.7222,281047229.0,1.6563,312034098.0,1.4754,241604139.5,1.5398,187122233.0333,1.9959,185831695.5333,2.4929,184263700.0,,191182673.025
20060929,000001.SZ,1.7916,1.583,1.8135,1.5391,1.5874,0.20420000000000016,12.8638,285821346.0,2170450794.0,25.015,1.6181,214245627.3333,1.6884,304810232.8,1.5815,286221374.8,1.4417,224482415.05,1.5382,179651318.8,2.0102,181321878.6333,2.4972,180406657.4667,,191237607.4333
20060831,000001.SZ,1.5874,1.4776,1.6225,1.4381,1.4754,0.11199999999999988,7.5912,146372902.0,1021664118.0,25.015,1.5742,236548858.6667,1.6761,342493568.0,1.5305,266405089.4,1.4186,213074218.5,1.5565,182094394.2667,2.0258,177361488.25,2.5054,177721464.1889,,190940298.4167
20060731,000001.SZ,1.4754,1.6598,1.8069,1.4688,1.6598,-0.1843999999999999,-11.1098,210542634.0,1604749198.0,25.015,1.6876,363952305.3333,1.6383,361823748.4,1.4971,263350290.5,1.4116,208566033.9,1.5794,191095627.0667,2.0446,175848799.1667,2.5158,176255955.7556,,193839900.2083
20060630,000001.SZ,1.6598,1.7345,1.7345,1.493,1.9277,-0.2679,-13.8974,352731040.0,2548890086.0,25.015,1.7725,451850768.0,1.6436,378617454.8,1.4761,259597266.1,1.4152,202585733.95,1.5981,189599290.5333,2.0693,173532451.1833,2.5291,174255383.3333,,197390897.8
20060531,000001.SZ,1.9277,1.7301,1.9738,1.6818,1.7301,0.1976,11.4213,528583242.0,4375992932.0,25.015,1.6855,415281689.3333,1.5905,343020967.0,1.4469,247093046.3,1.411,190588648.35,1.6051,183520214.9667,2.0962,169115233.3333,2.5412,170831305.8556,,202316705.3833
20060428,000001.SZ,1.7301,1.3876,1.7762,1.3788,1.3986,0.3314999999999999,23.7023,474238022.0,3297142536.0,25.015,1.5435,337257664.0,1.4745,267632516.8,1.3843,206259794.0,1.4042,171192314.6,1.6022,170399265.8,2.1218,162090653.3667,2.5524,166306359.3222,,203243987.6583
20060331,000001.SZ,1.3986,1.5017,1.5127,1.3502,1.5017,-0.10309999999999997,-6.8656,243023804.0,1556451296.0,25.015,1.4315,237427857.0,1.385,190316610.8,1.3415,180876330.5,1.4072,149659940.1,1.6041,156963900.4333,2.1483,157008869.85,2.5638,161656788.3778,,200993080.3833
20060228,000001.SZ,1.5017,1.3942,1.5588,1.3459,1.3942,0.10749999999999993,7.7105,294511166.0,1955446452.0,25.015,1.4147,206966919.3333,1.356,164876832.6,1.3336,169236432.9,1.4263,140343989.45,1.6245,151893703.1,2.1828,159045011.3667,2.5807,159556484.5111,,199627168.8667
20060125,000001.SZ,1.3942,1.3459,1.4271,1.3283,1.3481,0.04610000000000003,3.4196,174748601.0,1096272782.0,25.015,1.3415,138016028.0,1.3085,140577077.4,1.3195,180573016.4,1.4457,130404643.85,1.6489,144672533.2333,2.2079,154743660.9167,2.5972,157082503.0556,,197355207.1833
20051230,000001.SZ,1.3481,1.2822,1.3766,1.2295,1.2822,0.06590000000000007,5.1396,151640991.0,815753495.0,25.015,1.2946,118374798.6667,1.3033,151165125.6,1.2945,171174181.0,1.4815,124666300.55,1.6788,142269090.5667,2.2381,152991776.9667,2.6172,156282213.6889,,195958937.7083
20051130,000001.SZ,1.2822,1.2493,1.2954,1.2097,1.2536,0.02859999999999996,2.2814,87658492.0,501380172.0,25.015,1.2668,125498598.3333,1.294,144887071.2,1.3019,162743455.3,1.5166,126366290.8,1.7137,141013120.6333,2.2673,151719460.45,2.6375,155619151.7,,194772625.4667
20051031,000001.SZ,1.2536,1.3788,1.4447,1.2097,1.2646,-0.010999999999999899,-0.8698,115824913.0,710124316.0,25.015,1.2953,172175381.6667,1.298,171436050.2,1.3068,159743347.6,1.5695,139939046.7,1.7614,145965626.0667,2.3012,152115099.7667,2.6645,155848833.6778,,194154628.6
20050930,000001.SZ,1.2646,1.37,1.4139,1.2624,1.3678,-0.10319999999999996,-7.545,173012390.0,1075347928.0,25.015,1.3114,173650650.3333,1.3111,173596033.2,1.3261,153781777.3,1.6205,154968295.35,1.8091,163074021.7333,2.3359,151348229.9,2.6935,156070578.1889,,193375732.6583
20050831,000001.SZ,1.3678,1.2998,1.4249,1.2778,1.3019,0.06589999999999985,5.0618,227688842.0,1406012414.0,25.015,1.3239,189447649.3333,1.3305,220568955.4,1.3544,145574201.8,1.6592,154600302.75,1.8518,162451285.2,2.3685,149607552.8667,2.7238,155249374.0889,,192158096.075
20050729,000001.SZ,1.3019,1.2998,1.3502,1.19,1.3019,0.0,0.0,120250719.0,700027207.0,25.015,1.3078,155759644.6667,1.2857,191183236.4,1.3751,134084250.4,1.6842,151733799.3,1.8874,157644129.0,2.402,147776226.8333,2.7553,153302237.8,,190841214.8917
20050630,000001.SZ,1.3019,1.3195,1.5215,1.2515,1.3195,-0.017599999999999838,-1.3338,220403387.0,1396565124.0,25.015,1.3275,251635072.0,1.3098,180599839.4,1.424,136124835.2,1.7111,152469001.7,1.9277,161907664.4333,2.439,148429400.0667,,153313225.1889,,189919015.5667
20050531,000001.SZ,1.3195,1.3678,1.4051,1.2646,1.3612,-0.04170000000000007,-3.0635,126624828.0,776811944.0,25.015,1.2749,205087358.6667,1.3156,148050645.0,1.473,118443549.7,1.7354,145007685.4,1.9599,158752282.3667,2.4747,147176188.2667,,152529757.4222,,188181672.3417
20050429,000001.SZ,1.3612,1.1417,1.6225,1.1241,1.1439,0.21730000000000005,18.9964,407877001.0,2621468198.0,25.015,1.3093,185323660.6667,1.341,133967521.4,1.5191,111451546.0,1.77,143222338.2,2.003,161016032.1,2.5097,146699180.0667,,153184960.9889,,187569781.275
20050331,000001.SZ,1.1439,1.4227,1.4271,1.1087,1.4227,-0.27880000000000016,-19.5965,80760247.0,473815543.0,25.015,1.299,68583798.6667,1.3784,70579448.2,1.5718,80236271.3,1.8136,126722291.65,2.0509,150682868.6,2.5474,143306168.9333,,154151018.3667,,184281102.1
20050228,000001.SZ,1.4227,1.3327,1.4864,1.3305,1.3305,0.09220000000000006,6.9297,67333734.0,442179166.0,25.015,1.4,60400119.6667,1.4644,76985264.4,1.6686,78158420.1,1.871,127816545.35,2.112,153773607.3667,2.5866,147997765.35,,155105040.5889,,183764855.0417
20050131,000001.SZ,1.3305,1.4469,1.46,1.2844,1.4469,-0.11640000000000006,-8.0448,57657415.0,364576363.0,25.015,1.4417,68267753.3333,1.5382,91649831.0,1.7312,89989126.3,1.9196,130147953.3,2.1754,160275691.7333,2.6209,150555816.8,,156032725.5667,,183274942.2583
20041231,000001.SZ,1.4469,1.5435,1.5896,1.4381,1.5478,-0.10089999999999999,-6.5189,56209210.0,387461475.0,25.015,1.523,86645057.6667,1.6304,88836454.4,1.8322,120134745.8,1.9887,139076765.3,2.2392,171787083.2667,2.6575,152567396.3333,,158299127.3222,,182940197.9667
20041130,000001.SZ,1.5478,1.5698,1.6466,1.4908,1.5742,-0.02639999999999998,-1.677,90936635.0,650625129.0,25.015,1.6379,114794176.6667,1.6972,88935570.6,1.9149,156154813.4,2.0506,167720143.95,2.2978,185335647.8333,2.6886,153148447.3,,160840257.4889,,182612383.7167
20041029,000001.SZ,1.5742,1.8003,1.864,1.449,1.7916,-0.21740000000000004,-12.1344,112789328.0,837882636.0,25.015,1.7191,99012142.3333,1.7652,89893094.4,1.9639,163626403.7,2.1005,170889826.9,2.3258,185109315.1333,2.7252,153314720.0333,,168634551.7667,,181965786.7583
20040930,000001.SZ,1.7916,1.7916,2.0287,1.7257,1.7916,0.0,0.0,140656567.0,1198095790.0,25.015,1.7879,80317296.6667,1.8728,79331575.8,1.9933,169383348.2,2.1436,169424068.3,2.3553,184153110.7,2.7674,152563886.6167,,173511967.7,,181598951.525
20040831,000001.SZ,1.7916,1.774,1.8201,1.7345,1.7806,0.01100000000000012,0.6178,43590532.0,352195383.0,25.015,1.8201,65339859.0,1.9242,88328421.6,1.9982,168813168.2,2.1796,174799079.05,2.3741,185577289.5667,2.8094,153078917.8167,,177794778.8889,,182689749.3
20040730,000001.SZ,1.7806,1.8706,1.9321,1.7564,1.8882,-0.10760000000000014,-5.6985,56704791.0,475630400.0,25.015,1.927,70803593.3333,2.0339,151433037.2,1.9977,171571821.1,2.2033,178906648.7,2.3868,185514666.1333,2.8555,156808441.9,,180637196.6667,,183897137.3667
20040630,000001.SZ,1.8882,2.1341,2.2043,1.8399,2.1121,-0.22389999999999977,-10.6008,95724254.0,893088519.0,25.015,2.0162,113782261.6667,2.1327,223374056.2,2.021,174993130.4,2.245,185798275.15,2.4024,186069360.1333,2.894,164371975.9333,,183258851.4444,,183565635.775
20040531,000001.SZ,2.1121,2.0506,2.1736,1.9343,2.0484,0.06369999999999987,3.1097,59981735.0,555807893.0,25.015,2.167,201578713.6667,2.1626,237359713.0,2.0553,173208312.0,2.2905,185906167.25,2.4268,184660079.2333,2.9475,180333453.7,,187765331.5222,,182854983.6583
20040430,000001.SZ,2.0484,2.3404,2.3668,1.954,2.3404,-0.2919999999999998,-12.4765,185640796.0,1851526612.0,25.015,2.2211,320388097.3333,2.1138,259435120.6,2.0733,177474670.6,2.3336,191581201.0,2.452,184541158.0333,2.9695,182834433.4833,,192536153.0222,,182791395.0333
20040331,000001.SZ,2.3404,2.2658,2.5029,2.2065,2.2746,0.06579999999999986,2.8928,359113610.0,3900950840.0,25.015,2.2175,313725344.6667,2.0721,249297914.8,2.1081,170306780.3,2.3975,195418974.45,2.4822,182992438.4667,2.9767,180784326.8,,195099703.6444,,181471489.2333
20040227,000001.SZ,2.2746,2.0638,2.5007,2.0528,2.0374,0.23720000000000008,11.6423,416409886.0,4380283334.0,25.015,2.0601,250807065.6667,1.9615,191710605.0,2.1452,158018784.8,2.4427,197613252.0,2.495,172628582.2333,2.9799,175534999.15,,193888933.1333,,178558956.65
20040130,000001.SZ,2.0374,1.8684,2.1055,1.8464,1.8684,0.16899999999999982,9.0452,165652538.0,1528924236.0,25.015,1.9152,156988692.6667,1.9092,126612204.6,2.1862,179285474.5,2.4893,199926065.05,2.5098,160601971.2667,2.9839,168836120.1,,194754657.9222,,175147379.2667
20031231,000001.SZ,1.8684,1.8442,2.0089,1.8113,1.8399,0.02849999999999997,1.549,170358773.0,1487433702.0,25.015,1.8318,125496867.0,1.9481,109056911.0,2.2372,178153250.1,2.5067,195850770.85,2.5404,157465611.8333,2.9946,166583429.7333,,199988100.2222,,173831112.2833
20031128,000001.SZ,1.8399,1.7806,1.9738,1.673,1.7872,0.05270000000000019,2.9487,134954767.0,1111823172.0,25.015,1.8801,99016570.6667,2.0328,95514220.6,2.2938,169464788.4,2.5362,191537991.95,2.5873,154710251.7,3.0093,164486851.3,,208582202.1889,,172534378.3417
20031031,000001.SZ,1.7872,2.0309,2.0792,1.7498,2.0133,-0.2261000000000002,-11.2303,71177061.0,627835455.0,25.015,2.0107,79990338.3333,2.144,91315645.8,2.3611,180784989.9,2.5621,193959350.25,2.6414,153782040.9333,3.0276,164259906.0833,,214192228.2778,,171534381.95
20030930,000001.SZ,2.0133,2.2614,2.3075,1.9738,2.268,-0.2546999999999997,-11.2302,90917884.0,889565268.0,25.015,2.179,90479758.3333,2.3288,124326964.6,2.409,186241476.3,2.5813,192486088.65,2.6925,157053839.2667,3.0437,164003232.35,,215669473.7,,170992749.775
20030829,000001.SZ,2.2316,2.2921,2.4109,2.1819,2.2921,-0.06050000000000022,-2.6395,77876070.0,834362768.0,24.614,2.3065,98161094.6667,2.4632,231958744.4,2.469,196603419.9,2.5932,191607475.0,2.741,166196319.6333,3.0588,163387875.2167,,215538324.1222,,170306079.9083
20030731,000001.SZ,2.2921,2.3958,2.4801,2.2295,2.3958,-0.1036999999999999,-4.3284,102645321.0,1124462256.0,24.614,2.4664,150946956.3333,2.5263,247249589.2,2.5256,198604022.5,2.6125,190385962.85,2.767,164814788.6,3.0714,163287487.9667,,214916098.5,,169957669.325
20030630,000001.SZ,2.3958,2.7091,2.7091,2.3785,2.7112,-0.3153999999999999,-11.6332,113961893.0,1357192912.0,24.614,2.5974,326424110.3333,2.5548,243415356.2,2.5939,205687731.4,2.6414,188074401.75,2.7973,163714463.3667,3.0865,163288775.25,,213855553.4222,,169320914.15
20030530,000001.SZ,2.7112,2.6356,2.8473,2.5492,2.6853,0.025900000000000034,0.9645,236233655.0,2962253848.0,24.614,2.6478,339880244.0,2.5781,270254334.0,2.687,220531168.6,2.6692,189335267.55,2.821,162425800.2667,3.0993,162922167.2333,,212692460.4111,,168515199.2083
20030430,000001.SZ,2.6853,2.5514,3.0029,2.506,2.547,0.13829999999999965,5.4299,629076783.0,8006313702.0,24.614,2.5557,288960411.0,2.4891,248155988.0,2.7402,237207719.2,2.67,179933480.95,2.841,158264573.4667,3.1161,160790437.4833,,210217629.4444,,166720017.9167
20030331,000001.SZ,2.547,2.439,2.56,2.3072,2.4347,0.11230000000000029,4.6125,154330294.0,1744528602.0,24.614,2.4981,161987077.3333,2.4749,161248095.4,2.7923,220566655.6,2.6716,151260219.65,2.8627,139622438.0667,3.1357,152568856.4167,,203476302.9667,,161599022.225
20030228,000001.SZ,2.4347,2.5017,2.506,2.3353,2.5125,-0.07780000000000031,-3.0965,83474156.0,936307912.0,24.614,2.4045,152457621.0,2.525,149958455.8,2.7762,213548291.6,2.6921,147121792.7,2.8853,136763820.5333,3.1597,151648418.5333,,202060366.3667,,160517721.4417
20030129,000001.SZ,2.5125,2.2359,2.5492,2.1409,2.2662,0.24630000000000019,10.8684,248156782.0,2765537760.0,24.614,2.4642,189478675.6667,2.633,167960106.6,2.7786,213611195.5,2.734,147332983.35,2.9166,137908324.6667,3.1892,151131292.2,,201906910.1889,,160058861.8083
20021231,000001.SZ,2.2662,2.6118,2.6118,2.2035,2.614,-0.3477999999999999,-13.3053,125741925.0,1390623668.0,24.614,2.5593,139387113.6667,2.7959,170808003.2,2.7632,207133710.6,2.7815,140280566.45,2.9502,134951135.7,,149016005.5667,,199256132.6111,,158081857.7917
20021129,000001.SZ,2.614,2.7998,3.0093,2.4628,2.7976,-0.1836000000000002,-6.5628,194537320.0,2483685448.0,24.614,2.7955,155300608.6667,2.9912,226259450.4,2.7536,198730701.0,2.8342,142460020.75,2.9895,135600094.1667,,149418494.95,,197991469.0,,157230570.0833
20021031,000001.SZ,2.7976,2.9164,2.9532,2.7069,2.9748,-0.17720000000000002,-5.9567,97882096.0,1286757196.0,24.614,3.0331,177920257.0,3.1098,279885215.8,2.7173,186611530.1,2.8769,150992769.5,3.0165,132382328.0333,,149269425.4333,,196421031.0,,155755362.4167
20020927,000001.SZ,2.9748,3.3356,3.4263,2.9381,3.3269,-0.3521000000000001,-10.5834,173482410.0,2551309408.0,24.614,3.1815,279625945.3333,3.0275,277138127.4,2.6994,182167903.2,2.8877,147920171.65,3.0439,135929469.2667,,155885093.25,,195480513.2667,,
20020830,000001.SZ,3.3269,3.2297,3.4133,3.1346,3.2427,0.08420000000000005,2.5966,262396265.0,3998026444.0,24.614,3.2588,376020524.3333,2.9242,259262284.4,2.6889,170461072.1,2.899,142727829.35,3.0612,142221923.3333,,155770757.2,,193761937.6,,
20020731,000001.SZ,3.2427,3.2513,3.3485,3.0029,3.2405,0.002200000000000202,0.0679,402999161.0,5989213146.0,24.614,2.9452,316603987.3333,2.7305,243459418.0,2.6514,158139366.5,2.8879,133373116.1,3.0664,140835941.8667,,153911242.4833,,190941359.1,,
20020628,000001.SZ,3.2069,2.3838,3.3138,2.3346,2.386,0.8209,34.4049,462666147.0,6403914202.0,24.359,2.6838,210305332.0,2.5159,171201951.6,2.5997,122659242.7,2.8914,118793000.6,3.0757,133347709.4,,151555149.35,,186657902.8667,,
20020531,000001.SZ,2.386,2.4651,2.5506,2.309,2.4586,-0.0726,-2.9529,84146654.0,955067018.0,24.359,2.4009,117210594.0,2.3248,93337844.4,2.5508,81953783.7,2.8979,99150329.3,3.0794,120961246.7667,,148592562.3167,,181704629.0111,,
20020430,000001.SZ,2.4586,2.3582,2.5206,2.2149,2.3582,0.10040000000000004,4.2575,84103195.0,924254092.0,24.359,2.3289,103065652.3333,2.3714,87197679.0,2.6079,80695293.8,2.9398,98371585.0,3.1247,121520124.9333,,160397170.0833,,180917943.9667,,
20020329,000001.SZ,2.3582,2.17,2.6083,2.1593,2.17,0.18820000000000014,8.6728,183381933.0,2101749896.0,24.359,2.2598,99479791.0,2.4535,81659859.8,2.6893,81054771.2,2.9856,100056889.25,3.1795,120974662.5333,,168191396.2,,180747565.1333,,
20020228,000001.SZ,2.17,2.2491,2.3475,2.1551,2.2513,-0.08130000000000015,-3.6112,41711829.0,438447832.0,24.359,2.3468,56167755.6667,2.5724,72819315.0,2.7999,73427422.3,3.0436,98859848.25,3.2446,120580546.0667,,173903523.55,,181727235.8778,,
20020131,000001.SZ,2.2513,2.6254,2.6297,2.0204,2.619,-0.36770000000000014,-14.0397,73345611.0,776960811.0,24.359,2.5798,61068512.3333,2.6836,74116533.8,2.9149,86189340.5,3.1075,104034790.75,3.3243,128102217.6667,,178198461.9333,,183357961.1111,,
20011231,000001.SZ,2.619,2.8691,2.9183,2.5634,2.8691,-0.25009999999999977,-8.717,53445827.0,682191322.0,24.359,2.8135,83013045.0,2.7768,70569723.0,3.0365,115374008.9,3.166,105267727.0,3.3856,142674591.7333,,181853597.1,,182731060.9889,,
20011130,000001.SZ,2.8691,2.9525,3.0359,2.6831,2.9525,-0.08340000000000014,-2.8247,56414099.0,755405023.0,24.359,2.8492,81263743.6667,2.8443,74192908.6,3.0759,113672440.1,3.2162,112810252.3,3.4682,176006828.1667,,189317957.6667,,182253285.1333,,
20011031,000001.SZ,2.9525,2.7259,3.1,2.5442,2.7259,0.2265999999999999,8.3129,139179209.0,1880120538.0,24.359,2.7986,80996229.6667,2.9251,80449682.6,3.1092,114994586.6,3.2473,128102348.95,3.487,181127708.9333,,196533650.5167,,182208140.7,,
20010928,000001.SZ,2.7259,2.7259,2.8071,2.5613,2.7173,0.008600000000000385,0.3165,48197923.0,608094856.0,24.359,2.8,58457078.3333,3.0273,74035529.6,3.1244,108606865.7,3.2739,132184229.55,3.4712,178576215.1333,,201153336.2333,,180964506.1556,,
20010831,000001.SZ,2.7173,2.9611,3.0402,2.6724,2.9568,-0.23950000000000005,-8.1,55611557.0,736130099.0,24.359,2.9824,71623760.3333,3.1462,98262147.2,3.183,114926758.5,3.3137,138691942.75,3.4648,178441416.0667,,204519108.5833,,180535748.1222,,
20010731,000001.SZ,2.9568,3.2882,3.4314,2.9076,3.2732,-0.31640000000000024,-9.6664,71561755.0,1076464570.0,24.359,3.2312,88789389.3333,3.2963,160178294.8,3.2449,116346874.9,3.3438,140464978.3,3.4581,177070268.9333,,211831001.25,,179995848.6,,
20010629,000001.SZ,3.2732,3.4635,3.549,3.2433,3.4635,-0.1902999999999997,-5.4944,87697969.0,1382545828.0,24.359,3.3523,121379141.3333,3.3074,153151971.6,3.2717,116047876.2,3.3831,141932540.5,3.4488,175701247.6333,,221249344.4167,,179286279.1,,
20010531,000001.SZ,3.4635,3.3202,3.5127,3.2454,3.3202,0.14329999999999998,4.316,107108444.0,1685612448.0,24.359,3.4172,213877250.0,3.2933,149539490.6,3.2818,119059007.3,3.4246,140934608.2,3.4313,174263450.9,,235518177.4333,,178475753.8889,,
20010430,000001.SZ,3.3202,3.4742,3.658,3.3095,3.4678,-0.14760000000000018,-4.2563,169331011.0,2778050104.0,24.359,3.2668,190317815.0,3.2215,143178201.8,3.2874,124292274.2,3.4669,144157107.95,3.4138,174737771.2333,,244397321.95,,177451828.9556,,
20010330,000001.SZ,3.4678,3.0359,3.6559,3.0145,3.0124,0.4554,15.1175,365192295.0,5903546066.0,24.359,3.2276,157085999.3333,3.2198,131591369.8,3.3001,121880241.0,3.529,149058656.25,3.395,170952625.4333,,244977290.9167,,175639053.2778,,
20010228,000001.SZ,3.0124,3.2069,3.2283,2.9504,3.2027,-0.19030000000000014,-5.9419,36430139.0,518925890.0,24.359,3.1065,60455901.0,3.1936,72515455.0,3.2955,95161445.1,3.5602,156324883.15,3.3767,160579430.8,,240209326.3667,,171676000.0,,
20010119,000001.SZ,3.2027,3.1086,3.2497,2.9611,3.1043,0.09840000000000027,3.1698,69635564.0,1012004200.0,24.359,3.2062,85444805.0,3.236,78943780.8,3.3565,111948064.5,3.6644,207174022.2,3.3758,161760187.3333,,239966753.45,,171671962.9,,
20001229,000001.SZ,3.1043,3.3138,3.3438,3.0573,3.3117,-0.20740000000000025,-6.2626,75302000.0,1121571400.0,24.359,3.2509,85503857.3333,3.2704,88578524.0,3.3855,141210111.3,3.6759,214194270.1,3.3756,162863087.1333,,238926098.45,,171189731.0778,,
20001130,000001.SZ,3.3117,3.7521,3.8483,3.2433,3.7521,-0.4403999999999999,-11.7374,111396851.0,1808175980.0,24.359,3.291,83260446.6667,3.3534,105406346.6,3.4234,155761593.4,3.6447,213560889.85,3.3777,163418534.2,,237825790.4833,,170544998.8556,,
20001031,000001.SZ,3.3367,3.2321,3.3956,3.1675,3.2245,0.11220000000000008,3.4796,69812721.0,1214757258.0,21.662,3.312,85397923.0,3.3804,112169112.2,3.4445,162457127.0,3.6058,210198744.85,3.3912,163316301.5,,236194157.4333,,169538499.4,,
20000929,000001.SZ,3.2245,3.3652,3.3937,3.061,3.3747,-0.1501999999999999,-4.4508,68571768.0,1166688700.0,21.662,3.3728,115274053.6667,3.3975,117807435.2,3.4426,164583081.7,3.5647,207431965.95,3.4086,165515274.7667,,235403235.4167,,168924550.2778,,
20000831,000001.SZ,3.3747,3.5268,3.6028,3.3671,3.5192,-0.1445000000000003,-4.106,117809280.0,2153198116.0,21.662,3.4469,140820357.3333,3.477,144952348.2,3.4945,167817204.8,3.5374,205527933.35,3.4342,166533016.5333,,234708639.2833,,168435688.4111,,
20000731,000001.SZ,3.5192,3.4222,3.7017,3.3424,3.4469,0.07230000000000025,2.0975,159441113.0,2947046352.0,21.662,3.4628,134218709.3333,3.5006,193841698.6,3.5673,162810209.1,3.5061,201865672.7,3.4618,164354259.7333,,233906202.95,,167442374.1889,,
20000630,000001.SZ,3.4469,3.4241,3.6561,3.4032,3.4222,0.024699999999999722,0.7218,145210679.0,2675613716.0,21.662,3.497,149170449.3333,3.4933,206116840.2,3.6464,164021941.7,3.477,199960519.75,,163080875.4333,,231408631.0667,,165792098.4889,,
20000531,000001.SZ,3.4222,3.6352,3.6466,3.3234,3.6219,-0.1997,-5.5137,98004336.0,1779608400.0,21.662,3.5122,221518900.3333,3.5086,212745141.8,3.758,176237071.5,3.4424,195488817.65,,163236895.7333,,229187156.4167,,164440728.7222,,
20000428,000001.SZ,3.6219,3.4945,3.8063,3.4317,3.4926,0.1293000000000002,3.7021,204296333.0,3897906836.0,21.662,3.5325,262456395.3333,3.4877,211358728.2,3.8248,217488321.2,3.4173,193288423.65,,166156522.8333,,228440382.4833,,163546373.8778,,
20000331,000001.SZ,3.4926,3.4983,3.9147,3.3614,3.4831,0.009500000000000064,0.2727,362256032.0,6859299262.0,21.662,3.4996,253808346.6667,3.512,190682061.4,3.9724,302399979.9,3.3855,186666248.75,,175840717.2333,,225256035.2667,,,,
20000229,000001.SZ,3.4831,3.6504,3.9945,3.3842,3.523,-0.03990000000000027,-1.1326,220816821.0,4175317932.0,21.662,3.4413,163413758.6667,3.634,131778719.6,3.9663,287178428.9,3.3706,173689575.05,,169319591.0667,,219531944.7333,,,,
20000128,000001.SZ,3.523,3.3272,3.8937,3.2701,3.3177,0.20530000000000026,6.188,178352187.0,3298463484.0,21.662,3.5281,123445818.0,3.7996,121927043.2,3.866,271360186.3,3.3549,167247004.6,,166986543.1,,215994067.7167,,,,
19991230,000001.SZ,3.3177,3.7264,3.8082,3.2302,3.7435,-0.4258000000000002,-11.3744,91072268.0,1681975090.0,21.662,3.7214,86574863.3333,4.0074,139729001.2,3.767,257940362.7,3.3645,163745888.75,,169762589.3,,213312999.6,,,,
19991130,000001.SZ,3.7435,4.1067,4.312,3.7226,4.1029,-0.35939999999999994,-8.7597,100912999.0,2167748120.0,21.662,4.0524,113403587.0,4.162,223617914.2,3.6868,250280850.2,3.3916,165981371.3,,176223877.8667,,212076320.1333,,,,
19991029,000001.SZ,4.1029,4.3748,4.4204,3.9736,4.428,-0.32509999999999994,-7.3419,67739323.0,1487762072.0,21.662,4.3253,168886579.6667,4.4327,414117898.4,3.5803,243238661.9,3.4041,165890922.4,,199274215.2333,,210616853.4833,,,,
19990930,000001.SZ,4.3107,4.5624,4.7289,4.2903,4.5624,-0.2517000000000005,-5.5168,171558439.0,4164316868.0,21.088,4.3212,316479083.0,4.2985,442578138.2,3.4448,240921136.3,3.4091,165126285.05,,215408129.8667,,210634016.4333,,,,
19990831,000001.SZ,4.5624,4.1089,4.6679,3.9016,4.0904,0.4720000000000004,11.5392,267361977.0,6293475628.0,21.088,4.5834,610430576.6667,3.9324,420793329.4,3.3075,235899097.8,,162610342.3,,227226501.0333,,212300580.7833,,,,
19990730,000001.SZ,4.0904,5.051,5.1824,3.4944,5.0973,-1.0069,-19.7536,510516833.0,11944654624.0,21.088,4.2064,591323425.0,3.5266,376151724.2,3.1268,214740563.8,,156736807.85,,228294706.2,,210985832.8333,,,,
19990630,000001.SZ,5.0973,3.4315,5.4415,3.3334,3.4315,1.6657999999999995,48.5444,1053412920.0,24402558492.0,21.088,3.6697,442029279.0,3.2116,276943786.2,3.0097,169088526.1,,140490623.65,,221032602.4667,,202759295.6167,,,,
19990531,000001.SZ,3.4315,2.4802,3.4315,2.2395,2.4802,0.9513000000000003,38.3558,210040522.0,3429114066.0,21.088,2.8152,105609622.6667,2.7278,72359425.4,2.7987,70932517.6,,112561085.9,,202629087.1667,,185376513.6167,,,,
19990430,000001.SZ,2.4802,2.519,2.7393,2.4246,2.5338,-0.05359999999999987,-2.1154,62634395.0,876717575.0,21.088,2.5098,40421829.6667,2.5912,39264134.4,2.775,60200721.2,,110390172.15,,211939592.1,,182748356.5833,,,,
19990331,000001.SZ,2.5338,2.5172,2.6782,2.4987,2.5153,0.01849999999999996,0.7355,44153951.0,612307998.0,21.088,2.5758,29707403.3333,2.6826,51004866.2,2.8438,63133822.9,,114799721.5,,223730457.3333,,182158651.6667,,,,
19990209,000001.SZ,2.5153,2.6782,2.693,2.4505,2.6782,-0.16290000000000004,-6.0824,14477143.0,200690092.0,21.088,2.6473,29844108.6667,2.727,53329403.4,2.9619,69551414.8,,125673702.6,,230596801.1,,181582914.15,,,,
19990129,000001.SZ,2.6782,2.7541,2.8226,2.6467,2.7485,-0.07030000000000003,-2.5578,30491116.0,447298278.0,21.088,2.788,65464412.3333,2.8077,61233266.0,3.0965,81681892.4,,139195391.7,,246591733.5667,,181458638.4333,,,,
19981231,000001.SZ,2.7485,2.9614,3.0262,2.7245,2.9373,-0.18880000000000008,-6.4277,44564067.0,684824336.0,21.088,2.8139,73892919.3333,2.8696,69505609.8,3.2279,88543182.9,,177291991.9,,266797441.2,,181078794.8333,,,,
19981130,000001.SZ,2.9373,2.7744,3.289,2.6837,2.7559,0.1814,6.5822,121338054.0,1984691260.0,21.088,2.8707,77037049.0,2.9588,81137308.0,3.3734,89331433.8,,202651626.65,,296772903.9667,,180581905.3833,,,,
19981030,000001.SZ,2.7559,2.9188,2.9244,2.643,2.9188,-0.16290000000000004,-5.5811,55776637.0,835786636.0,21.088,2.8873,60541976.0,3.0051,75262779.6,,89321586.8,,222890202.65,,314056872.6667,,178808857.8167,,,,
19980930,000001.SZ,2.9188,2.9854,3.0539,2.8466,2.9873,-0.06849999999999978,-2.293,53996456.0,859261529.0,21.088,3.0336,76190616.3333,3.1968,85773426.2,,98733051.9,,235071777.4,,319001956.4,,177982267.2,,,,
19980831,000001.SZ,2.9873,3.1983,3.239,2.7763,3.1946,-0.20730000000000004,-6.4891,71852835.0,1172085262.0,21.088,3.1169,88846935.0,3.3852,102130518.8,,111892721.2,,247004640.65,,319839221.9333,,177224284.6,,,,
19980731,000001.SZ,3.1946,3.2538,3.3315,2.7781,3.1687,0.025900000000000034,0.8174,102722558.0,1740171766.0,21.088,3.3593,101005946.6667,3.5862,107580756.0,,154189654.2,,268477371.95,,318173319.5667,,176627850.6833,,,,
19980630,000001.SZ,3.1687,3.7202,3.7572,3.165,3.7147,-0.5460000000000003,-14.6984,91965412.0,1746011384.0,21.088,3.5814,112025733.6667,3.788,97525559.6,,160579623.1,,287809027.55,,314989109.7667,,175353053.05,,,,
19980529,000001.SZ,3.7147,3.8683,3.9608,3.6925,3.8609,-0.14619999999999989,-3.7867,108329870.0,2208165976.0,21.088,3.856,114405270.0,,103380394.0,,166465620.1,,304028774.55,,312233046.7667,,174108231.1833,,,,
19980430,000001.SZ,3.8609,3.9793,4.257,3.7758,3.9923,-0.13140000000000018,-3.2913,135781919.0,2931748224.0,21.088,4.0188,95777505.3333,,111692677.6,,181795990.4,,311119494.25,,309072013.3667,,172649598.35,,,,
19980331,000001.SZ,3.9923,4.17,4.2015,3.711,4.2033,-0.2109999999999994,-5.0199,99104021.0,2126286844.0,21.088,,90930060.3333,,121654923.6,,196708891.0,,329046654.15,,305291196.0667,,170629188.0333,,,,
19980227,000001.SZ,4.2033,4.3717,4.4902,4.1108,4.2903,-0.08700000000000063,-2.0278,52446576.0,1208681152.0,21.088,,107859149.3333,,200798552.4,,266040800.9,,355924570.35,,302884262.0333,,169387024.35,,,,
19980123,000001.SZ,,,,,,,,121239584.0,2774533396.0,,,152241340.3333,,223633686.6,,315971819.5,,400493639.05,,303458146.1667,,168986431.4167,,,,
19971231,000001.SZ,,,,,,,,149891288.0,3535935968.0,,,276768867.3333,,229550846.2,,356458818.5,,426424515.6,,299736386.7,,167147710.0167,,,,
19971128,000001.SZ,,,,,,,,185593149.0,4698224392.0,,,282345853.6667,,251899303.2,,371410502.9,,429136408.65,,295137417.1,,165042645.2167,,,,
19971031,000001.SZ,,,,,,,,494822165.0,12407958752.0,,,270756598.0,,271762858.4,,382116560.1,,423812472.3,,290724242.1333,,162241299.4,,,,
19970930,000001.SZ,,,,,,,,166622247.0,3621225440.0,,,193027067.3333,,331283049.4,,382765089.7,,400165152.25,,274671353.3,,,,,,
19970829,000001.SZ,,,,,,,,150825382.0,4210745320.0,,,232456626.6667,,408309952.4,,415038432.0,,392193853.1,,269744298.4,,,,,,
19970731,000001.SZ,,,,,,,,261633573.0,9211160602.0,,,446322539.3333,,483366790.8,,441591929.0,,385116760.1,,265001592.3333,,,,,,
19970627,000001.SZ,,,,,,,,284910925.0,10011808324.0,,,543030269.0,,490921702.6,,440442998.1,,372710024.85,,256863409.9,,,,,,
19970530,000001.SZ,,,,,,,,792423120.0,32128704250.0,,,623429818.6667,,492470261.8,,461384417.3,,359582348.6,,247928762.4,,,,,,
19970430,000001.SZ,,,,,,,,551756762.0,16703688482.0,,,459091489.3333,,434247130.0,,445808339.8,,321305992.6,,221959491.7333,,,,,,
19970331,000001.SZ,,,,,,,,526109574.0,12333480228.0,,,372723809.0,,421766911.6,,485015458.6,,297201309.5,,205859903.0,,,,,,
19970228,000001.SZ,,,,,,,,299408132.0,5601077858.0,,,364456438.0,,399817067.2,,496390212.7,,271375170.8,,197374660.5333,,,,,,
19970131,000001.SZ,,,,,,,,292653721.0,5137125842.0,,,427772284.0,,389964293.6,,486862314.4,,257000874.2,,193676959.4667,,,,,,
19961231,000001.SZ,,,,,,,,501307461.0,8813935378.0,,,469007827.6667,,430298572.8,,465508384.5,,245028083.15,,184485988.7667,,,,,,
19961129,000001.SZ,,,,,,,,489355670.0,8941177358.0,,,385286762.0,,457369549.6,,417565214.8,,220624485.1,,168123940.0667,,,,,,
19961031,000001.SZ,,,,,,,,416360352.0,7056373136.0,,,386943244.3333,,548264005.6,,369349274.2,,197097231.6,,153557121.0667,,,,,,
19960927,000001.SZ,,,,,,,,250144264.0,3867160488.0,,,460377242.0,,592963358.2,,328641591.2,,176706424.0,,140586846.0,,,,,,
19960830,000001.SZ,,,,,,,,494325117.0,8303656070.0,,,691605137.3333,,583760335.2,,304977051.6,,165073615.8,,132569027.2,,,,,,
19960731,000001.SZ,,,,,,,,636662345.0,10206997234.0,,,740115803.3333,,500718196.2,,257780279.9,,141200934.95,,116325543.3,,,,,,
19960628,000001.SZ,,,,,,,,943827950.0,13551628002.0,,,595938071.3333,,377760880.0,,196803645.4,,110035067.7,,95360148.4667,,,,,,
19960531,000001.SZ,,,,,,,,639857115.0,8762722148.0,,,307700228.6667,,190434542.8,,109387160.4,,66282125.2,,64390906.8,,,,,,
19960430,000001.SZ,,,,,,,,204129149.0,2397154511.0,,,101706445.0,,64319824.2,,46360128.9,,47866884.45,,43560842.9667,,,,,,
19960329,000001.SZ,,,,,,,,79114422.0,621637356.0,,,36062150.0,,26193768.0,,27139434.0,,47084282.0,,36962578.0,,,,,,
19960216,000001.SZ,,,,,,,,21875764.0,148852270.0,,,12785183.3333,,14842363.6,,24547781.8,,43974790.9,,34609347.2667,,,,,,
19960131,000001.SZ,,,,,,,,7196264.0,44191374.0,,,9992884.6667,,15846410.8,,23683755.4,,43403302.7,,35082381.8,,,,,,
19951229,000001.SZ,,,,,,,,9283522.0,62494975.0,,,15046596.6667,,28339778.0,,24845189.0,,45661044.5,,35716996.3333,,,,,,
19951130,000001.SZ,,,,,,,,13498868.0,98279696.0,,,20917422.6667,,28400433.6,,24771256.8,,46559473.4,,35983415.6,,,,,,
19951031,000001.SZ,,,,,,,,22357400.0,170935415.0,,,39638833.3333,,28085100.0,,25170180.0,,46365015.0,,36227183.3333,,,,,,
19950929,000001.SZ,,,,,,,,26896000.0,255418343.0,,,35381966.6667,,34253200.0,,24621590.0,,45598175.0,,35967180.0,,,,,,
19950831,000001.SZ,,,,,,,,69663100.0,711392356.0,,,30390700.0,,31521100.0,,23266490.0,,44638400.0,,35889786.6667,,,,,,
19950731,000001.SZ,,,,,,,,9586800.0,87568871.0,,,24902300.0,,21350600.0,,23177090.0,,41892780.0,,34514716.6667,,,,,,
19950630,000001.SZ,,,,,,,,11922200.0,113463471.0,,,26118533.3333,,21142080.0,,49373640.0,,42161200.0,,34559033.3333,,,,,,
19950531,000001.SZ,,,,,,,,53197900.0,604972989.0,,,28414666.6667,,22255260.0,,67029130.0,,41874150.0,,34947873.3333,,,,,,
19950428,000001.SZ,,,,,,,,13235500.0,138060415.0,,,13530100.0,,14989980.0,,63401800.0,,39640130.0,,33758356.6667,,,,,,
19950331,000001.SZ,,,,,,,,18810600.0,205909435.0,,,14947633.3333,,15011880.0,,63122850.0,,40781695.0,,,,,,,,
19950228,000001.SZ,,,,,,,,8544200.0,91927905.0,,,14301266.6667,,25003580.0,,66476900.0,,41152900.0,,,,,,,,
19950127,000001.SZ,,,,,,,,17488100.0,186768990.0,,,15901533.3333,,77605200.0,,68347690.0,,41589495.0,,,,,,,,
19941230,000001.SZ,,,,,,,,16871500.0,180364854.0,,,32995200.0,,111803000.0,,67559850.0,,41755685.0,,,,,,,,
19941130,000001.SZ,,,,,,,,13345000.0,152340551.0,,,117888800.0,,111813620.0,,66574760.0,,41639975.0,,,,,,,,
19941031,000001.SZ,,,,,,,,68769100.0,824890584.0,,,176266166.6667,,111233820.0,,66010310.0,,42201435.0,,,,,,,,
19940930,000001.SZ,,,,,,,,271552300.0,4365896840.0,,,158984666.6667,,107950220.0,,60608470.0,,40183530.0,,,,,,,,
19940831,000001.SZ,,,,,,,,188477100.0,2168370724.0,,,71949233.3333,,59090180.0,,34948760.0,,27151730.0,,,,,,,,
19940729,000001.SZ,,,,,,,,16924600.0,153710414.0,,,26573900.0,,23316700.0,,16719170.0,,18907245.0,,,,,,,,
19940630,000001.SZ,,,,,,,,10446000.0,146051281.0,,,30016400.0,,21335900.0,,15878460.0,,18936635.0,,,,,,,,
19940531,000001.SZ,,,,,,,,52351100.0,897246502.0,,,29737633.3333,,20786800.0,,18440540.0,,,,,,,,,,
19940429,000001.SZ,,,,,,,,27252100.0,372832290.0,,,14627466.6667,,13266720.0,,15828900.0,,,,,,,,,,
19940331,000001.SZ,,,,,,,,9609700.0,157765995.0,,,8110266.6667,,10807340.0,,14831300.0,,,,,,,,,,
19940228,000001.SZ,,,,,,,,7020600.0,133185480.0,,,9823933.3333,,10121640.0,,15951520.0,,,,,,,,,,
19940131,000001.SZ,,,,,,,,7700500.0,160881275.0,,,12468800.0,,10421020.0,,16705190.0,,,,,,,,,,
19931231,000001.SZ,,,,,,,,14750700.0,326756407.0,,,11962366.6667,,16094280.0,,18392560.0,,,,,,,,,,
19931130,000001.SZ,,,,,,,,14955200.0,341052851.0,,,9884633.3333,,18391080.0,,19758590.0,,,,,,,,,,
19931029,000001.SZ,,,,,,,,6181200.0,135967075.0,,,16921833.3333,,18855260.0,,19354700.0,,,,,,,,,,
19930930,000001.SZ,,,,,,,,8517500.0,193743905.0,,,23606333.3333,,21781400.0,,21095320.0,,,,,,,,,,
19930831,000001.SZ,,,,,,,,36066800.0,919693424.0,,,26525866.6667,,22989360.0,,21994810.0,,,,,,,,,,
19930730,000001.SZ,,,,,,,,26234700.0,614874434.0,,,21440900.0,,20690840.0,,,,,,,,,,,,
19930630,000001.SZ,,,,,,,,17276100.0,483751962.0,,,17548433.3333,,21126100.0,,,,,,,,,,,,
19930531,000001.SZ,,,,,,,,20811900.0,858018484.0,,,19981133.3333,,19854140.0,,,,,,,,,,,,
19930430,000001.SZ,,,,,,,,14557300.0,867404580.0,,,22514166.6667,,20409240.0,,,,,,,,,,,,
19930331,000001.SZ,,,,,,,,24574200.0,1426380754.0,,,21300500.0,,21000260.0,,,,,,,,,,,,
19930226,000001.SZ,,,,,,,,28411000.0,1585135796.0,,,20971566.6667,,,,,,,,,,,,,,
19930129,000001.SZ,,,,,,,,10916300.0,511021962.0,,,17338700.0,,,,,,,,,,,,,,
19921231,000001.SZ,,,,,,,,23587400.0,959825218.0,,,,,,,,,,,,,,,,,
19921130,000001.SZ,,,,,,,,17512400.0,591718365.0,,,,,,,,,,,,,,,,,
