,ts_code,ann_date,f_ann_date,end_date,report_type,comp_type,end_type,total_share,cap_rese,undistr_porfit,surplus_rese,special_rese,money_cap,trad_asset,notes_receiv,accounts_receiv,oth_receiv,prepayment,div_receiv,int_receiv,inventories,amor_exp,nca_within_1y,sett_rsrv,loanto_oth_bank_fi,premium_receiv,reinsur_receiv,reinsur_res_receiv,pur_resale_fa,oth_cur_assets,total_cur_assets,fa_avail_for_sale,htm_invest,lt_eqt_invest,invest_real_estate,time_deposits,oth_assets,lt_rec,fix_assets,cip,const_materials,fixed_assets_disp,produc_bio_assets,oil_and_gas_assets,intan_assets,r_and_d,goodwill,lt_amor_exp,defer_tax_assets,decr_in_disbur,oth_nca,total_nca,cash_reser_cb,depos_in_oth_bfi,prec_metals,deriv_assets,rr_reins_une_prem,rr_reins_outstd_cla,rr_reins_lins_liab,rr_reins_lthins_liab,refund_depos,ph_pledge_loans,refund_cap_depos,indep_acct_assets,client_depos,client_prov,transac_seat_fee,invest_as_receiv,total_assets,lt_borr,st_borr,cb_borr,depos_ib_deposits,loan_oth_bank,trading_fl,notes_payable,acct_payable,adv_receipts,sold_for_repur_fa,comm_payable,payroll_payable,taxes_payable,int_payable,div_payable,oth_payable,acc_exp,deferred_inc,st_bonds_payable,payable_to_reinsurer,rsrv_insur_cont,acting_trading_sec,acting_uw_sec,non_cur_liab_due_1y,oth_cur_liab,total_cur_liab,bond_payable,lt_payable,specific_payables,estimated_liab,defer_tax_liab,defer_inc_non_cur_liab,oth_ncl,total_ncl,depos_oth_bfi,deriv_liab,depos,agency_bus_liab,oth_liab,prem_receiv_adva,depos_received,ph_invest,reser_une_prem,reser_outstd_claims,reser_lins_liab,reser_lthins_liab,indept_acc_liab,pledge_borr,indem_payable,policy_div_payable,total_liab,treasury_share,ordin_risk_reser,forex_differ,invest_loss_unconf,minority_int,total_hldr_eqy_exc_min_int,total_hldr_eqy_inc_min_int,total_liab_hldr_eqy,lt_payroll_payable,oth_comp_income,oth_eqt_tools,oth_eqt_tools_p_shr,lending_funds,acc_receivable,st_fin_payable,payables,hfs_assets,hfs_sales,cost_fin_assets,fair_value_fin_assets,contract_assets,contract_liab,accounts_receiv_bill,accounts_pay,oth_rcv_total,fix_assets_total,cip_total,oth_pay_total,long_pay_total,debt_invest,oth_debt_invest,update_flag
0,000001.SZ,20221025,20221025,20220930,1,2,3,19405918198.0,80816000000.0,183674000000.0,10781000000.0,,,387335000000.0,,,,,,,,,,,97273000000.0,,,,16352000000.0,,,,,,512000000.0,,32422000000.0,,10975000000.0,,,,,,6699000000.0,,7568000000.0,,42063000000.0,3214689000000.0,,,308211000000.0,83395000000.0,14112000000.0,60728000000.0,,,,,,,,,,,,,5195133000000.0,,,163520000000.0,,39469000000.0,101040000000.0,,,,75119000000.0,,17375000000.0,12865000000.0,,,,,,,,,,,,,,702138000000.0,,,9236000000.0,,,,,271268000000.0,62991000000.0,3283643000000.0,,24069000000.0,,,,,,,,,,,,4769749000000.0,,59247000000.0,,,,425384000000.0,425384000000.0,5195133000000.0,,1516000000.0,69944000000.0,19953000000.0,,,,,,,,,,,,,,,,,,745821000000.0,152924000000.0,1
1,000001.SZ,20220818,20220818,20220630,1,2,2,19405918198.0,80816000000.0,169341000000.0,10781000000.0,,,363622000000.0,,,,,,,,,,,138322000000.0,,,,2403000000.0,,,,,,520000000.0,,45661000000.0,,11268000000.0,,,,,,5516000000.0,,7568000000.0,,40477000000.0,3143840000000.0,,,313690000000.0,67118000000.0,14125000000.0,27348000000.0,,,,,,,,,,,,,5108776000000.0,,,132100000000.0,,41388000000.0,83021000000.0,,,,16400000000.0,,16179000000.0,9184000000.0,,,,,,,,,,,,,,677361000000.0,,,9141000000.0,,,,,361624000000.0,27649000000.0,3277612000000.0,,37924000000.0,,,,,,,,,,,,4696678000000.0,,59009000000.0,,,,412098000000.0,412098000000.0,5108776000000.0,,2801000000.0,69944000000.0,19953000000.0,,,,,,,,,,,,,,,,,,755185000000.0,158105000000.0,1
2,000001.SZ,20220427,20220427,20220331,1,2,1,19406000000.0,80816000000.0,164804000000.0,10781000000.0,,,399245000000.0,,,,,,,,,,,131340000000.0,,,,27871000000.0,,,,,,516000000.0,,40943000000.0,,11566000000.0,,,,,,5644000000.0,,7568000000.0,,38041000000.0,3073982000000.0,,,354541000000.0,71279000000.0,14276000000.0,30842000000.0,,,,,,,,,,,,,5117949000000.0,,,207891000000.0,,35852000000.0,73630000000.0,,,,,,14730000000.0,12908000000.0,,,,,,,,,,,,,,770219000000.0,,,4188000000.0,,,,,345324000000.0,30706000000.0,3179933000000.0,,29581000000.0,,,,,,,,,,,,4711774000000.0,,58733000000.0,,,,406175000000.0,406175000000.0,5117949000000.0,,1691000000.0,69944000000.0,19953000000.0,,,,,,,,,,,,,,,,,,730932000000.0,167442000000.0,0
3,000001.SZ,20220427,20220427,20220331,1,2,1,19405918198.0,80816000000.0,164804000000.0,10781000000.0,,,399245000000.0,,,,,,,,,,,131340000000.0,,,,27871000000.0,,,,,,516000000.0,,40943000000.0,,11566000000.0,,,,,,5644000000.0,,7568000000.0,,38041000000.0,3073982000000.0,,,354541000000.0,71279000000.0,14276000000.0,30842000000.0,,,,,,,,,,,,,5117949000000.0,,,207891000000.0,,35852000000.0,73630000000.0,,,,,,14730000000.0,12908000000.0,,,,,,,,,,,,,,770219000000.0,,,4188000000.0,,,,,345324000000.0,30706000000.0,3179933000000.0,,29581000000.0,,,,,,,,,,,,4711774000000.0,,58733000000.0,,,,406175000000.0,406175000000.0,5117949000000.0,,1691000000.0,69944000000.0,19953000000.0,,,,,,,,,,,,,,,,,,730932000000.0,167442000000.0,1
4,000001.SZ,20220310,20220310,20211231,1,2,4,19406000000.0,80816000000.0,154377000000.0,10781000000.0,,,389703000000.0,,,,,,,,,,,94473000000.0,,,,6388000000.0,,,,,,558000000.0,,42164000000.0,,11974000000.0,,,,,,5801000000.0,,7568000000.0,,39735000000.0,2984753000000.0,,,312033000000.0,78215000000.0,17820000000.0,30238000000.0,,,,,,,,,,,,,4921380000000.0,,,148162000000.0,,32394000000.0,43421000000.0,,,,47703000000.0,,18095000000.0,11685000000.0,,,,,,,,,,,,,,823934000000.0,,,3944000000.0,,,,,345131000000.0,31092000000.0,2990518000000.0,,22885000000.0,,,,,,,,,,,,4525932000000.0,,58339000000.0,,,,395448000000.0,395448000000.0,4921380000000.0,,1785000000.0,69944000000.0,19953000000.0,,,,,,,,,,,,,,,,,,738166000000.0,152428000000.0,0
5,000001.SZ,20220310,20220310,20211231,1,2,4,19405918198.0,80816000000.0,154377000000.0,10781000000.0,,,389703000000.0,,,,,,,,,,,94473000000.0,,,,6388000000.0,,,,,,558000000.0,,42164000000.0,,11974000000.0,,,,,,5801000000.0,,7568000000.0,,39735000000.0,2984753000000.0,,,312033000000.0,78215000000.0,17820000000.0,30238000000.0,,,,,,,,,,,,,4921380000000.0,,,148162000000.0,,32394000000.0,43421000000.0,,,,47703000000.0,,18095000000.0,11685000000.0,,,,,,,,,,,,,,823934000000.0,,,3944000000.0,,,,,345131000000.0,31092000000.0,2990518000000.0,,22885000000.0,,,,,,,,,,,,4525932000000.0,,58339000000.0,,,,395448000000.0,395448000000.0,4921380000000.0,,1785000000.0,69944000000.0,19953000000.0,,,,,,,,,,,,,,,,,,738166000000.0,152428000000.0,1
6,000001.SZ,20211021,20211021,20210930,1,2,3,19406000000.0,80816000000.0,154001000000.0,10781000000.0,,,372580000000.0,,,,,,,,,,,117850000000.0,,,,15077000000.0,,,,,,567000000.0,,45002000000.0,,11359000000.0,,,,,,5878000000.0,,7568000000.0,,39572000000.0,2903935000000.0,,,330292000000.0,80429000000.0,17398000000.0,28825000000.0,,,,,,,,,,,,,4853074000000.0,,,173540000000.0,,40872000000.0,43156000000.0,,,,25090000000.0,,18309000000.0,11709000000.0,,,,,,,,,,,,,,787845000000.0,,,3061000000.0,,,,,346744000000.0,31141000000.0,2951867000000.0,,23588000000.0,,,,,,,,,,,,4464216000000.0,,52334000000.0,,,,388858000000.0,388858000000.0,4853074000000.0,,1576000000.0,69944000000.0,19953000000.0,,,,,,,,,,,,,,,,,,730418000000.0,136733000000.0,0
7,000001.SZ,20210820,20210820,20210630,1,2,2,19406000000.0,80816000000.0,143239000000.0,10781000000.0,,,321164000000.0,,,,,,,,,,,106005000000.0,,,,76559000000.0,,,,,,611000000.0,,39736000000.0,,11473000000.0,,,,,,6091000000.0,,7568000000.0,,39161000000.0,2803444000000.0,,,329376000000.0,75789000000.0,22478000000.0,29627000000.0,,,,,,,,,,,,,4723520000000.0,,,122961000000.0,,33274000000.0,47162000000.0,,,,,,16167000000.0,9449000000.0,,,,,,,,,,,,,,777467000000.0,,,2961000000.0,,,,,379996000000.0,32715000000.0,2893011000000.0,,24392000000.0,,,,,,,,,,,,4346327000000.0,,51544000000.0,,,,377193000000.0,377193000000.0,4723520000000.0,,1463000000.0,69944000000.0,19953000000.0,,,,,,,,,,,,,,,,,,699294000000.0,146102000000.0,0
8,000001.SZ,20210421,20210421,20210331,1,2,1,19406000000.0,80816000000.0,139287000000.0,10781000000.0,,,290115000000.0,,,,,,,,,,,78386000000.0,,,,80024000000.0,,,,,,522000000.0,,29872000000.0,,11828000000.0,,,,,,6328000000.0,,7568000000.0,,37207000000.0,2711981000000.0,,,312903000000.0,93802000000.0,24658000000.0,32910000000.0,,,,,,,,,,,,,4572974000000.0,,,124245000000.0,,24239000000.0,50990000000.0,,,,17484000000.0,,14231000000.0,12750000000.0,,,,,,,,,,,,,,648738000000.0,,,1309000000.0,1000000.0,,,,478467000000.0,35514000000.0,2764635000000.0,,20776000000.0,,,,,,,,,,,,4200357000000.0,,51538000000.0,,,,372617000000.0,372617000000.0,4572974000000.0,,845000000.0,69944000000.0,19953000000.0,,,,,,,,,,,,,,,,,,657588000000.0,188314000000.0,0
9,000001.SZ,20210202,20210202,20201231,1,2,4,19406000000.0,80816000000.0,131186000000.0,10781000000.0,,,311270000000.0,,,,,,,,,,,70996000000.0,,,,95314000000.0,,,,,,573000000.0,,20580000000.0,,10893000000.0,,,,,,3852000000.0,,7568000000.0,,39034000000.0,2610841000000.0,,,283982000000.0,106174000000.0,31340000000.0,36607000000.0,,,,,,,,,,,,,4468514000000.0,,,124587000000.0,,41034000000.0,31505000000.0,,,,35286000000.0,,16959000000.0,11444000000.0,,,,,,,,,,,,,,611865000000.0,,,958000000.0,2000000.0,,,,469551000000.0,41485000000.0,2695935000000.0,,16426000000.0,,,,,,,,,,,,4104383000000.0,,51536000000.0,,,,364131000000.0,364131000000.0,4468514000000.0,,462000000.0,69944000000.0,19953000000.0,,,,,,,,,,,,,,,,,,633619000000.0,197073000000.0,1
10,000001.SZ,20210202,20210202,20201231,1,2,4,19406000000.0,80816000000.0,131186000000.0,10781000000.0,,,311270000000.0,,,,,,,,,,,70996000000.0,,,,95314000000.0,,,,,,573000000.0,,20580000000.0,,10893000000.0,,,,,,3852000000.0,,7568000000.0,,39034000000.0,2610841000000.0,,,283982000000.0,106174000000.0,31340000000.0,36607000000.0,,,,,,,,,,,,,4468514000000.0,,,124587000000.0,,41034000000.0,31505000000.0,,,,35286000000.0,,16959000000.0,11444000000.0,,,,,,,,,,,,,,611865000000.0,,,958000000.0,2000000.0,,,,469551000000.0,41485000000.0,2695935000000.0,,16426000000.0,,,,,,,,,,,,4104383000000.0,,51536000000.0,,,,364131000000.0,364131000000.0,4468514000000.0,,462000000.0,69944000000.0,19953000000.0,,,,,,,,,,,,,,,,,,633619000000.0,197073000000.0,0
11,000001.SZ,20201022,20201022,20200930,1,2,3,19406000000.0,80816000000.0,130664000000.0,10781000000.0,,,282951000000.0,,,,,,,,,,,98137000000.0,,,,63338000000.0,,,,,,580000000.0,,23371000000.0,,10280000000.0,,,,,,3903000000.0,,7568000000.0,,37815000000.0,2518314000000.0,,,298880000000.0,85691000000.0,36611000000.0,30820000000.0,,,,,,,,,,,,,4346921000000.0,,,122074000000.0,,55400000000.0,53440000000.0,,,,94676000000.0,,15897000000.0,10262000000.0,,,,,,,,,,,,,,571203000000.0,,,1011000000.0,,,,,423992000000.0,35286000000.0,2573072000000.0,,24058000000.0,,,,,,,,,,,,3988150000000.0,,46348000000.0,,,,358771000000.0,358771000000.0,4346921000000.0,,812000000.0,69944000000.0,19953000000.0,,,,,,,,,,,,,,,,,,608155000000.0,230970000000.0,1
12,000001.SZ,20200828,20200828,20200630,1,2,2,19406000000.0,80816000000.0,121944000000.0,10781000000.0,,,265372000000.0,,,,,,,,,,,83308000000.0,,,,55773000000.0,,,,,,484000000.0,,29769000000.0,,10425000000.0,,,,,,3904000000.0,,7568000000.0,,37226000000.0,2427384000000.0,,,252426000000.0,74816000000.0,33238000000.0,34763000000.0,,,,,,,,,,,,,4178622000000.0,,,119852000000.0,,34587000000.0,73322000000.0,,,,61124000000.0,,13904000000.0,9309000000.0,,,,,,,,,,,,,,542209000000.0,,,1775000000.0,,,,,392727000000.0,39072000000.0,2509330000000.0,,22329000000.0,,,,,,,,,,,,3827225000000.0,,46348000000.0,,,,351397000000.0,351397000000.0,4178622000000.0,,2158000000.0,69944000000.0,19953000000.0,,,,,,,,,,,,,,,,,,614004000000.0,238445000000.0,1
13,000001.SZ,20200421,20200421,20200331,1,2,1,19406000000.0,80816000000.0,121044000000.0,10781000000.0,,,263007000000.0,,,,,,,,,,,48701000000.0,,,,54472000000.0,,,,,,417000000.0,,21921000000.0,,10608000000.0,,,,,,4132000000.0,,7568000000.0,,34879000000.0,2370567000000.0,,,283706000000.0,79303000000.0,47719000000.0,40439000000.0,,,,,,,,,,,,,4132298000000.0,,,122650000000.0,,23046000000.0,69794000000.0,,,,25160000000.0,,12512000000.0,15739000000.0,,,,,,,,,,,,,,471761000000.0,,,1715000000.0,,,,,378033000000.0,44585000000.0,2590095000000.0,,17343000000.0,,,,,,,,,,,,3779943000000.0,,46348000000.0,,,,352355000000.0,352355000000.0,4132298000000.0,,4016000000.0,69944000000.0,19953000000.0,,,,,,,,,,,,,,,,,,626944000000.0,228499000000.0,0
14,000001.SZ,20200214,20200214,20191231,1,2,4,19406000000.0,80816000000.0,113370000000.0,10781000000.0,,,206682000000.0,,,,,,,,,,,79369000000.0,,,,62216000000.0,,,,,,247000000.0,,17941000000.0,,11092000000.0,,,,,,4361000000.0,,7568000000.0,,34725000000.0,2259349000000.0,,,252230000000.0,85684000000.0,51191000000.0,18500000000.0,,,,,,,,,,,,,3939070000000.0,,,113331000000.0,,26071000000.0,29691000000.0,,,,40099000000.0,,14218000000.0,12031000000.0,,,,,,,,,,,,,,513762000000.0,,,1734000000.0,,,,,368691000000.0,21404000000.0,2459768000000.0,,17687000000.0,,,,,,,,,,,,3626087000000.0,,46348000000.0,,,,312983000000.0,312983000000.0,3939070000000.0,,2314000000.0,39948000000.0,19953000000.0,,,,,,,,,,,,,,,,,,656290000000.0,182264000000.0,1
15,000001.SZ,20191022,20191022,20190930,1,2,3,19406000000.0,80816000000.0,115293000000.0,10781000000.0,,,179084000000.0,,,,,,,,,,,85584000000.0,,,,28198000000.0,,,,,,211000000.0,,20052000000.0,,10587000000.0,,,,,,4573000000.0,,7568000000.0,,32981000000.0,2089829000000.0,,,239471000000.0,107528000000.0,49796000000.0,23713000000.0,,,,,,,,,,,,,3707683000000.0,,,115960000000.0,,25650000000.0,40117000000.0,,,,53147000000.0,,14127000000.0,11265000000.0,,,,,,,,,,,,,,360449000000.0,,,1699000000.0,,,,,432556000000.0,28070000000.0,2313764000000.0,,15407000000.0,,,,,,,,,,,,3419610000000.0,,39850000000.0,,,,288073000000.0,288073000000.0,3707683000000.0,,1974000000.0,19953000000.0,19953000000.0,,,,,,,,,,,,,,,,,,662716000000.0,156374000000.0,1
16,000001.SZ,20190808,20190808,20190630,1,2,2,17170000000.0,56465000000.0,107076000000.0,10781000000.0,,,154602000000.0,,,,,,,,,,,82884000000.0,,,,15642000000.0,,,,,,197000000.0,,23715000000.0,,10578000000.0,,,,,,4769000000.0,,7568000000.0,,31732000000.0,2024866000000.0,,,269794000000.0,97580000000.0,65624000000.0,17916000000.0,,,,,,,,,,,,,3590766000000.0,,,137101000000.0,,16535000000.0,16005000000.0,,,,30997000000.0,,11765000000.0,8745000000.0,,,,,,,,,,,,,,417412000000.0,,,1456000000.0,,,,,277159000000.0,23039000000.0,2367562000000.0,,19311000000.0,,,,,,,,,,,,3334163000000.0,,39850000000.0,,,,256603000000.0,256603000000.0,3590766000000.0,,1583000000.0,23678000000.0,19953000000.0,,,,,,,,,,,,,,,,,,647607000000.0,126671000000.0,1
17,000001.SZ,20190424,20190424,20190331,1,2,1,17170000000.0,56465000000.0,101609000000.0,10781000000.0,,,163945000000.0,,,,,,,,,,,100231000000.0,,,,44335000000.0,,,,,,198000000.0,,23284000000.0,,10623000000.0,,,,,,4575000000.0,,7568000000.0,,30860000000.0,1997321000000.0,,,246856000000.0,69911000000.0,54173000000.0,19850000000.0,,,,,,,,,,,,,3530180000000.0,,,142394000000.0,,21669000000.0,15721000000.0,,,,21502000000.0,,9848000000.0,11053000000.0,,,,,,,,,,,,,,401758000000.0,,,1271000000.0,,,,,304501000000.0,18408000000.0,2308782000000.0,,14635000000.0,,,,,,,,,,,,3279242000000.0,,39850000000.0,,,,250938000000.0,250938000000.0,3530180000000.0,,1385000000.0,23678000000.0,19953000000.0,,,,,,,,,,,,,,,,,,636607000000.0,111039000000.0,1
18,000001.SZ,20190307,20190307,20181231,1,2,4,17170000000.0,56465000000.0,95037000000.0,10781000000.0,,,148768000000.0,,,,,,,,,,,72934000000.0,,,,36985000000.0,,,,,,194000000.0,,13778000000.0,,10899000000.0,,,,,,4771000000.0,,7568000000.0,,29468000000.0,1949757000000.0,,,278528000000.0,85098000000.0,56835000000.0,21460000000.0,,,,,,,,,,,,,3418592000000.0,,,149756000000.0,,24606000000.0,8575000000.0,,,,7988000000.0,,12238000000.0,9366000000.0,,,,,,,,,,,,,,381884000000.0,,,860000000.0,,,,,392738000000.0,21605000000.0,2149142000000.0,,19792000000.0,,,,,,,,,,,,3178550000000.0,,39850000000.0,,,,240042000000.0,240042000000.0,3418592000000.0,,786000000.0,19953000000.0,19953000000.0,,,,,,,,,,,,,,,,,,629366000000.0,70664000000.0,0
19,000001.SZ,20181024,20181024,20180930,1,2,3,17170000000.0,56465000000.0,91973000000.0,10781000000.0,,,103460000000.0,,,,,,18312000000.0,,,,,88096000000.0,,,,32764000000.0,,,,,,194000000.0,,15631000000.0,,9374000000.0,,,,,,4722000000.0,,7568000000.0,,28879000000.0,1867603000000.0,,,287648000000.0,95314000000.0,72022000000.0,25650000000.0,,,,,,,,,,,,,3352056000000.0,,,149874000000.0,,17832000000.0,9599000000.0,,,,2000000000.0,,10547000000.0,7595000000.0,27666000000.0,,,,,,,,,,,,,321452000000.0,,,24000000.0,,,,,402295000000.0,20729000000.0,2134641000000.0,,12571000000.0,,,,,,,,,,,,3116825000000.0,,38552000000.0,,,,235231000000.0,235231000000.0,3352056000000.0,,337000000.0,19953000000.0,19953000000.0,,,,,,,620565000000.0,51421000000.0,,,,,,,,,,,,1
20,000001.SZ,20181024,20181024,20180930,1,2,3,17170000000.0,56465000000.0,91973000000.0,10781000000.0,,,103460000000.0,,,,,,18312000000.0,,,,,88096000000.0,,,,32764000000.0,,,,,,194000000.0,,15631000000.0,,9374000000.0,,,,,,4722000000.0,,7568000000.0,,28879000000.0,1867603000000.0,,,287648000000.0,95314000000.0,72022000000.0,25650000000.0,,,,,,,,,,,,,3352056000000.0,,,149874000000.0,,17832000000.0,9599000000.0,,,,2000000000.0,,10547000000.0,7595000000.0,27666000000.0,,,,,,,,,,,,,321452000000.0,,,24000000.0,,,,,402295000000.0,20729000000.0,2134641000000.0,,12571000000.0,,,,,,,,,,,,3116825000000.0,,38552000000.0,,,,235231000000.0,235231000000.0,3352056000000.0,,337000000.0,19953000000.0,19953000000.0,,,,,,,620565000000.0,51421000000.0,,,,,,,,,,,,0
21,000001.SZ,20180816,20180816,20180630,1,2,2,17170000000.0,56465000000.0,84889000000.0,10781000000.0,,,104893000000.0,,,,,,18421000000.0,,,,,81997000000.0,,,,73704000000.0,,,,,,200000000.0,,18411000000.0,,8530000000.0,,,,,,4494000000.0,,7568000000.0,,27009000000.0,1794207000000.0,,,307400000000.0,99752000000.0,69194000000.0,21574000000.0,,,,,,,,,,,,,3367399000000.0,,,142891000000.0,,20835000000.0,8614000000.0,,,,12148000000.0,,9571000000.0,5019000000.0,29001000000.0,,,,,,,,,,,,,361539000000.0,,,24000000.0,,,,,434558000000.0,19161000000.0,2079278000000.0,,16619000000.0,,,,,,,,,,,,3139258000000.0,,38552000000.0,,,,228141000000.0,228141000000.0,3367399000000.0,,331000000.0,19953000000.0,19953000000.0,,,,,,,625643000000.0,49023000000.0,,,,,,,,,,,,0
22,000001.SZ,20180420,20180420,20180331,1,2,1,17170000000.0,56465000000.0,80445000000.0,10781000000.0,,,76845000000.0,,,,,,19663000000.0,,,,,77644000000.0,,,,92297000000.0,,,,,,203000000.0,,23800000000.0,,7873000000.0,,,,,,4590000000.0,,7568000000.0,,26820000000.0,1721100000000.0,,,281949000000.0,106100000000.0,74793000000.0,19395000000.0,,,,,,,,,,,,,3338572000000.0,,,144915000000.0,,17479000000.0,11413000000.0,,,,4699000000.0,,8461000000.0,13764000000.0,29389000000.0,,,,,,,,,,,,,357968000000.0,,,25000000.0,,,,,456352000000.0,22424000000.0,2034494000000.0,,13798000000.0,,,,,,,,,,,,3115181000000.0,,38552000000.0,,,,223391000000.0,223391000000.0,3338572000000.0,,25000000.0,19953000000.0,19953000000.0,,,,,,,698626000000.0,30987000000.0,,,,,,,,,,,,0
23,000001.SZ,20180315,20180315,20171231,1,2,4,17170000000.0,56465000000.0,79661000000.0,10781000000.0,,,39575000000.0,,,,,,20354000000.0,,,,,59015000000.0,,,,41934000000.0,,,36744000000.0,358360000000.0,,209000000.0,,17359000000.0,,8036000000.0,,,,,,4701000000.0,,7568000000.0,,24989000000.0,1660420000000.0,,,310212000000.0,130208000000.0,87501000000.0,16080000000.0,,,,,,,,,,,,372323000000.0,3248474000000.0,,,130652000000.0,,28024000000.0,9047000000.0,,,,6359000000.0,,10713000000.0,11891000000.0,26063000000.0,,,,,,,,,,,,,342492000000.0,,,25000000.0,,,,,430904000000.0,17712000000.0,2000420000000.0,,12118000000.0,,,,,,,,,,,,3026420000000.0,,38552000000.0,,,,222054000000.0,222054000000.0,3248474000000.0,,-528000000.0,19953000000.0,19953000000.0,,,,,,,,,,,,,,,,,,,,0
24,000001.SZ,20171021,20171021,20170930,1,2,3,17170000000.0,56465000000.0,79709000000.0,10781000000.0,,,41327000000.0,,,,,,18724000000.0,,,,,79892000000.0,,,,19136000000.0,,,35113000000.0,329181000000.0,,212000000.0,,14930000000.0,,7883000000.0,,,,,,4580000000.0,,7568000000.0,,22320000000.0,1603022000000.0,,,279706000000.0,167090000000.0,89534000000.0,6275000000.0,,,,,,,,,,,,385680000000.0,3137481000000.0,,,115607000000.0,,44756000000.0,10591000000.0,,,,19646000000.0,,8574000000.0,9685000000.0,22466000000.0,,,,,,,,,,,,,338306000000.0,,,60000000.0,,,,,407088000000.0,6732000000.0,1911741000000.0,,24118000000.0,,,,,,,,,,,,2919370000000.0,,34468000000.0,,,,218111000000.0,218111000000.0,3137481000000.0,,-435000000.0,19953000000.0,19953000000.0,,,,,,,,,,,,,,,,,,,,0
25,000001.SZ,20170811,20170811,20170630,1,2,2,17170000000.0,56465000000.0,73110000000.0,10781000000.0,,,49083000000.0,,,,,,18449000000.0,,,,,64518000000.0,,,,1498000000.0,,,10293000000.0,302822000000.0,,213000000.0,,13772000000.0,,7961000000.0,,,,,,4636000000.0,,7568000000.0,,20560000000.0,1549052000000.0,,,289977000000.0,172323000000.0,94644000000.0,5882000000.0,,,,,,,,,,,,464452000000.0,3092142000000.0,,,84684000000.0,,26455000000.0,14111000000.0,,,,49062000000.0,,7196000000.0,7771000000.0,21673000000.0,,,,,,,,,,,,,350650000000.0,,,60000000.0,,,,,386478000000.0,5710000000.0,1912333000000.0,,14505000000.0,,,,,,,,,,,,2880688000000.0,,34468000000.0,,,,211454000000.0,211454000000.0,3092142000000.0,,-493000000.0,19953000000.0,19953000000.0,,,,,,,,,,,,,,,,,,,,0
26,000001.SZ,20170811,20170811,20170630,1,2,2,17170000000.0,56465000000.0,73110000000.0,10781000000.0,,,49083000000.0,,,,,,18449000000.0,,,,,64518000000.0,,,,1498000000.0,,,10293000000.0,302822000000.0,,213000000.0,,13772000000.0,,7961000000.0,,,,,,4636000000.0,,7568000000.0,,20560000000.0,1549052000000.0,,,289977000000.0,172323000000.0,94644000000.0,5882000000.0,,,,,,,,,,,,464452000000.0,3092142000000.0,,,84684000000.0,,26455000000.0,14111000000.0,,,,49062000000.0,,7196000000.0,7771000000.0,21673000000.0,,,,,,,,,,,,,350650000000.0,,,60000000.0,,,,,386478000000.0,5710000000.0,1912333000000.0,,14505000000.0,,,,,,,,,,,,2880688000000.0,,34468000000.0,,,,211454000000.0,211454000000.0,3092142000000.0,,-493000000.0,19953000000.0,19953000000.0,,,,,,,,,,,,,,,,,,,,1
27,000001.SZ,20170422,20170422,20170331,1,2,1,17170000000.0,56465000000.0,69483000000.0,10781000000.0,,,44044000000.0,,,,,,17071000000.0,,,,,69009000000.0,,,,810000000.0,,,1238000000.0,291433000000.0,,221000000.0,,13391000000.0,,8119000000.0,,,,,,4734000000.0,,7568000000.0,,18935000000.0,1504184000000.0,,,269541000000.0,173066000000.0,108137000000.0,4188000000.0,,,,,,,,,,,,465280000000.0,3006195000000.0,,,25074000000.0,,59513000000.0,9663000000.0,,,,12332000000.0,,6907000000.0,15199000000.0,21327000000.0,,,,,,,,,,,,,317079000000.0,,,60000000.0,,,,,400576000000.0,6964000000.0,1912082000000.0,,11680000000.0,,,,,,,,,,,,2798456000000.0,,34468000000.0,,,,207739000000.0,207739000000.0,3006195000000.0,,-581000000.0,19953000000.0,19953000000.0,,,,,,,,,,,,,,,,,,,,0
28,000001.SZ,20170317,20170317,20161231,1,2,4,17170000000.0,56465000000.0,64143000000.0,10781000000.0,,,57179000000.0,,,,,,15770000000.0,,,,,97450000000.0,,,,8876000000.0,,,1179000000.0,286802000000.0,,221000000.0,,11099000000.0,,8316000000.0,,,,,,4771000000.0,,7568000000.0,,17831000000.0,1435869000000.0,,,311258000000.0,166882000000.0,93787000000.0,8730000000.0,,,,,,,,,,,,414278000000.0,2953434000000.0,,,19137000000.0,,52586000000.0,21913000000.0,,,,18941000000.0,,9289000000.0,12754000000.0,21532000000.0,,,,,,,,,,,,,263464000000.0,,,90000000.0,,,,,392351000000.0,8349000000.0,1921835000000.0,,9022000000.0,,,,,,,,,,,,2751263000000.0,,34468000000.0,,,,202171000000.0,202171000000.0,2953434000000.0,,-809000000.0,19953000000.0,19953000000.0,,,,,,,,,,,,,,,,,,,,0
29,000001.SZ,20161021,20161021,20160930,1,2,3,17170000000.0,56465000000.0,69463000000.0,8521000000.0,,,15984000000.0,,5704000000.0,,,,13471000000.0,,,,,50172000000.0,,,,37655000000.0,,,1502000000.0,282862000000.0,542000000.0,211000000.0,,13713000000.0,,7407000000.0,,,,,,4631000000.0,,7568000000.0,,13361000000.0,1393854000000.0,,,303936000000.0,123078000000.0,101482000000.0,5832000000.0,,,,,,,,,,,,408273000000.0,2791238000000.0,,,10649000000.0,,12928000000.0,20585000000.0,,,,,,10648000000.0,9241000000.0,21151000000.0,,,,,,,,,,,,,325419000000.0,,,24000000.0,,,,,246754000000.0,11238000000.0,1912878000000.0,,11495000000.0,,,,,,,,,,,,2593010000000.0,,27528000000.0,,,,198228000000.0,198228000000.0,2791238000000.0,,-872000000.0,19953000000.0,19953000000.0,,,,,,,,,,,,,,,,,,,,0
30,000001.SZ,20160812,20160812,20160630,1,2,2,17170000000.0,56465000000.0,63036000000.0,8521000000.0,,,41148000000.0,,,,,,14116000000.0,,,,,67070000000.0,,,,52162000000.0,,,1280000000.0,284598000000.0,542000000.0,228000000.0,,14055000000.0,,5310000000.0,,,,,,4741000000.0,,7568000000.0,,11732000000.0,1323935000000.0,,,278178000000.0,158130000000.0,92173000000.0,11603000000.0,,,,,,,,,,,,426292000000.0,2800983000000.0,,,41107000000.0,,9693000000.0,22739000000.0,,,,300000000.0,,9901000000.0,6491000000.0,20715000000.0,,,,,,,,,,,,,307603000000.0,,,25000000.0,,,,,258828000000.0,19549000000.0,1898348000000.0,,13981000000.0,,,,,,,,,,,,2609283000000.0,,27528000000.0,,,,191700000000.0,191700000000.0,2800983000000.0,,-973000000.0,19953000000.0,19953000000.0,,,,,,,,,,,,,,,,,,,,0
31,000001.SZ,20160812,20160812,20160630,1,2,2,17170000000.0,56465000000.0,63036000000.0,8521000000.0,,,41148000000.0,,,,,,14116000000.0,,,,,67070000000.0,,,,52162000000.0,,,1280000000.0,284598000000.0,542000000.0,228000000.0,,14055000000.0,,5310000000.0,,,,,,4741000000.0,,7568000000.0,,11732000000.0,1323935000000.0,,,278178000000.0,158130000000.0,92173000000.0,11603000000.0,,,,,,,,,,,,426292000000.0,2800983000000.0,,,41107000000.0,,9693000000.0,22739000000.0,,,,300000000.0,,9901000000.0,6491000000.0,20715000000.0,,,,,,,,,,,,,307603000000.0,,,25000000.0,,,,,258828000000.0,19549000000.0,1898348000000.0,,13981000000.0,,,,,,,,,,,,2609283000000.0,,27528000000.0,,,,191700000000.0,191700000000.0,2800983000000.0,,-973000000.0,19953000000.0,19953000000.0,,,,,,,,,,,,,,,,,,,,1
32,000001.SZ,20160421,20160421,20160331,1,2,1,14309000000.0,59326000000.0,59019000000.0,8521000000.0,,,37060000000.0,,,,,,14410000000.0,,,,,87212000000.0,,,,34045000000.0,,,2746000000.0,289276000000.0,521000000.0,229000000.0,,13472000000.0,,4650000000.0,,,,,,4838000000.0,,7568000000.0,,9732000000.0,1230985000000.0,,,296144000000.0,180871000000.0,69349000000.0,7676000000.0,,,,,,,,,,,,384568000000.0,2681155000000.0,,,2783000000.0,,9118000000.0,16170000000.0,,,,4398000000.0,,8374000000.0,8752000000.0,22706000000.0,,,,,,,,,,,,,247360000000.0,,,25000000.0,,,,,299334000000.0,10197000000.0,1854365000000.0,,9813000000.0,,,,,,,,,,,,2493586000000.0,,27528000000.0,,,,187569000000.0,187569000000.0,2681155000000.0,,-1087000000.0,19953000000.0,19953000000.0,,,,,,,,,,,,,,,,,,,,0
33,000001.SZ,20160310,20160310,20151231,1,2,4,14309000000.0,59326000000.0,52933000000.0,8521000000.0,,,19757000000.0,,,,,,13540000000.0,,,,,76636000000.0,,,,117291000000.0,,,1245000000.0,266166000000.0,521000000.0,212000000.0,,11956000000.0,,4788000000.0,,,,,,4961000000.0,,7568000000.0,,8728000000.0,1186872000000.0,,,291715000000.0,109046000000.0,63744000000.0,8144000000.0,,,,,,,,,,,,307635000000.0,2507149000000.0,,,3051000000.0,,12143000000.0,8506000000.0,,,,11000000000.0,,10351000000.0,6571000000.0,23253000000.0,,,,,,,,,,,,,212963000000.0,,,26000000.0,,,,,311106000000.0,4037000000.0,1733921000000.0,,8677000000.0,,,,,,,,,,,,2345649000000.0,,27528000000.0,,,,161500000000.0,161500000000.0,2507149000000.0,,-1117000000.0,,,,,,,,,,,,,,,,,,,,,,0
34,000001.SZ,20151023,20151023,20150930,1,2,3,14309000000.0,59326000000.0,59407000000.0,6334000000.0,,,17597000000.0,,,,,,11944000000.0,,,,,104189000000.0,,,,254285000000.0,,,766000000.0,260022000000.0,562000000.0,145000000.0,,12287000000.0,,4406000000.0,,,,,,4972000000.0,,7568000000.0,,9367000000.0,1182226000000.0,,,297223000000.0,107963000000.0,62657000000.0,5471000000.0,,,,,,,,,,,,248290000000.0,2599060000000.0,,,3600000000.0,,16846000000.0,7386000000.0,,,,,,10520000000.0,7393000000.0,25708000000.0,,,,,,,,,,,,,192325000000.0,,,25000000.0,,,,,435745000000.0,2844000000.0,1723328000000.0,,13417000000.0,,,,,,,,,,,,2441924000000.0,,19115000000.0,,,,157136000000.0,157136000000.0,2599060000000.0,,-1355000000.0,,,,,,,,,,,,,,,,,,,,,,0
35,000001.SZ,20150814,20150814,20150630,1,2,2,14309000000.0,59326000000.0,53253000000.0,6334000000.0,,,37246000000.0,,,,,,11264000000.0,,,,,69267000000.0,,,,306869000000.0,,,1586000000.0,246137000000.0,562000000.0,107000000.0,,11126000000.0,,3690000000.0,,,,,,5064000000.0,,7568000000.0,,9308000000.0,1159045000000.0,,,298618000000.0,63144000000.0,56914000000.0,5090000000.0,,,,,,,,,,,,270529000000.0,2570508000000.0,,,2921000000.0,,17931000000.0,5627000000.0,,978000000.0,,,,8896000000.0,7293000000.0,24001000000.0,,,,,,,,,,,,,108254000000.0,,,25000000.0,,,,,575047000000.0,3252000000.0,1655112000000.0,,10291000000.0,,,,,,,,,,,,2419628000000.0,,19115000000.0,,,,150880000000.0,150880000000.0,2570508000000.0,,-1457000000.0,,,,,,,,,,,,,,,,,,,,,,0
36,000001.SZ,20150424,20150424,20150331,1,2,1,11425000000.0,52270000000.0,49285000000.0,6334000000.0,,,40790000000.0,,,,,,11633000000.0,,,,,46360000000.0,,,,183048000000.0,,,1954000000.0,231094000000.0,486000000.0,109000000.0,,12508000000.0,,3697000000.0,,,,,,5157000000.0,,7568000000.0,,7484000000.0,1101313000000.0,,,266705000000.0,67568000000.0,54639000000.0,5758000000.0,,,,,,,,,,,,248291000000.0,2304775000000.0,,,4086000000.0,,13733000000.0,4889000000.0,,1448000000.0,,18426000000.0,,6584000000.0,7212000000.0,24241000000.0,,,,,,,,,,,,,77921000000.0,,,25000000.0,,,,,417579000000.0,3537000000.0,1578437000000.0,,9953000000.0,,,,,,,,,,,,2168071000000.0,,19115000000.0,,,,136704000000.0,136704000000.0,2304775000000.0,,-1725000000.0,,,,,,,,,,,,,,,,,,,,,,0
37,000001.SZ,20150313,20150313,20141231,1,2,4,11425000000.0,52270000000.0,43656000000.0,6334000000.0,,,25811000000.0,,,,,,11937000000.0,,,,,45841000000.0,,,,178636000000.0,,,1493000000.0,207874000000.0,486000000.0,110000000.0,,8123000000.0,,3812000000.0,,,,,,5293000000.0,,7568000000.0,,6834000000.0,1003637000000.0,,,306298000000.0,66969000000.0,45254000000.0,4300000000.0,,,,,,,,,,,,246258000000.0,2186459000000.0,,,2754000000.0,,13551000000.0,4259000000.0,,1883000000.0,,22568000000.0,,7961000000.0,5794000000.0,25229000000.0,,,,,,,,,,,,,41750000000.0,,,25000000.0,,,,,385451000000.0,2662000000.0,1533183000000.0,,8440000000.0,,,,,,,,,,,,2055510000000.0,,19115000000.0,,,,130949000000.0,130949000000.0,2186459000000.0,,-1851000000.0,,,,,,,,,,,,,,,,,,,,,,0
38,000001.SZ,20141024,20141024,20140930,1,2,3,11425000000.0,52270000000.0,44134000000.0,4354000000.0,,,14808000000.0,,,,,,11135000000.0,,,,,48567000000.0,,,,203975000000.0,,,2476000000.0,200189000000.0,472000000.0,101000000.0,,9178000000.0,,3540000000.0,,,,,,5263000000.0,,7568000000.0,,6154000000.0,974160000000.0,,,277325000000.0,100035000000.0,41473000000.0,4904000000.0,,,,,,,,,,,,222537000000.0,2144358000000.0,,,1357000000.0,,16407000000.0,4512000000.0,,1936000000.0,,18654000000.0,,6983000000.0,5524000000.0,24773000000.0,,,,,,,,,,,,,45481000000.0,,,30000000.0,,,,,369364000000.0,3120000000.0,1508179000000.0,,11302000000.0,,,,,,,,,,,,2017622000000.0,,16509000000.0,,,,126736000000.0,126736000000.0,2144358000000.0,,-1956000000.0,,,,,,,,,,,,,,,,,,,,,,0
39,000001.SZ,20140814,20140814,20140630,1,2,2,11425000000.0,50140000000.0,38512000000.0,4354000000.0,,,25217000000.0,,,,,,10641000000.0,,,,,44582000000.0,,,,290688000000.0,,,1287000000.0,198848000000.0,583000000.0,103000000.0,,6672000000.0,,3492000000.0,,,,,,5296000000.0,,7568000000.0,,4786000000.0,921048000000.0,,,259604000000.0,95690000000.0,40898000000.0,2740000000.0,,,,,,,,,,,,205882000000.0,2136475000000.0,,,1299000000.0,,18765000000.0,4950000000.0,,2271000000.0,,20385000000.0,,5715000000.0,3765000000.0,21219000000.0,,,,,,,,,,,,,21605000000.0,,,45000000.0,,,,,392313000000.0,3263000000.0,1508904000000.0,,11036000000.0,,,,,,,,,,,,2015535000000.0,,16509000000.0,,,,120940000000.0,120940000000.0,2136475000000.0,,,,,,,,,,,,,,,,,,,,,,,,0
40,000001.SZ,20140424,20140424,20140331,1,2,1,9521000000.0,51899000000.0,35017000000.0,4354000000.0,,,25165000000.0,,,,,,10138000000.0,,,,,47292000000.0,,,,347114000000.0,,,717000000.0,194955000000.0,596000000.0,114000000.0,,6271000000.0,,3580000000.0,,,,,,5332000000.0,,7568000000.0,,3912000000.0,874014000000.0,,,258110000000.0,85821000000.0,34258000000.0,3675000000.0,,,,,,,,,,,,181799000000.0,2097102000000.0,,,1799000000.0,,19292000000.0,4227000000.0,,2209000000.0,,11093000000.0,,4482000000.0,4409000000.0,19335000000.0,,,,,,,,,,,,,17108000000.0,,,56000000.0,,,,,500763000000.0,3468000000.0,1382649000000.0,,8912000000.0,,,,,,,,,,,,1979802000000.0,,16509000000.0,,,,117300000000.0,117300000000.0,2097102000000.0,,,,,,,,,,,,,,,,,,,,,,,,0
41,000001.SZ,20140307,20140307,20131231,1,2,4,9521000000.0,51734000000.0,29963000000.0,4354000000.0,,,10421000000.0,,,,,,10043000000.0,,,,,27241000000.0,,,,271692000000.0,,,467000000.0,195667000000.0,596000000.0,116000000.0,,4005000000.0,,3694000000.0,,,,,,5463000000.0,,7568000000.0,,4406000000.0,832127000000.0,,,229924000000.0,71914000000.0,21286000000.0,3397000000.0,,,,,,,,,,,,184656000000.0,1891741000000.0,,,2264000000.0,,22633000000.0,3692000000.0,,2149000000.0,,36049000000.0,,6013000000.0,4205000000.0,16605000000.0,,,,,,,,,,,,,8102000000.0,,,56000000.0,,,,,450789000000.0,2914000000.0,1217002000000.0,,7187000000.0,,,,,,,,,,,,1779660000000.0,,16509000000.0,,,,112081000000.0,112081000000.0,1891741000000.0,,,,,,,,,,,,,,,,,,,,,,,,0
42,000001.SZ,20131023,20131023,20130930,1,2,3,8197000000.0,39426000000.0,30827000000.0,2830000000.0,,,14371000000.0,,,,,,9798000000.0,,,,,22833000000.0,,,,247154000000.0,,,58175000000.0,140020000000.0,508000000.0,184000000.0,,3581000000.0,,3312000000.0,,,,,,5510000000.0,,7568000000.0,,3288000000.0,817697000000.0,,,256845000000.0,60849000000.0,8396000000.0,1358000000.0,,,,,,,,,,,,189431000000.0,1855619000000.0,,,2473000000.0,,20346000000.0,3600000000.0,,1363000000.0,,42298000000.0,,5233000000.0,3620000000.0,15950000000.0,,,,,,,,,,,,,9597000000.0,,,66000000.0,,,,,396422000000.0,1668000000.0,1252366000000.0,,5704000000.0,,,,,,,,,,,,1760706000000.0,,13633000000.0,,,,94913000000.0,94913000000.0,1855619000000.0,,,,,,,,,,,,,,,,,,,,,,,,0
43,000001.SZ,20130823,20130823,20130630,1,2,2,8197000000.0,40220000000.0,26662000000.0,2830000000.0,,,21654000000.0,,,,,,9165000000.0,,,,,36031000000.0,,,,303984000000.0,,,91742000000.0,100381000000.0,522000000.0,187000000.0,,7221000000.0,,3341000000.0,,,,,,5624000000.0,,7568000000.0,,2511000000.0,772467000000.0,,,236166000000.0,59910000000.0,3219000000.0,1060000000.0,,,,,,,,,,,,159389000000.0,1826998000000.0,,,1262000000.0,,23398000000.0,3056000000.0,,1092000000.0,,95982000000.0,,4300000000.0,2846000000.0,14142000000.0,,,,,,,,,,,,,9592000000.0,,,128000000.0,,,,,397221000000.0,1318000000.0,1175361000000.0,,5758000000.0,,,,,,,,,,,,1735456000000.0,,13633000000.0,,,,91542000000.0,91542000000.0,1826998000000.0,,,,,,,,,,,,,,,,,,,,,,,,0
44,000001.SZ,20130823,20130823,20130630,1,2,2,8197000000.0,40220000000.0,26662000000.0,2830000000.0,,,21654000000.0,,,,,,9165000000.0,,,,,36031000000.0,,,,303984000000.0,,,91742000000.0,100381000000.0,522000000.0,187000000.0,,7221000000.0,,3341000000.0,,,,,,5624000000.0,,7568000000.0,,2511000000.0,772467000000.0,,,236166000000.0,59910000000.0,3219000000.0,1060000000.0,,,,,,,,,,,,159389000000.0,1826998000000.0,,,1262000000.0,,23398000000.0,3056000000.0,,1092000000.0,,95982000000.0,,4300000000.0,2846000000.0,14142000000.0,,,,,,,,,,,,,9592000000.0,,,128000000.0,,,,,397221000000.0,1318000000.0,1175361000000.0,,5758000000.0,,,,,,,,,,,,1735456000000.0,,13633000000.0,,,,91542000000.0,91542000000.0,1826998000000.0,,,,,,,,,,,,,,,,,,,,,,,,1
45,000001.SZ,20130424,20130424,20130331,1,2,1,5123000000.0,40507000000.0,26666000000.0,2830000000.0,,,7653000000.0,,,,,,9450000000.0,,,,,51658000000.0,,,,345983000000.0,,,81933000000.0,102771000000.0,522000000.0,193000000.0,,6358000000.0,,3417000000.0,,,,,,5749000000.0,,7568000000.0,,2947000000.0,741345000000.0,,,212952000000.0,75075000000.0,4986000000.0,913000000.0,,,,,,,,,,,,142381000000.0,1811249000000.0,,,1401000000.0,,21861000000.0,4180000000.0,,2045000000.0,,64691000000.0,,3445000000.0,2009000000.0,13474000000.0,,,,,,,,,,,,,9587000000.0,,,128000000.0,1261000000.0,,,,524315000000.0,988000000.0,1064514000000.0,,8591000000.0,,,,,,,,,,,,1722490000000.0,,13633000000.0,,,,88759000000.0,88759000000.0,1811249000000.0,,,,,,,,,,,,,,,,,,,,,,,,0
46,000001.SZ,20130308,20130308,20121231,1,2,4,5123350000.0,40135319000.0,23076715000.0,2830459000.0,,,4237452000.0,,,,,,8757080000.0,,,,,65426000000.0,,,,186472796000.0,,,89895874000.0,103124183000.0,521796000.0,196367000.0,,2968507000.0,,3536443000.0,,,,,,5878379000.0,,7568304000.0,,3449641000.0,708262390000.0,,,219347476000.0,94295113000.0,2430464000.0,966655000.0,,,,,,,,,,,,90837700000.0,1606536760000.0,,,16167915000.0,,39068123000.0,1722312000.0,,3051780000.0,,46147768000.0,,4863106000.0,2298642000.0,11525905000.0,,,,,,,,,,,,,16078613000.0,,,127676000.0,1271902000.0,,,,354222804000.0,952261000.0,1021107702000.0,,3131476000.0,,,,,,,,,,,,1521737985000.0,,13632932000.0,,,,84798775000.0,84798775000.0,1606536760000.0,,,,,,,,,,,,,,,,,,,,,,,,0
47,000001.SZ,20121026,20121026,20120930,1,2,3,5123350000.0,40227235000.0,21745690000.0,2830459000.0,,,6925435000.0,,,,,,8165416000.0,,,,,17401541000.0,,,,133653945000.0,,,80733960000.0,105931385000.0,535796000.0,250329000.0,,5058894000.0,,3182252000.0,,,,,,5689380000.0,,7568304000.0,,3328347000.0,693238075000.0,,,182474068000.0,70359847000.0,,691295000.0,,,,,,,,,,,,53939700000.0,1477530744000.0,,,25817426000.0,,10180100000.0,1065689000.0,,29768767000.0,,33944541000.0,,4143354000.0,2181349000.0,11370360000.0,,,,,,,,,,,,,16072173000.0,,,86597000.0,1273659000.0,,,,319747312000.0,715717000.0,935396853000.0,,4040962000.0,,,,,,,,,,,,1395804859000.0,,11799151000.0,,,,81725885000.0,81725885000.0,1477530744000.0,,,,,,,,,,,,,,,,,,,,,,,,0
48,000001.SZ,20120816,20120816,20120630,1,2,2,5123350000.0,41288034000.0,18781616000.0,2830459000.0,,,5459603000.0,,,,,,8552297000.0,,,,,26319620000.0,,,,117195402000.0,,,80229512000.0,108223947000.0,535796000.0,253732000.0,,4794405000.0,,3247386000.0,,,,,,5785049000.0,,7568304000.0,,2964350000.0,671075508000.0,,,180414435000.0,106987239000.0,,802983000.0,,,,,,,,,,,,37103700000.0,1490622851000.0,,,26240178000.0,,7197324000.0,398598000.0,,26310276000.0,,36674334000.0,,3609746000.0,1765605000.0,10439829000.0,,,,,,,,,,,,,16068072000.0,,,86597000.0,1453659000.0,,,,323726121000.0,731589000.0,949577975000.0,,6520338000.0,,,,,,,,,,,,1410800241000.0,,11799151000.0,,,,79822610000.0,79822610000.0,1490622851000.0,,,,,,,,,,,,,,,,,,,,,,,,0
49,000001.SZ,20120426,20120426,20120331,1,2,1,5123350000.0,41613257000.0,19293324000.0,2830459000.0,,,3313771000.0,,,,,,8401527000.0,,,,,18451946000.0,,,,39572213000.0,,,79917487000.0,109585082000.0,539294000.0,257275000.0,,4571110000.0,,3425863000.0,,,,,,5885282000.0,,7568304000.0,,2850556000.0,640107120000.0,,,171898949000.0,85888422000.0,,507868000.0,,,,,,,,,,,,25419500000.0,1368005065000.0,,,1256895000.0,,13979244000.0,189070000.0,,48574851000.0,,22016935000.0,,2991399000.0,2770096000.0,10895433000.0,,,,,,,,,,,,,16061329000.0,,,112246000.0,1373328000.0,,,,249280785000.0,434247000.0,914809609000.0,,4302175000.0,,,,,,,,,,,,1289047642000.0,,7954903000.0,,,2142130000.0,76815293000.0,78957423000.0,1368005065000.0,,,,,,,,,,,,,,,,,,,,,,,,0
50,000001.SZ,20120309,20120309,20111231,1,2,4,5123350000.0,41537746000.0,15864379000.0,2830459000.0,,,2607902000.0,,,,,,7274189000.0,,,,,8446567000.0,,,,34303887000.0,,,78383526000.0,107683080000.0,539294000.0,262791000.0,,2977044000.0,,3524265000.0,,,,,,5989731000.0,,7568304000.0,,2889762000.0,610075336000.0,,,160635236000.0,39884342000.0,,810577000.0,,,,,,,,,,,,13732100000.0,1258176944000.0,,,1130876000.0,,25279349000.0,,,70560734000.0,,39197371000.0,,3600345000.0,2535814000.0,9913661000.0,,,,,,,,,,,,,16054486000.0,,,112246000.0,1351062000.0,,,,155409777000.0,732418000.0,850845147000.0,,6073074000.0,,,,,,,,,,,,1182796360000.0,,7954903000.0,,,2069747000.0,73310837000.0,75380584000.0,1258176944000.0,,,,,,,,,,,,,,,,,,,,,,,,0
51,000001.SZ,20111026,20111026,20110930,1,2,3,5123350000.0,40526307000.0,16168168000.0,1912339000.0,,,16545462000.0,,,,,,5554467000.0,,,,,8035012000.0,,,,71940734000.0,,,78392673000.0,108836036000.0,417292000.0,260528000.0,,2548238000.0,,3406765000.0,,,,,,6021591000.0,,7568304000.0,,2927550000.0,598716614000.0,,,136993533000.0,27071033000.0,,622094000.0,,,,,,,,,,,,21002100000.0,1207212499000.0,,,1012204000.0,,9873508000.0,,,46963384000.0,,46151736000.0,,2702437000.0,2146167000.0,8726992000.0,,,,,,,,,,,,,16046949000.0,,,105303000.0,1411316000.0,,,,163195945000.0,540765000.0,832240721000.0,,4408808000.0,,,,,,,,,,,,1135526235000.0,,5977782000.0,,,1978318000.0,69707946000.0,71686264000.0,1207212499000.0,,,,,,,,,,,,,,,,,,,,,,,,0
52,000001.SZ,20110818,20110818,20110630,1,2,2,3485014000.0,13304716000.0,13472544000.0,1912339000.0,,,1157750000.0,,,,,,3011254000.0,,,,,8877563000.0,,,,110133052000.0,,,36983052000.0,78345059000.0,407413000.0,539723000.0,,2676776000.0,,2359317000.0,,,,,,185652000.0,,,,2071173000.0,440990979000.0,,,95491599000.0,19052801000.0,2000.0,451537000.0,,,,,,,,,,,,21002100000.0,852057025000.0,,,1524230000.0,,5335706000.0,,,12518307000.0,,14989412000.0,,1857283000.0,1385371000.0,4642031000.0,,,,,,,,,,,,,13125104000.0,,,20508000.0,115310000.0,,,,120790604000.0,364324000.0,632496543000.0,,4739897000.0,,,,,,,,,,,,813904630000.0,,5977782000.0,,,,38152395000.0,38152395000.0,852057025000.0,,,,,,,,,,,,,,,,,,,,,,,,0
53,000001.SZ,20110427,20110427,20110331,1,2,1,3485014000.0,13431939000.0,11142997000.0,1912339000.0,,,2020150000.0,,,,,,2876637000.0,,,,,7141762000.0,,,,136932597000.0,,,33239732000.0,70412797000.0,404390000.0,552622000.0,,1935792000.0,,2394246000.0,,,,,,188958000.0,,,,1833515000.0,415695758000.0,,,79335482000.0,15185949000.0,2000.0,464637000.0,,,,,,,,,,,,17502100000.0,807563445000.0,,,3098702000.0,,4863400000.0,,,7541641000.0,,13247856000.0,,1357223000.0,1315045000.0,3890095000.0,,,,,,,,,,,,,9474041000.0,,,6661000.0,116700000.0,,,,140327884000.0,376515000.0,582716460000.0,,3281151000.0,,,,,,,,,,,,771613374000.0,,5977782000.0,,,,35950071000.0,35950071000.0,807563445000.0,,,,,,,,,,,,,,,,,,,,,,,,0
54,000001.SZ,20110225,20110225,20101231,1,2,4,3485014000.0,13396943000.0,8740798000.0,1912339000.0,,,,,,,,,2121487000.0,,,,,8475988000.0,,,,98263433000.0,,,31534183000.0,61379837000.0,404390000.0,539805000.0,,1596833000.0,,2470051000.0,,,,,,191580000.0,,,,1954568000.0,400966075000.0,,,76586858000.0,8523729000.0,2000.0,371734000.0,,,,,,,,,,,,18502100000.0,727610068000.0,,,2237675000.0,,6200174000.0,,,5120818000.0,,17588672000.0,,1878603000.0,1125121000.0,3920073000.0,,,,,,,,,,,,,9469488000.0,,,3047000.0,103076000.0,,,,82370060000.0,311805000.0,562912342000.0,,856238000.0,,,,,,,,,,,,694097192000.0,,5977782000.0,,,,33512876000.0,33512876000.0,727610068000.0,,,,,,,,,,,,,,,,,,,,,,,,0
55,000001.SZ,20101028,20101028,20100930,1,2,3,3485014000.0,13578078000.0,9120810000.0,1283957000.0,,,554058000.0,,,,,,2243319000.0,,,,,7810415000.0,,,,73615299000.0,,,39998106000.0,44672478000.0,384390000.0,529621000.0,,1498561000.0,,2403605000.0,,,,,,164833000.0,,,,1759303000.0,392620535000.0,,,66631494000.0,9861586000.0,786000.0,320302000.0,,,,,,,,,,,,19992100000.0,675063878000.0,,,2099269000.0,,11703005000.0,,,,,10354220000.0,,1628249000.0,821657000.0,3549129000.0,,,,,,,,,,,,,9467785000.0,,,1713000.0,113649000.0,,,,62999497000.0,265897000.0,536681813000.0,,1750240000.0,,,,,,,,,,,,642919743000.0,,4676276000.0,,,,32144135000.0,32144135000.0,675063878000.0,,,,,,,,,,,,,,,,,,,,,,,,0
56,000001.SZ,20100825,20100825,20100630,1,2,2,3485014000.0,13555872000.0,7419989000.0,1283957000.0,,,543137000.0,,,,,,2006350000.0,,,,,5318759000.0,,,,54961502000.0,,,41058953000.0,37496313000.0,384390000.0,550313000.0,,1511315000.0,,2133862000.0,,,,,,160483000.0,,,,1768243000.0,368488474000.0,,,61505223000.0,8844875000.0,2227000.0,201606000.0,,,,,,,,,,,,27592100000.0,624398179000.0,,,1203900000.0,,4978100000.0,,,,,15302487000.0,,1415002000.0,646318000.0,2830518000.0,,,,,,,,,,,,,9466373000.0,,,3370000.0,102488000.0,,,,48139886000.0,156947000.0,505988338000.0,,1644748000.0,,,,,,,,,,,,593977071000.0,,4676276000.0,,,,30421108000.0,30421108000.0,624398179000.0,,,,,,,,,,,,,,,,,,,,,,,,0
57,000001.SZ,20100429,20100429,20100331,1,2,1,3105434000.0,7079172000.0,5964987000.0,1283957000.0,,,1352405000.0,,,,,,1957240000.0,,,,,5015728000.0,,,,57209126000.0,,,38308612000.0,36229930000.0,364313000.0,536627000.0,,1905876000.0,,1918952000.0,,,,,,147047000.0,,,,1532637000.0,367604322000.0,,,56488499000.0,11242958000.0,2946000.0,110577000.0,,,,,,,,,,,,30292100000.0,619927625000.0,,,,,9000000000.0,,,,,12368006000.0,,1072549000.0,729546000.0,2624674000.0,,,,,,,,,,,,,9466200000.0,,,3370000.0,123064000.0,,,,90722119000.0,42852000.0,467614913000.0,,2632020000.0,,,,,,,,,,,,597817799000.0,,4676276000.0,,,,22109826000.0,22109826000.0,619927625000.0,,,,,,,,,,,,,,,,,,,,,,,,0
58,000001.SZ,20100312,20100312,20091231,1,2,4,3105434000.0,7017072000.0,4386870000.0,1283957000.0,,,1132048000.0,,,,,,1625700000.0,,,,,5361139000.0,,,,40923396000.0,,,36998409000.0,34585440000.0,392705000.0,523846000.0,,2102576000.0,,1714461000.0,,,,,,156788000.0,,,,1582934000.0,355562545000.0,,,54243952000.0,15592536000.0,3302000.0,99996000.0,,,,,,,,,,,,30427100000.0,587811034000.0,,,,,7570118000.0,,,,,13733384000.0,,1681728000.0,652289000.0,2682162000.0,,,,,,,,,,,,,9462714000.0,,,3358000.0,94525000.0,,,,74139673000.0,21540000.0,454635208000.0,,1813845000.0,,,,,,,,,,,,567341425000.0,,4676276000.0,,,,20469609000.0,20469609000.0,587811034000.0,,,,,,,,,,,,,,,,,,,,,,,,0
59,000001.SZ,20091029,20091029,20090930,1,2,3,3105434000.0,7029209000.0,4589611000.0,780885000.0,,,1408176000.0,,,,,,1660956000.0,,,,,8416666000.0,,,,36026915000.0,,,34002906000.0,27150056000.0,396987000.0,454083000.0,,2172956000.0,,1789028000.0,,,,,,118137000.0,,,,1706952000.0,356899055000.0,,,45429179000.0,17814178000.0,4694000.0,173611000.0,,,,,,,,,,,,13950000000.0,554264684000.0,,,,,8570072000.0,,,,,15747416000.0,,1292050000.0,675349000.0,2521308000.0,,,,,,,,,,,,,9460328000.0,,,3381000.0,104626000.0,,,,70594719000.0,23042000.0,423885887000.0,,1840773000.0,,,,,,,,,,,,535176249000.0,,3583296000.0,,,,19088435000.0,19088435000.0,554264684000.0,,,,,,,,,,,,,,,,,,,,,,,,0
60,000001.SZ,20090821,20090821,20090630,1,2,2,3105434000.0,7254196000.0,3263581000.0,780885000.0,,,1785393000.0,,,,,,1711397000.0,,,,,7998342000.0,,,,37957939000.0,,,41015718000.0,24292972000.0,396988000.0,414722000.0,,3106221000.0,,1660940000.0,,,,,,109209000.0,,,,1648683000.0,339056885000.0,,,42228168000.0,20812896000.0,5342000.0,162354000.0,,,,,,,,,,,,13950000000.0,541225736000.0,,,,,14170946000.0,5313000.0,,,,33330241000.0,,1215343000.0,696387000.0,2455864000.0,,,,,,,,,,,,,9459029000.0,,,4463000.0,167361000.0,,,,42780088000.0,31320000.0,416571882000.0,,2146002000.0,,,,,,,,,,,,523238344000.0,,3583296000.0,,,,17987392000.0,17987392000.0,541225736000.0,,,,,,,,,,,,,,,,,,,,,,,,0
61,000001.SZ,20090424,20090424,20090331,1,2,1,3105434000.0,7528245000.0,2074270000.0,780884000.0,,,1363916000.0,,,,,,1946312000.0,,,,,9836695000.0,,,,32474987000.0,,,46323264000.0,19218740000.0,402390000.0,397879000.0,,1752823000.0,,1661876000.0,,,,,,109434000.0,,,,1738377000.0,316874677000.0,,,39545282000.0,32810795000.0,7080000.0,200250000.0,,,,,,,,,,,,13850000000.0,521879398000.0,,,,,19551590000.0,39636000.0,,,,31386659000.0,,984453000.0,1115173000.0,2551841000.0,,,,,,,,,,,,,7969023000.0,,,8891000.0,241258000.0,,,,38038679000.0,36045000.0,400659298000.0,,2181943000.0,,,,,,,,,,,,504807269000.0,,3583296000.0,,,,17072129000.0,17072129000.0,521879398000.0,,,,,,,,,,,,,,,,,,,,,,,,0
62,000001.SZ,20090320,20090320,20081231,1,2,4,3105434000.0,7978982000.0,952193000.0,780885000.0,,,41441000.0,,,,,,1605636000.0,,,,,9236676000.0,,,,34733353000.0,,,48799716000.0,15584755000.0,417390000.0,411690000.0,,1615894000.0,,1674924000.0,,,,,,113917000.0,,,,1811816000.0,281714687000.0,,,39767901000.0,21500809000.0,9225000.0,290751000.0,,,,,,,,,,,,13750000000.0,474440173000.0,,,,,7380000000.0,39420000.0,,,,38916115000.0,,1247420000.0,1197849000.0,2963224000.0,,,,,,,,,,,,,7964282000.0,,,25809000.0,341679000.0,,,,36063032000.0,58598000.0,360514036000.0,,820436000.0,,,,,,,,,,,,458039383000.0,,3583296000.0,,,,16400790000.0,16400790000.0,474440173000.0,,,,,,,,,,,,,,,,,,,,,,,,0
63,000001.SZ,20081024,20081024,20080930,1,2,3,2388795000.0,7169873000.0,4557803000.0,933864000.0,,,1403646000.0,,,,,,1485188000.0,,,,,5879022000.0,,,,43906829000.0,,,48009082000.0,15393865000.0,390384000.0,436297000.0,,2245953000.0,,1511456000.0,,,,,,70532000.0,,,,670321000.0,253076364000.0,,,45982794000.0,4526435000.0,21964000.0,195456000.0,,,,,,,,,,,,13750000000.0,441454398000.0,,,,,3079829000.0,39207000.0,,,,15746998000.0,,1018226000.0,944897000.0,2939397000.0,,,,,,,,,,,,,6470986000.0,,,52361000.0,165207000.0,,,,41317846000.0,78318000.0,348380322000.0,,1800522000.0,,,,,,,,,,,,423079735000.0,,3324328000.0,,,,18374663000.0,18374663000.0,441454398000.0,,,,,,,,,,,,,,,,,,,,,,,,0
64,000001.SZ,20080821,20080821,20080630,1,2,2,2388795000.0,6911668000.0,3384643000.0,933865000.0,,,1596643000.0,,,,,,1510323000.0,,,,,9726142000.0,,,,59190949000.0,,,36857537000.0,16271492000.0,464007000.0,438796000.0,,2955873000.0,,1493518000.0,,,,,,65333000.0,,,,672611000.0,240233252000.0,,,47903586000.0,5876983000.0,44830000.0,279010000.0,,,,,,,,,,,,13650000000.0,441823484000.0,,,,,1300000000.0,545088000.0,,1758639000.0,,11187742000.0,,940386000.0,693385000.0,2676101000.0,,,,,,,,,,,,,6470350000.0,,,60821000.0,210984000.0,,,,52421588000.0,200294000.0,343139864000.0,,3274943000.0,,,,,,,,,,,,424880185000.0,,3324328000.0,,,,16943299000.0,16943299000.0,441823484000.0,,,,,,,,,,,,,,,,,,,,,,,,0
65,000001.SZ,20080424,20080424,20080331,1,2,1,2293407000.0,5244793000.0,3067998000.0,719481000.0,,,1443787000.0,,,,,,1449919000.0,,,,,5567810000.0,,,,63748019000.0,,,23286019000.0,15996024000.0,271948000.0,445468000.0,,1438108000.0,,1510361000.0,,,,,,65071000.0,,,,677797000.0,227871378000.0,,,48588082000.0,3226310000.0,63674000.0,374149000.0,,,,,,,,,,,,13450000000.0,409473923000.0,,,,,4137683000.0,542138000.0,,,,15530631000.0,,734466000.0,442866000.0,1960627000.0,,,,,,,,,,,,,6482413000.0,,,77447000.0,228311000.0,,,,48892512000.0,338639000.0,313513227000.0,,2551580000.0,,,,,,,,,,,,395432539000.0,,2715704000.0,,,,14041384000.0,14041384000.0,409473923000.0,,,,,,,,,,,,,,,,,,,,,,,,0
66,000001.SZ,20080320,20080320,20071231,1,2,4,2293407000.0,5213654000.0,2063817000.0,719481000.0,,,1477625000.0,,,,,,1126372000.0,,,,,2642656000.0,,,,33768925000.0,,,17850892000.0,15911486000.0,251948000.0,441098000.0,,2172240000.0,,1554278000.0,,,,,,67725000.0,,,,994389000.0,215789634000.0,,,40726387000.0,4013690000.0,8200000.0,291816000.0,,,,,,,,,,,,13450000000.0,352539361000.0,,,,,2640297000.0,1246657000.0,,,,16467582000.0,,925411000.0,819756000.0,1728071000.0,,,,,,,,,,,,,,,,77447000.0,98544000.0,,,,32388762000.0,255173000.0,281276981000.0,,1608617000.0,,,,,,,,,,,,339533298000.0,,2715704000.0,,,,13006063000.0,13006063000.0,352539361000.0,,,,,,,,,,,,,,,,,,,,,,,,0
67,000001.SZ,20071023,20071023,20070930,1,2,3,2086758000.0,1554080000.0,1576122000.0,566889000.0,,,1547134000.0,,,,,,859851000.0,,,,,4815723000.0,,,,39226885000.0,,,20296509000.0,16000347000.0,252044000.0,479904000.0,,1500960000.0,,1506465000.0,,,,,,41044000.0,,,,866030000.0,207227202000.0,,,32224219000.0,4020796000.0,2501000.0,159325000.0,,,,,,,,,,,,9500000000.0,340526939000.0,,,,,2109016000.0,1270914000.0,,,,9993555000.0,,727492000.0,545410000.0,1622890000.0,,,,,,,,,,,,,,,,70303000.0,160126000.0,,,,25853459000.0,157227000.0,287940740000.0,,1712254000.0,,,,,,,,,,,,332163385000.0,,2579704000.0,,,,8363553000.0,8363553000.0,340526939000.0,,,,,,,,,,,,,,,,,,,,,,,,0
68,000001.SZ,20070816,20070816,20070630,1,2,2,2086758000.0,1638613000.0,826514000.0,566889000.0,,,1873281000.0,,,,,,751213000.0,,,,,2733519000.0,,,,33021597000.0,,,20616491000.0,15819358000.0,251948000.0,461029000.0,,1503575000.0,,1524791000.0,,,,,,29732000.0,,,,890134000.0,200381323000.0,,,27491307000.0,4592325000.0,21851000.0,92532000.0,,,,,,,,,,,,2000000000.0,314056006000.0,,,86410000.0,,2175380000.0,1284605000.0,,,,7154578000.0,,629835000.0,453198000.0,1380899000.0,,,,,,,,,,,,,,,,69667000.0,205271000.0,,,,24434386000.0,104031000.0,266465799000.0,,1913469000.0,,,,,,,,,,,,306357528000.0,,2579704000.0,,,,7698478000.0,7698478000.0,314056006000.0,,,,,,,,,,,,,,,,,,,,,,,,0
69,000001.SZ,20070426,20070426,20070331,1,2,1,1945822149.0,1622487239.0,1403589464.0,454490813.0,,,2211390453.0,,,,,,830499536.0,,,,,7173419087.0,,,,22231482198.0,,,21304379993.0,17473410035.0,202742617.0,440723073.0,,2033301652.0,,1680957376.0,,,,,,24782769.0,,,,971248635.0,185301992553.0,,,23652724920.0,2125555996.0,,,,,,,,,,,,,,,287658610892.0,,,,,51540500.0,1653053576.0,,,,3780480743.0,,456272766.0,572565919.0,1078620053.0,,,,,,,,,,,,,,,,55448513.0,231240237.0,,,,25073686393.0,,244376790380.0,,3222817803.0,,,,,,,,,,,,280552516884.0,,1679704345.0,,,,7106094008.0,7106094008.0,287658610892.0,,,,,,,,,,,,,,,,,,,,,,,,0
70,000001.SZ,20070322,20070322,20061231,1,2,4,1945822149.0,1648516615.0,745929325.0,454490813.0,,,427358435.0,,,,,,675699813.0,,,,,3369175966.0,,,,11271768336.0,,,18052341651.0,17548193286.0,213994842.0,,,1357392164.0,,1984857641.0,9521431.0,,,,,26567410.0,,,,1002643480.0,175244806300.0,,,26288175902.0,3081003224.0,,22763357.0,,,,,,,,,,,,,260576263238.0,,,,,,483751203.0,,,,741010474.0,,614628342.0,474579671.0,942538161.0,,,,,,,,,,,,,,,,55448513.0,233812075.0,,,,17069243639.0,28115045.0,232206327694.0,,1252345174.0,,,,,,,,,,,,254101799991.0,,1679704345.0,,,,6474463247.0,6474463247.0,260576263238.0,,,,,,,,,,,,,,,,,,,,,,,,0
71,000001.SZ,20061026,20061026,20060930,1,2,3,1945822149.0,1683219504.0,1664917757.0,322891443.0,,,536379910.0,,,,,,,,,,,4747360012.0,,,,5964482295.0,,,19382860983.0,17929480130.0,,,,,,1972237978.0,12381339.0,,,,,39591026.0,,,120444934.0,932126470.0,168846791994.0,,,19626796004.0,3537739251.0,,1525393.0,,,,,,,,,,,,,246230277253.0,,,,,18100000.0,513137240.0,,,,1241013913.0,,,436738894.0,,,,,147313264.0,,,,,,,,,,,,55448513.0,246318122.0,,,,13557795261.0,14630398.0,220014145793.0,3931681318.0,,,,,,,,,,,,,240176322716.0,,479704345.0,-42600662.0,,,6053954537.0,6053954537.0,246230277253.0,,,,,,,,,,,,,,,,,,,,,,,,0
72,000001.SZ,20060818,20060818,20060630,1,2,2,1945822149.0,1647564622.0,1238242819.0,322891443.0,,,889094093.0,,,,,,,,,,,5107769013.0,,,,7399699393.0,,,15232170367.0,17957638743.0,,,,,,2090753471.0,6220050.0,,,,,40032361.0,,,,982361077.0,169273083061.0,,,17780422959.0,3931163771.0,,743385.0,,,,,,,,,,,,,242823882811.0,,,,,,537860879.0,,,,12627503053.0,,,357894489.0,,,,,,,,,,,,,,,,,59909776.0,212293277.0,,,,8884753918.0,15615277.0,211715552023.0,2683220125.0,,,,,,,,,,,,,237231842469.0,,479704345.0,-42185036.0,,,5592040342.0,5592040342.0,242823882811.0,,,,,,,,,,,,,,,,,,,,,,,,0
73,000001.SZ,20060426,20060426,20060331,1,2,1,1945822149.0,1571729344.0,986429574.0,322891443.0,,810060219.0,19720481332.0,,261304654.0,888145597.0,52422682.0,,,,37185328.0,,,,,,,,,168763508728.0,,,159049263.0,,,,,2368194627.0,6605240.0,,13466.0,,,37500080.0,,,119360349.0,1039584528.0,,,25879530242.0,,,,,,,,,,,,,,,,,239557574598.0,,,,,,,,965250340.0,,,,418805413.0,613346695.0,,23441268.0,1545195453.0,49181746.0,,,,,,,,,217938762598.0,,565720.0,,58718373.0,263601102.0,,,16354678987.0,,,,,,,,,,,,,,,,,234293441585.0,,,-42443842.0,,,5264133013.0,5264133013.0,239557574598.0,,,,,,,,,,,,,,,,,,,,,,,,0
74,000001.SZ,20070322,20060401,20051231,1,2,4,1945822149.0,1574373233.0,773313440.0,324200160.0,,,847592044.0,,,,,,461714999.0,,,,,3284950887.0,,,,8665334291.0,,,26248543243.0,,233372750.0,,,1162696386.0,,2413129878.0,4592695.0,,,,,41580457.0,,,,1000888827.0,149615432342.0,,,21759697445.0,6579429957.0,,5730440.0,,,,,,,,,,,,,222324686641.0,,,,,,679059418.0,,,,1169429752.0,,409928278.0,521756284.0,821091626.0,,,,,,,,,,,,,,,,58718373.0,235048573.0,,,,10469234116.0,16172992.0,201815801002.0,,1074035602.0,,,,,,,,,,,,217270276016.0,,479704345.0,-43002702.0,,,5054410625.0,5054410625.0,222324686641.0,,,,,,,,,,,,,,,,,,,,,,,,0
75,000001.SZ,20051029,20051029,20050930,1,2,3,1945822149.0,1571729344.0,1001078367.0,261789591.0,,883240244.0,6597234486.0,,,,53218139.0,,,,23531534.0,,,,,,,,,151924355575.0,,,156491335.0,,,,,3075677973.0,17584082.0,,1423620.0,,,46037859.0,,,124343036.0,992959086.0,,,27813474895.0,,,,,,,,,,,,,,,,,220515943932.0,,,,,,,,974235320.0,,,,372630032.0,507521749.0,,23441268.0,2170351766.0,46197192.0,,,,,,,,,198629926387.0,,942867.0,,29374075.0,205999998.0,,,16871051396.0,,,,,,,,,,,,,,,,,215500977783.0,,,-35227249.0,,,5014966149.0,5014966149.0,220515943932.0,,,,,,,,,,,,,,,,,,,,,,,,0
76,000001.SZ,20050819,20050819,20050630,1,2,2,1945822149.0,1571729344.0,842142033.0,262684525.0,,704350180.0,6376398162.0,,,524801497.0,47464356.0,,,,16116321.0,,,,,,,,,142043023332.0,,,156491335.0,,,,,3135121937.0,12274606.0,,,,,52445517.0,,,127656135.0,984434756.0,,,27227000912.0,,,,,,,,,,,,,,,,,210505618590.0,,,,,,,,838594933.0,,,,356839694.0,472783594.0,,23484904.0,2581876613.0,22320060.0,,,,,,,,,188812028960.0,,1131440.0,,29374075.0,171271010.0,,,16801440550.0,,,,,,,,,,,,,,,,,205613469510.0,,,-2917.0,,,4892149080.0,4892149080.0,210505618590.0,,,,,,,,,,,,,,,,,,,,,,,,0
77,000001.SZ,20050426,20050426,20050331,1,2,1,1945822149.0,1571729344.0,788781653.0,262684525.0,,757977291.0,8613411318.0,,,,202688564.0,,,,21544858.0,,,,,,,,,132314257232.0,,,156491335.0,,,,,3196802125.0,14529120.0,,66760.0,,,59546283.0,,,131592444.0,818859051.0,,,28819253309.0,,,,,,,,,,,,,,,,,201203989573.0,,,,,,,,718213697.0,,,,318290633.0,493245758.0,,23484904.0,2285775902.0,18864057.0,,,,,,,,,179362399220.0,,1320014.0,,30389574.0,171931998.0,,,16995574421.0,,,,,,,,,,,,,,,,,196365200873.0,,,-2917.0,,,4838788700.0,4838788700.0,201203989573.0,,,,,,,,,,,,,,,,,,,,,,,,0
78,000001.SZ,20050426,20050426,20041231,1,2,4,1945822149.0,1571729344.0,634655241.0,262684525.0,,703081594.0,11046867007.0,,,303736620.0,52785247.0,,,,9045181.0,,,,,,,,,137963747123.0,,,156491335.0,,,,,3243569329.0,11792846.0,,,,,65857066.0,,,131406613.0,752297347.0,,,27493941781.0,,,,,,,,,,,,,,,,,204286424020.0,,,,,,,,635548554.0,,,,365120870.0,395564267.0,,23571856.0,1150119977.0,15207131.0,,,,,,,,,184816668816.0,,1508587.0,,30389574.0,200228169.0,,,14785092916.0,,,,,,,,,,,,,,,,,199601761732.0,,,-2917.0,,,4684662288.0,4684662288.0,204286424020.0,,,,,,,,,,,,,,,,,,,,,,,,0
79,000001.SZ,20041023,20041023,20040930,1,2,3,1945822149.0,1571729344.0,573966824.0,154747650.0,,733677108.0,5155903789.0,,,,217892888.0,,,,16160855.0,,,,,,,,,132608747541.0,,,154491549.0,,,,,,25547645.0,,91323.0,,,67407719.0,,,133090926.0,,,,25428799470.0,,,,,,,,,,,,,,,,,198848195536.0,,,,,,,,743746757.0,,,,337757937.0,189904028.0,,24415126.0,2131634938.0,17854651.0,,,,,,,,,179591161033.0,,1697160.0,,,,,,14884912854.0,,,,,,,,,,,,,,,,,194476073887.0,,,-2431.0,,,4372121649.0,4372121649.0,198848195536.0,,,,,,,,,,,,,,,,,,,,,,,,0
80,000001.SZ,20040831,20040831,20040630,1,2,2,1945822149.0,1571729344.0,452649453.0,154747650.0,,609195393.0,4084190345.0,,58076611.0,372689084.0,216431283.0,,,,12816225.0,,,,,,,,,140174486194.0,,,154491549.0,,,,,2306054294.0,17670478.0,,,,,72975578.0,,,132966530.0,,,,24734359484.0,,,,,,,,,,,,,,,,,203194443633.0,,,,,,,,697172857.0,,,,260660948.0,122696306.0,,55643877.0,1644991424.0,18372143.0,,,,,,,,,184725331498.0,,1885734.0,,27625800.0,,,,14218307857.0,,,,,,,,,,,,,,,,,198943639355.0,,,-2431.0,,,4250804278.0,4250804278.0,203194443633.0,,,,,,,,,,,,,,,,,,,,,,,,0
81,000001.SZ,20040415,20040415,20040331,1,2,1,1945822149.0,1571729344.0,380551356.0,154747650.0,,698706440.0,5000014810.0,,,,239379943.0,,,,16833370.0,,,,,,,,,152887701471.0,,,154492620.0,,,,,,51774322.0,,-3914175.0,,,55552377.0,,,161466588.0,,,,23467978588.0,,,,,,,,,,,,,,,,,212497344756.0,,,,,,,,601815522.0,,,,179315994.0,221869442.0,,55643877.0,4443988668.0,4670532.0,,,,,,,,,196765140425.0,,2074307.0,,18583900.0,,,,11553495514.0,,,,,,,,,,,,,,,,,208318635939.0,,,204.0,,,4178708817.0,4178708817.0,212497344756.0,,,,,,,,,,,,,,,,,,,,,,,,0
82,000001.SZ,20040415,20050426,20031231,1,2,4,1945822149.0,1571729344.0,446301963.0,219218383.0,,589793051.0,,,,,205138856.0,,,,10334887.0,,,,,,,,,134854871305.0,,,153491764.0,,,,,2388062129.0,17648804.0,,,,,87090889.0,,,122440731.0,602411607.0,,,25585315820.0,,,,,,,,,,,,,,,,,193453415330.0,,,,,,,,481754565.0,,,,238408079.0,162216132.0,,62273455.0,565517578.0,6862453.0,,,,,,,,,148366952217.0,,2262880.0,,18583900.0,172606715.0,,,40691574128.0,,,,,,,,,,,,,,,,,189058526345.0,,,-1945.0,,,4394888985.0,4394888985.0,193453415330.0,,,,,,,,,,,,,,,,,,,,,,,,0
83,000001.SZ,20031029,20031029,20030930,1,2,3,1945822149.0,1571729344.0,252705662.0,125187318.0,,570969012.0,1955976296.0,,,,84929929.0,,,,16913913.0,,,,,,,,,137901167108.0,,,110721225.0,,,,,,44466104.0,,-195915.0,,,75675516.0,,,145354470.0,,,,22679102329.0,,,,,,,,,,,,,,,,,193396291485.0,,,,,,,,578241843.0,,,,86491218.0,134088061.0,,116797075.0,1200024103.0,4926573.0,,,,,,,,,149746663925.0,,2451454.0,,8200000.0,,,,39654182522.0,,,,,,,,,,,,,,,,,189414402026.0,,,,,,3981889459.0,3981889459.0,193396291485.0,,,,,,,,,,,,,,,,,,,,,,,,0
84,000001.SZ,20030820,20030820,20030630,1,2,2,1945822149.0,1571729344.0,601050136.0,125187804.0,,502826352.0,2207302903.0,,45176783.0,527483933.0,83978300.0,,,,16924199.0,,,,,,,,,128889982733.0,,,112722082.0,,,,,2333280657.0,37814164.0,,,,,64482581.0,,,107601138.0,,,,23523415128.0,,,,,,,,,,,,,,,,,175454830857.0,,,,,,,,561013162.0,,,,63620140.0,114843976.0,,37901514.0,2140300189.0,3033842.0,,,,,,,,,136527950950.0,,2640027.0,,8443900.0,,,,34596644030.0,,,,,,,,,,,,,,,,,171124594980.0,,,1458.0,,,4330235877.0,4330235877.0,175454830857.0,,,,,,,,,,,,,,,,,,,,,,,,0
85,000001.SZ,20030424,20030424,20030331,1,2,1,1945822149.0,1571729344.0,192149259.0,125187804.0,,520418198.0,864102144.0,,,,98844655.0,,,,17263070.0,,,,,,,,,109463919638.0,,,185793572.0,,,,,,30509710.0,,-179566.0,,,65450719.0,,,122947108.0,,,,23011518917.0,,,,,,,,,,,,,,,,,162467419571.0,,,,,,,,559968611.0,,,,118742557.0,151495142.0,,329945704.0,1695801674.0,1646258.0,,,,,,,,,129593507547.0,,,,8200000.0,,,,28952679934.0,,,,,,,,,,,,,,,,,158546187481.0,,,-101452.0,,,3921232089.0,3921232089.0,162467419571.0,,,,,,,,,,,,,,,,,,,,,,,,0
86,000001.SZ,20030424,20030424,20021231,1,2,4,1945822149.0,1571729344.0,38836118.0,125187804.0,,515219538.0,1728718566.0,,,,68895120.0,,,,9293626.0,,,,,,,,,122171155609.0,,,153493049.0,,,,,2380640202.0,35467348.0,,,,,52331680.0,,,129984156.0,,,,21363293808.0,,,,,,,,,,,,,,,,,166166379400.0,,,,,,,,445006790.0,,,,189212088.0,232117973.0,,330424074.0,440038037.0,1505938.0,,,,,,,,,131212327050.0,,,,8200000.0,,,,31186030977.0,,,,,,,,,,,,,,,,,162398358027.0,,,972.0,,,3768021373.0,3768021373.0,166166379400.0,,,,,,,,,,,,,,,,,,,,,,,,0
87,000001.SZ,20021025,20021025,20020930,1,2,3,1945822149.0,1571729344.0,480288052.0,60354064.0,,472090074.0,964333210.0,,,,,,,,13181441.0,,,,,,,,,118018612669.0,,,121192097.0,,,,,,13516316.0,,30524.0,,,42057601.0,,,453896718.0,,,,59883394164.0,,,,,,,,,,,,,,,,,160021970844.0,,,,,,,,658411188.0,,,,359204524.0,244149617.0,,60608791.0,1019289238.0,1055280.0,,,,,,,,,119466738574.0,,,,,,,,36497038661.0,,,,,,,,,,,,,,,,,155963777235.0,,,,,,4058193609.0,4058193609.0,160021970844.0,,,,,,,,,,,,,,,,,,,,,,,,0
88,000001.SZ,20020814,20020814,20020630,1,2,2,1945822149.0,1571729344.0,363904577.0,60354064.0,,411313670.0,104949028.0,,35807808.0,559879800.0,,,,,10802076.0,,,,,,,,,87497034934.0,,,90152026.0,,,,,2075915013.0,93360363.0,,-17616.0,,,39668450.0,,,383100294.0,,,,19946933283.0,,,,,,,,,,,,,,,,,134689020270.0,,,,,,,,518642352.0,,,,248483692.0,212386204.0,,314699464.0,925687582.0,625793.0,,,,,,,,,97206524790.0,,,,,,,,33540639493.0,,,,,,,,,,,,,,,,,130747164283.0,,,45853.0,,,3941855987.0,3941855987.0,134689020270.0,,,,,,,,,,,,,,,,,,,,,,,,0
89,000001.SZ,20020423,20020423,20020331,1,2,1,1945822149.0,1571729344.0,234010593.0,60354064.0,,380995442.0,346636367.0,,93825667.0,498330877.0,,,,,5142086.0,,,,,,,,,69274293722.0,,,105491549.0,,,,,,408257865.0,,3566.0,,,43293186.0,,,343882192.0,,,,16893300788.0,,,,,,,,,,,,,,,,,110688552564.0,,,,,,,,549407137.0,,,,141788938.0,211888443.0,,314699464.0,1099152940.0,,,,,,,,,,73088146522.0,,,,,,,,33788489893.0,,,,,,,,,,,,,,,,,106876636415.0,,,,,,3811916150.0,3811916150.0,110688552564.0,,,,,,,,,,,,,,,,,,,,,,,,0
90,000001.SZ,20020419,20020419,20011231,1,2,4,1945822149.0,1571729344.0,49763235.0,60354064.0,,379312913.0,79088000.0,,11202902.0,435704594.0,,,,,,,,,,,,,,83533235224.0,,,105491549.0,,,,,1763256906.0,475151128.0,,,,,35662983.0,,,214034890.0,,,,15944792508.0,,,,,,,,,,,,,,,,,120126983351.0,,,,,,,,384039476.0,,,,219515445.0,202395377.0,,314699465.0,272561544.0,,,,,,,,,,82169413103.0,,,,,,,,34329901456.0,,,,,,,,,,,,,,,,,116499314559.0,,,,,,3627668792.0,3627668792.0,120126983351.0,,,,,,,,,,,,,,,,,,,,,,,,0
91,000001.SZ,20010810,20010810,20010630,1,2,2,1945822149.0,2793061506.0,222940494.0,,,361908744.0,59304000.0,,22294012.0,406959316.0,,,,,,,,,,,,,,57243861072.0,,,109492406.0,,,,,1725761226.0,397029908.0,,26237.0,,,24302743.0,,,291256909.0,,,,10655736361.0,,,,,,,,,,,,,,,,,85181426762.0,,,,,,,,472936047.0,,,,97571612.0,49625255.0,,22826142.0,831637082.0,,,,,,,,,,53245803359.0,,,,,,,,26973799254.0,,,,,,,,,,,,,,,,,80219602613.0,,,,,,4961824149.0,4961824149.0,85181426762.0,,,,,,,,,,,,,,,,,,,,,,,,0
92,000001.SZ,20010414,20010414,20001231,1,2,4,1945822149.0,2793061506.0,,,,381835085.0,29677860.0,,,,,,,,,,,,,,,,,44291824709.0,,,109494763.0,,,,,,309717258.0,,36.0,,,1982460.0,,,204976886.0,,,,9869725186.0,,,,,,,,,,,,,,,,,67227499769.0,,,,,,,,264338497.0,,,,138274478.0,58298123.0,,24236827.0,187239046.0,,,,,,,,,,44195494224.0,,,,,,,,18293121890.0,,,,,,,,,,,,,,,,,62488616114.0,,,,,,4738883655.0,4738883655.0,67227499769.0,,,,,,,,,,,,,,,,,,,,,,,,0
93,000001.SZ,20000726,20000726,20000630,1,2,2,1551847092.0,291335764.0,341102480.0,894227220.0,,326694520.0,29670180.0,,,,22847340.0,,,520448249.0,,,,,,,,,,30865796678.0,,,255992370.0,,,,,,,,-21338.0,,,,,,237969580.0,,,,8618767002.0,,,,,,,,,,,,,,,,,49732336516.0,,103000000.0,,,,,,217029193.0,67152911.0,,,108087537.0,55263112.0,,155352107.0,537040991.0,3532661.0,,,,,,,41396500.0,,34574472438.0,,,,,,,,12079351522.0,,,,,,,,,,,,,,,,,46653823960.0,,,,,,3078512556.0,3078512556.0,49732336516.0,,,,,,,,,,,,,,,,,,,,,,,,0
94,000001.SZ,20000419,20000419,19991231,1,2,4,1551847092.0,291335764.0,163328985.0,894318865.0,,842602072.0,118261380.0,,,,39162013.0,,,525928242.0,,,,,,,,,,30615334841.0,,,255844098.0,,,,,,,,-7500.0,,,,,,216423372.0,,,,6721989557.0,,,,,,,,,,,,,,,,,45868972050.0,,23000000.0,,,,,,275578339.0,66170255.0,,,158142922.0,52841235.0,,288127595.0,381340413.0,2193554.0,,,,,,,115910200.0,,32915170494.0,,,,,,,,10052970850.0,,,,,,,,,,,,,,,,,42968141344.0,,,,,,2900830706.0,2900830706.0,45868972050.0,,,,,,,,,,,,,,,,,,,,,,,,0
95,000001.SZ,19990717,19990717,19990630,1,2,2,1551847092.0,291335763.65,1226374739.84,847991685.02,,452773491.11,22788878.23,0.0055,477188766.87,547306541.58,61193130.55,,,552275477.38,,,,,,,,,,23306864284.5,,,261882148.42,,,,,,,,29957.9,,,,,,197161097.32,,,,5705083601.19,,,,,,,,,,,,,,,,,38712112999.23,102655880.0,25000000.0,,,,,,338427432.77,67003483.36,,,115657625.52,72708250.59,,,382577143.6,2598906.28,,,,,,,13245920.0,,24798496410.47,,,,,,,,9996067308.25,,,,,,,,,,,,,,,,,34794563718.72,,,,,,3917549280.51,3917549280.51,38712112999.23,,,,,,,,,,,,,,,,,,,,,,,,0
96,000001.SZ,19990423,19990423,19981231,1,2,4,1551847092.0,291335763.65,985468134.75,847997302.52,,516414199.21,,,369887992.18,275355923.57,35279433.81,,,569730595.89,2511150.0,,,,,,,,,27395222501.32,,,262399601.09,,,,,,,,,,,,,,186911306.65,,,,5298275117.16,,,,,,,,,,,,,,,,,39399858617.26,115901800.0,49838500.0,,,,,,352116547.59,49735157.37,,,178316431.82,104055907.5,,,258874351.83,652358.46,,,,,,,,,25878839828.25,,,,,,,,9844655548.74,,,,,,,,,,,,,,,,,35723495376.99,,,,,-285052.65,3676648292.92,3676363240.27,39399858617.26,,,,,,,,,,,,,,,,,,,,,,,,0
97,000001.SZ,19980826,19980826,19980630,1,2,2,1551847092.0,291335763.65,1336624156.33,592463970.42,,654140051.72,,,303922602.76,353233745.22,4012137.54,,,581328567.28,3850666.0,,,,,,,,,23352656387.02,,,336503920.21,,,,,,,,7666.05,,,,,,131202302.3,,,,3872269084.71,,,,,,,,,,,,,,,,,34873372270.75,115917200.0,54889400.0,,,,,,346853829.91,23775516.33,,,114220892.71,201958049.71,,,399217462.08,5299917.82,,,,,,,,,22073024928.87,,,,,,,,9023373311.16,,,,,,,,,,,,,,,,,31096398240.03,,,,,4703048.32,3772270982.4,3776974030.72,34873372270.75,,,,,,,,,,,,,,,,,,,,,,,,0
98,000001.SZ,19980312,19980312,19971231,1,2,4,1551847092.0,291335763.65,960223623.1,592463970.42,,400584148.91,,,217085324.74,317256351.63,15473465.75,,,489277051.38,14427394.2,,,,,,,,,24677212627.57,,,,,,,,,,,,,,,,,,,,,2590969883.92,,,,,,,,,,,,,,,,,31798628744.88,66238400.0,66889400.0,,,,,,380843016.42,15699603.73,,,145360182.66,182191668.31,,,271475925.24,2703291.55,,,,,,,,,20705236230.14,,,,,,,,7692710770.41,,,,,,,,,,,,,,,,,28397947000.55,,,,,4811295.16,3395870449.17,3400681744.33,31798628744.88,,,,,,,,,,,,,,,,,,,,,,,,0
99,000001.SZ,19970828,19970828,19970630,1,2,2,1034564728.0,291335763.65,1058606912.08,593152118.95,,364612293.45,,,178017572.04,336311680.91,2037536.0,,,444134224.22,3275422.89,,,,,,,,,23868343946.6,,,,,,,,,,,10559.86,,,,,,,,,,2460195030.41,,,,,,,,,,,,,,,,,30531933737.43,,74439200.0,,,,,,378077328.97,5693760.54,,,80622406.06,136261973.77,,206912945.6,238784510.43,2400720.57,,,,,,,,,19936007965.3,,,,,,,,7613458373.45,,,,,,,,,,,,,,,,,27549466338.75,,,,,4807876.0,2977659522.68,2982467398.68,30531933737.43,,,,,,,,,,,,,,,,,,,,,,,,0
