,ts_code,ann_date,f_ann_date,end_date,comp_type,report_type,end_type,net_profit,finan_exp,c_fr_sale_sg,recp_tax_rends,n_depos_incr_fi,n_incr_loans_cb,n_inc_borr_oth_fi,prem_fr_orig_contr,n_incr_insured_dep,n_reinsur_prem,n_incr_disp_tfa,ifc_cash_incr,n_incr_disp_faas,n_incr_loans_oth_bank,n_cap_incr_repur,c_fr_oth_operate_a,c_inf_fr_operate_a,c_paid_goods_s,c_paid_to_for_empl,c_paid_for_taxes,n_incr_clt_loan_adv,n_incr_dep_cbob,c_pay_claims_orig_inco,pay_handling_chrg,pay_comm_insur_plcy,oth_cash_pay_oper_act,st_cash_out_act,n_cashflow_act,oth_recp_ral_inv_act,c_disp_withdrwl_invest,c_recp_return_invest,n_recp_disp_fiolta,n_recp_disp_sobu,stot_inflows_inv_act,c_pay_acq_const_fiolta,c_paid_invest,n_disp_subs_oth_biz,oth_pay_ral_inv_act,n_incr_pledge_loan,stot_out_inv_act,n_cashflow_inv_act,c_recp_borrow,proc_issue_bonds,oth_cash_recp_ral_fnc_act,stot_cash_in_fnc_act,free_cashflow,c_prepay_amt_borr,c_pay_dist_dpcp_int_exp,incl_dvd_profit_paid_sc_ms,oth_cashpay_ral_fnc_act,stot_cashout_fnc_act,n_cash_flows_fnc_act,eff_fx_flu_cash,n_incr_cash_cash_equ,c_cash_equ_beg_period,c_cash_equ_end_period,c_recp_cap_contrib,incl_cash_rec_saims,uncon_invest_loss,prov_depr_assets,depr_fa_coga_dpba,amort_intang_assets,lt_amort_deferred_exp,decr_deferred_exp,incr_acc_exp,loss_disp_fiolta,loss_scr_fa,loss_fv_chg,invest_loss,decr_def_inc_tax_assets,incr_def_inc_tax_liab,decr_inventories,decr_oper_payable,incr_oper_payable,others,im_net_cashflow_oper_act,conv_debt_into_cap,conv_copbonds_due_within_1y,fa_fnc_leases,im_n_incr_cash_equ,net_dism_capital_add,net_cash_rece_sec,credit_impa_loss,use_right_asset_dep,oth_loss_asset,end_bal_cash,beg_bal_cash,end_bal_cash_equ,beg_bal_cash_equ,update_flag
0,000001.SZ,20221025,20221025,20220930,2,1,3,,,,,209817000000.0,14583000000.0,,,,,,185518000000.0,,6998000000.0,,85639000000.0,548476000000.0,,17377000000.0,21230000000.0,284593000000.0,15230000000.0,,51836000000.0,,19831000000.0,455958000000.0,92518000000.0,,385544000000.0,28719000000.0,224000000.0,,414487000000.0,2435000000.0,398438000000.0,,,,400873000000.0,13614000000.0,,,,518755000000.0,,652211000000.0,9841000000.0,,,664138000000.0,-145383000000.0,5746000000.0,-33505000000.0,225222000000.0,191717000000.0,,,,,,,,,,,,,,,,,,,,,,,,,45861000000.0,,,,,,,,,0
1,000001.SZ,20220818,20220818,20220630,2,1,2,22088000000.0,,,,298156000000.0,,,,,,,123815000000.0,,8954000000.0,,63014000000.0,523144000000.0,,13088000000.0,16378000000.0,195267000000.0,13779000000.0,,34288000000.0,,13690000000.0,372661000000.0,150483000000.0,,267658000000.0,20217000000.0,104000000.0,,287979000000.0,616000000.0,298016000000.0,,,,298632000000.0,-10653000000.0,,,,381613000000.0,,535451000000.0,5288000000.0,,,542038000000.0,-160425000000.0,3078000000.0,-17517000000.0,225222000000.0,207705000000.0,,,,-49000000.0,964000000.0,321000000.0,349000000.0,,,-55000000.0,,-3248000000.0,,-1088000000.0,,,-211420000000.0,308923000000.0,,150483000000.0,,,,-17517000000.0,38202000000.0,,,,,3596000000.0,3685000000.0,204109000000.0,221537000000.0,0
2,000001.SZ,20220427,20220427,20220331,2,1,1,,,,,186820000000.0,59701000000.0,,,,,,62357000000.0,,3442000000.0,,47146000000.0,359715000000.0,,9111000000.0,3763000000.0,107036000000.0,10108000000.0,,16614000000.0,,5025000000.0,212588000000.0,147127000000.0,,131168000000.0,8830000000.0,79000000.0,,140077000000.0,204000000.0,144830000000.0,,,,145034000000.0,-4957000000.0,,223444000000.0,,223444000000.0,,281719000000.0,3030000000.0,,,285397000000.0,-61953000000.0,-477000000.0,79740000000.0,225222000000.0,304962000000.0,,,,,,,,,,,,,,,,,,,,,,,,,8374000000.0,,,,,,,,,0
3,000001.SZ,20220310,20220310,20211231,2,1,4,36336000000.0,,,,162932000000.0,23452000000.0,,,,,,230719000000.0,,3112000000.0,,43305000000.0,486048000000.0,,20560000000.0,23411000000.0,447389000000.0,,,70444000000.0,,39233000000.0,678781000000.0,-192733000000.0,,483160000000.0,36017000000.0,559000000.0,,519736000000.0,6614000000.0,553577000000.0,,,,560191000000.0,-40455000000.0,,,,1112799000000.0,,917740000000.0,11237000000.0,,,931735000000.0,181064000000.0,-1604000000.0,-53728000000.0,278950000000.0,225222000000.0,,,,1198000000.0,1796000000.0,959000000.0,704000000.0,,,42000000.0,,-2734000000.0,,-1143000000.0,,,-500983000000.0,207708000000.0,,-192733000000.0,,,,-53728000000.0,8629000000.0,,,,,3685000000.0,3805000000.0,221537000000.0,275145000000.0,0
4,000001.SZ,20211021,20211021,20210930,2,1,3,,,,,126314000000.0,48738000000.0,,,,,,171951000000.0,,8211000000.0,,38679000000.0,395720000000.0,,16350000000.0,18147000000.0,341294000000.0,,,50850000000.0,,28977000000.0,521528000000.0,-125808000000.0,,357583000000.0,25073000000.0,533000000.0,,383189000000.0,5933000000.0,407095000000.0,,,,413028000000.0,-29839000000.0,,,,789120000000.0,,625691000000.0,8803000000.0,,,636493000000.0,152627000000.0,-1142000000.0,-4162000000.0,278950000000.0,274788000000.0,,,,,,,,,,,,,,,,,,,,,,,,,158000000.0,,,,,,,,,0
5,000001.SZ,20210820,20210820,20210630,2,1,2,17583000000.0,,,,102891000000.0,,,,,,,114693000000.0,,1173000000.0,,37510000000.0,256267000000.0,,12357000000.0,13495000000.0,227658000000.0,13502000000.0,,32984000000.0,,21216000000.0,372239000000.0,-115972000000.0,,220387000000.0,17713000000.0,331000000.0,,238431000000.0,4310000000.0,246627000000.0,,,,250937000000.0,-12506000000.0,,,,522751000000.0,,364215000000.0,8506000000.0,,,374052000000.0,148699000000.0,-1054000000.0,19167000000.0,278950000000.0,298117000000.0,,,,1273000000.0,868000000.0,499000000.0,339000000.0,,,18000000.0,,-1373000000.0,,-462000000.0,,,-242594000000.0,75267000000.0,,-115972000000.0,,,,19167000000.0,7745000000.0,,,,,3775000000.0,3805000000.0,294342000000.0,275145000000.0,0
6,000001.SZ,20210421,20210421,20210331,2,1,1,,,,,75498000000.0,,,,,,,57614000000.0,,7009000000.0,,33618000000.0,200992000000.0,,8617000000.0,2705000000.0,121222000000.0,15104000000.0,,17478000000.0,,12697000000.0,212545000000.0,-11553000000.0,,89125000000.0,7807000000.0,15000000.0,,96947000000.0,3550000000.0,106909000000.0,,,,110459000000.0,-13512000000.0,,257625000000.0,,257625000000.0,,225268000000.0,2112000000.0,,95000000.0,228136000000.0,29489000000.0,17000000.0,4441000000.0,278950000000.0,283391000000.0,,,,,,,,,,,,,,,,,,,,,,,,,16777000000.0,,,,,,,,,0
7,000001.SZ,20210202,20210202,20201231,2,1,4,28928000000.0,,,,335675000000.0,11012000000.0,,,,,,218484000000.0,,20442000000.0,,46996000000.0,653612000000.0,,17829000000.0,24525000000.0,405611000000.0,,,80185000000.0,,23657000000.0,669773000000.0,-16161000000.0,,661967000000.0,36942000000.0,377000000.0,,699286000000.0,3490000000.0,679852000000.0,,,,683342000000.0,15944000000.0,,,,806570000000.0,,690400000000.0,9904000000.0,,,703169000000.0,103401000000.0,-3292000000.0,99892000000.0,179058000000.0,278950000000.0,,,,807000000.0,1531000000.0,1059000000.0,630000000.0,,,26000000.0,,716000000.0,,-3688000000.0,,,-483076000000.0,382515000000.0,,-16161000000.0,,,,99892000000.0,,,,,,3805000000.0,5459000000.0,275145000000.0,173599000000.0,0
8,000001.SZ,20201022,20201022,20200930,2,1,3,,,,,167697000000.0,8850000000.0,,,,,,163285000000.0,,33864000000.0,,56190000000.0,512667000000.0,,14058000000.0,20380000000.0,303639000000.0,,,60963000000.0,,18399000000.0,481969000000.0,30698000000.0,,534695000000.0,28947000000.0,254000000.0,,563896000000.0,1695000000.0,546126000000.0,,,,547821000000.0,16075000000.0,,589968000000.0,,589968000000.0,,511450000000.0,7758000000.0,,,521324000000.0,68644000000.0,-1404000000.0,114013000000.0,179058000000.0,293071000000.0,,,,,,,,,,,,,,,,,,,,,,,,,,,,,,,,,,1
9,000001.SZ,20200828,20200828,20200630,2,1,2,13678000000.0,,,,72998000000.0,6205000000.0,,,,,,106146000000.0,,23915000000.0,,71259000000.0,322208000000.0,,10514000000.0,15380000000.0,205716000000.0,,,40375000000.0,,10992000000.0,347874000000.0,-25666000000.0,,371209000000.0,19644000000.0,114000000.0,,390967000000.0,782000000.0,390977000000.0,,,,391759000000.0,-792000000.0,,,,352424000000.0,,299680000000.0,7128000000.0,,,308231000000.0,44193000000.0,862000000.0,18597000000.0,179058000000.0,197655000000.0,,,,637000000.0,733000000.0,468000000.0,270000000.0,,,14000000.0,,-98000000.0,,-2450000000.0,,,-220729000000.0,152237000000.0,,-25666000000.0,,,,18597000000.0,,,,,,4878000000.0,5459000000.0,192777000000.0,173599000000.0,1
10,000001.SZ,20200421,20200421,20200331,2,1,1,,,,,138870000000.0,9131000000.0,,,,,,50778000000.0,,10585000000.0,,49302000000.0,264943000000.0,,7415000000.0,2214000000.0,129873000000.0,,,19922000000.0,,7814000000.0,246954000000.0,17989000000.0,,176130000000.0,9177000000.0,404000000.0,,185711000000.0,551000000.0,187540000000.0,,,,188091000000.0,-2380000000.0,,196571000000.0,,196571000000.0,,212630000000.0,874000000.0,,,214010000000.0,-17439000000.0,612000000.0,-1218000000.0,179058000000.0,177840000000.0,,,,,,,,,,,,,,,,,,,,,,,,,2899000000.0,,,,,,,,,0
11,000001.SZ,20200214,20200214,20191231,2,1,4,28195000000.0,,,,285850000000.0,,,,,,,201527000000.0,,1311000000.0,,46386000000.0,587214000000.0,,18090000000.0,22879000000.0,374197000000.0,,,80989000000.0,,26083000000.0,627239000000.0,-40025000000.0,,435711000000.0,30934000000.0,164000000.0,,466809000000.0,3553000000.0,565312000000.0,,,,568865000000.0,-102056000000.0,,609328000000.0,,609328000000.0,140998698537.528,445344000000.0,3364000000.0,,,450661000000.0,158667000000.0,671000000.0,17257000000.0,161801000000.0,179058000000.0,,,,1056000000.0,1437000000.0,1307000000.0,597000000.0,,,21000000.0,,660000000.0,,-5766000000.0,,,-416497000000.0,306600000000.0,,-40025000000.0,,,,17257000000.0,12209000000.0,,58471000000.0,2259000000.0,,5459000000.0,5015000000.0,173599000000.0,156786000000.0,1
12,000001.SZ,20191022,20191022,20190930,2,1,3,,,,,203792000000.0,,,,,,,148245000000.0,,827000000.0,,48915000000.0,463657000000.0,,14522000000.0,18312000000.0,188571000000.0,,,60463000000.0,,22163000000.0,379177000000.0,84480000000.0,,332361000000.0,22673000000.0,87000000.0,,355121000000.0,1878000000.0,432052000000.0,,,,433930000000.0,-78809000000.0,,300671000000.0,,300671000000.0,,306481000000.0,3364000000.0,,,311198000000.0,-10527000000.0,1811000000.0,-3045000000.0,161801000000.0,158756000000.0,,,,,,,,,,,,,,,,,,,,,,,,,6090000000.0,,,,,,,,,0
13,000001.SZ,20190808,20190808,20190630,2,1,2,15403000000.0,,,,100883000000.0,,,,,,,98694000000.0,,,,9726000000.0,242718000000.0,,11236000000.0,14174000000.0,106921000000.0,,,37547000000.0,,19803000000.0,216286000000.0,26432000000.0,,152078000000.0,15259000000.0,60000000.0,,167397000000.0,958000000.0,220848000000.0,,,,221806000000.0,-54409000000.0,,184553000000.0,,184553000000.0,22891574763.7854,152739000000.0,3364000000.0,,,156828000000.0,27725000000.0,31000000.0,-221000000.0,161801000000.0,161580000000.0,,,,394000000.0,650000000.0,592000000.0,253000000.0,,,10000000.0,,-844000000.0,,-2529000000.0,,,-114763000000.0,108141000000.0,,26432000000.0,,,,-221000000.0,9665000000.0,,,,,5143000000.0,5015000000.0,156437000000.0,156786000000.0,1
14,000001.SZ,20190424,20190424,20190331,2,1,1,,,,,69010000000.0,,,,,,,50004000000.0,,2613000000.0,,1790000000.0,187791000000.0,,7595000000.0,5347000000.0,65841000000.0,,,17111000000.0,,5428000000.0,134607000000.0,53184000000.0,,105313000000.0,7500000000.0,238000000.0,,113051000000.0,409000000.0,144432000000.0,,,,144841000000.0,-31790000000.0,,78154000000.0,,78154000000.0,,58357000000.0,874000000.0,,,59231000000.0,18923000000.0,-1155000000.0,39162000000.0,161801000000.0,200963000000.0,,,,,,,,,,,,,,,,,,,,,,,,,2959000000.0,,,,,,,,,0
15,000001.SZ,20190307,20190307,20181231,2,1,4,24818000000.0,,,,84569000000.0,16791000000.0,,,,,,180118000000.0,,9727000000.0,,53267000000.0,436278000000.0,,16194000000.0,22155000000.0,287146000000.0,,,76438000000.0,,17624000000.0,493601000000.0,-57323000000.0,,440302000000.0,26372000000.0,92000000.0,,466766000000.0,4619000000.0,400765000000.0,,,,405384000000.0,61382000000.0,,765579000000.0,,765579000000.0,132987870528.3733,740810000000.0,5748000000.0,,,746558000000.0,19021000000.0,1697000000.0,24777000000.0,137024000000.0,161801000000.0,,,,57000000.0,1143000000.0,888000000.0,434000000.0,,,12000000.0,,-4930000000.0,,-3259000000.0,,,-219692000000.0,109469000000.0,,-57323000000.0,,,,24777000000.0,3465000000.0,,,,,5015000000.0,4226000000.0,156786000000.0,132798000000.0,1
16,000001.SZ,20181024,20181024,20180930,2,1,3,,,,,104730000000.0,18960000000.0,,,,,,133740000000.0,,12272000000.0,,20539000000.0,381232000000.0,,12931000000.0,20011000000.0,250340000000.0,,,56760000000.0,,38153000000.0,392542000000.0,-11310000000.0,,348914000000.0,21081000000.0,108000000.0,,370103000000.0,1518000000.0,294626000000.0,,,,296144000000.0,73959000000.0,,581179000000.0,,581179000000.0,,612540000000.0,5720000000.0,,,618260000000.0,-37081000000.0,2018000000.0,27586000000.0,137024000000.0,164610000000.0,,,,,,,,,,,,,,,,,,,,,,,,,10192000000.0,,,,,,,,,0
17,000001.SZ,20180816,20180816,20180630,2,1,2,13372000000.0,,,,81925000000.0,11994000000.0,,,,,,91948000000.0,,1010000000.0,,24700000000.0,276847000000.0,,9647000000.0,16040000000.0,165295000000.0,,,35146000000.0,,33581000000.0,269392000000.0,7455000000.0,,241674000000.0,14424000000.0,107000000.0,,256205000000.0,682000000.0,189016000000.0,,,,189698000000.0,66507000000.0,,401045000000.0,,401045000000.0,31659686704.6698,388920000000.0,2722000000.0,,,391642000000.0,9403000000.0,518000000.0,83883000000.0,137024000000.0,220907000000.0,,,,62000000.0,511000000.0,371000000.0,226000000.0,,,4000000.0,,-3478000000.0,,-661000000.0,,,-107340000000.0,89553000000.0,,7455000000.0,,,,83883000000.0,7189000000.0,,,,,3786000000.0,4226000000.0,217121000000.0,132798000000.0,1
18,000001.SZ,20180420,20180420,20180331,2,1,1,,,,,59227000000.0,14245000000.0,,,,,,44500000000.0,,,,20940000000.0,183047000000.0,,6649000000.0,2578000000.0,78639000000.0,,,15658000000.0,,6870000000.0,141605000000.0,41442000000.0,,113266000000.0,7281000000.0,,,120547000000.0,27000000.0,117298000000.0,,,,117325000000.0,3222000000.0,,199253000000.0,,199253000000.0,,187200000000.0,1551000000.0,,,188751000000.0,10502000000.0,-1302000000.0,53864000000.0,137023000000.0,190887000000.0,,,,,,,,,,,,,,,,,,,,,,,,,13944000000.0,,,,,,,,,0
19,000001.SZ,20180315,20180315,20171231,2,1,4,23189000000.0,,,,115803000000.0,110255000000.0,,,,,,154707000000.0,,,,28518000000.0,411204000000.0,,14345000000.0,23675000000.0,269977000000.0,37487000000.0,,59164000000.0,,22540000000.0,529984000000.0,-118780000000.0,,628623000000.0,30943000000.0,32000000.0,,659598000000.0,2817000000.0,692912000000.0,,,,695729000000.0,-36131000000.0,,901644000000.0,,901644000000.0,216217608482.2761,834670000000.0,5535000000.0,,,840205000000.0,61439000000.0,-2918000000.0,-96390000000.0,233414000000.0,137024000000.0,,,,42925000000.0,986000000.0,674000000.0,516000000.0,,,7000000.0,,-724000000.0,,-7252000000.0,,,-347032000000.0,186420000000.0,,-118780000000.0,,,,-96390000000.0,44074000000.0,,,,,4226000000.0,4495000000.0,132798000000.0,228919000000.0,1
20,000001.SZ,20171021,20171021,20170930,2,1,3,,,,,3641000000.0,96421000000.0,,,,,,113328000000.0,,,,22845000000.0,238846000000.0,,11310000000.0,19966000000.0,202265000000.0,53754000000.0,,44250000000.0,,15819000000.0,396833000000.0,-157987000000.0,,403935000000.0,24149000000.0,4000000.0,,428088000000.0,857000000.0,445698000000.0,,,,446555000000.0,-18467000000.0,,721719000000.0,,721719000000.0,,644980000000.0,5471000000.0,,,650451000000.0,71268000000.0,-2285000000.0,-107471000000.0,233414000000.0,125943000000.0,,,,,,,,,,,,,,,,,,,,,,,,,29729000000.0,,,,,,,,,0
21,000001.SZ,20170811,20170811,20170630,2,1,2,12554000000.0,,,,,64907000000.0,,,,,,74390000000.0,,,,14796000000.0,186723000000.0,,8228000000.0,15871000000.0,138573000000.0,44062000000.0,,28227000000.0,,13960000000.0,314903000000.0,-128180000000.0,,346100000000.0,15915000000.0,4000000.0,,362019000000.0,413000000.0,420161000000.0,,,,420574000000.0,-58555000000.0,,531500000000.0,,531500000000.0,181419458617.332,449810000000.0,2715000000.0,,,452525000000.0,78975000000.0,-1352000000.0,-109112000000.0,233414000000.0,124302000000.0,,,,23716000000.0,479000000.0,345000000.0,240000000.0,,,4000000.0,,-2554000000.0,,-2834000000.0,,,-192914000000.0,42846000000.0,,-128180000000.0,,,,-109112000000.0,41069000000.0,,,,,3680000000.0,4495000000.0,120622000000.0,228919000000.0,1
22,000001.SZ,20170422,20170422,20170331,2,1,1,,,,,,5922000000.0,,,,,,35597000000.0,,6928000000.0,,13667000000.0,64339000000.0,,5435000000.0,2747000000.0,82251000000.0,24313000000.0,,13578000000.0,,25371000000.0,179347000000.0,-115008000000.0,,281512000000.0,8120000000.0,,,289632000000.0,125000000.0,336716000000.0,,,,336841000000.0,-47209000000.0,,305833000000.0,,305833000000.0,,255000000000.0,1517000000.0,,,256517000000.0,49316000000.0,-431000000.0,-113332000000.0,233414000000.0,120082000000.0,,,,,,,,,,,,,,,,,,,,,,,,,17176000000.0,,,,,,,,,0
23,000001.SZ,20170317,20170317,20161231,2,1,4,22599000000.0,,,,267773000000.0,15138000000.0,,,,,,130259000000.0,,40443000000.0,,6830000000.0,503200000000.0,,13762000000.0,13811000000.0,295878000000.0,46635000000.0,,48504000000.0,,65350000000.0,492211000000.0,10989000000.0,,1765550000000.0,27979000000.0,9000000.0,,1793538000000.0,2772000000.0,1893109000000.0,,,,1895881000000.0,-102343000000.0,,712790000000.0,,732790000000.0,90406328645.3984,669980000000.0,3550000000.0,,,673578000000.0,59212000000.0,4215000000.0,-27927000000.0,261341000000.0,233414000000.0,,,,46518000000.0,857000000.0,587000000.0,496000000.0,,,11000000.0,,2555000000.0,,-9213000000.0,,,-384091000000.0,350452000000.0,,10989000000.0,,,,-27927000000.0,8227000000.0,,,,,4495000000.0,4119000000.0,228919000000.0,257222000000.0,0
24,000001.SZ,20161021,20161021,20160930,2,1,3,,,,,113563000000.0,7553000000.0,,,,,,99405000000.0,,785000000.0,,7946000000.0,257972000000.0,,11060000000.0,11059000000.0,239188000000.0,59220000000.0,,37291000000.0,,27576000000.0,410914000000.0,-152942000000.0,,1626197000000.0,21757000000.0,,,1647954000000.0,906000000.0,1744210000000.0,,,,1745116000000.0,-97162000000.0,,609764000000.0,,629764000000.0,,503190000000.0,3558000000.0,,,506796000000.0,122968000000.0,1546000000.0,-125590000000.0,261341000000.0,135751000000.0,,,,,,,,,,,,,,,,,,,,,,,,,14475000000.0,,,,,,,,,0
25,000001.SZ,20160812,20160812,20160630,2,1,2,12292000000.0,,,,111455000000.0,38028000000.0,,,,,,66319000000.0,,,,2167000000.0,237589000000.0,,8384000000.0,9885000000.0,157709000000.0,16807000000.0,,25888000000.0,,27911000000.0,270787000000.0,-33198000000.0,,994034000000.0,14070000000.0,,,1008104000000.0,600000000.0,1131405000000.0,,,,1132005000000.0,-123901000000.0,,420453000000.0,,440453000000.0,88149043580.5373,329400000000.0,3550000000.0,,,332998000000.0,107455000000.0,1448000000.0,-48196000000.0,261341000000.0,213145000000.0,,,,20000000000.0,400000000.0,285000000.0,226000000.0,,,5000000.0,,6955000000.0,,-3053000000.0,,,-214420000000.0,154094000000.0,,-33198000000.0,,,,-48196000000.0,13461000000.0,,,,,3594000000.0,4119000000.0,209551000000.0,257222000000.0,0
26,000001.SZ,20160421,20160421,20160331,2,1,1,,,,,108325000000.0,,,,,,,32860000000.0,,,,614000000.0,159508000000.0,,5904000000.0,2689000000.0,53973000000.0,,,12471000000.0,,9194000000.0,100240000000.0,59268000000.0,,409509000000.0,7219000000.0,,,416728000000.0,236000000.0,511273000000.0,,,,511509000000.0,-94781000000.0,,167420000000.0,,187420000000.0,,134880000000.0,612000000.0,,,135540000000.0,51880000000.0,-171000000.0,16196000000.0,261341000000.0,277537000000.0,,,,,,,,,,,,,,,,,,,,,,,,,9124000000.0,,,,,,,,,0
27,000001.SZ,20160310,20160310,20151231,2,1,4,21865000000.0,,,,125000000000.0,235000000.0,,,,,,130849000000.0,,,,12317000000.0,361744000000.0,,12871000000.0,15106000000.0,216255000000.0,5472000000.0,,63320000000.0,,34000000000.0,363570000000.0,-1826000000.0,,732920000000.0,26588000000.0,,,759508000000.0,3534000000.0,852200000000.0,,,,855734000000.0,-96226000000.0,,370796000000.0,,380736000000.0,75025488317.271,203210000000.0,3349000000.0,,,206559000000.0,174177000000.0,1760000000.0,77885000000.0,183456000000.0,261341000000.0,,,,30485000000.0,731000000.0,623000000.0,423000000.0,,,9000000.0,,-71000000.0,,-2137000000.0,,,-148886000000.0,117113000000.0,,-1826000000.0,,,,77885000000.0,3136000000.0,,,,,4119000000.0,4159000000.0,257222000000.0,179297000000.0,0
28,000001.SZ,20151023,20151023,20150930,2,1,3,,,,,239398000000.0,803000000.0,,,,,,98793000000.0,,3295000000.0,,9944000000.0,423879000000.0,,9895000000.0,11737000000.0,200784000000.0,8179000000.0,,47404000000.0,,26335000000.0,331894000000.0,91985000000.0,,577505000000.0,21044000000.0,,,598549000000.0,2444000000.0,630866000000.0,,,,633310000000.0,-34761000000.0,,258096000000.0,,268036000000.0,,106230000000.0,3349000000.0,,,109579000000.0,158457000000.0,723000000.0,216404000000.0,183456000000.0,399860000000.0,,,,,,,,,,,,,,,,,,,,,,,,,4989000000.0,,,,,,,,,0
29,000001.SZ,20150814,20150814,20150630,2,1,2,11585000000.0,,,,310838000000.0,141000000.0,,,,,,65958000000.0,,4379000000.0,,3303000000.0,447434000000.0,,7434000000.0,8188000000.0,169959000000.0,,,33732000000.0,,21185000000.0,264912000000.0,182522000000.0,,254182000000.0,14475000000.0,,,268657000000.0,1692000000.0,316878000000.0,,,,318570000000.0,-49913000000.0,,123479000000.0,,133419000000.0,-150032473622.1246,58380000000.0,3349000000.0,,,61729000000.0,71690000000.0,-170000000.0,204129000000.0,183456000000.0,387585000000.0,,,,12923000000.0,339000000.0,306000000.0,187000000.0,,,1000000.0,,1626000000.0,,-2587000000.0,,,-127173000000.0,297748000000.0,,182522000000.0,,,,204129000000.0,939000000.0,,,,,4673000000.0,4159000000.0,382912000000.0,179297000000.0,0
30,000001.SZ,20150424,20150424,20150331,2,1,1,,,,,77043000000.0,1318000000.0,,,,,,31341000000.0,,182000000.0,,321000000.0,167092000000.0,,5135000000.0,2669000000.0,102500000000.0,,,17416000000.0,,21640000000.0,155597000000.0,11495000000.0,,122185000000.0,6843000000.0,,,129028000000.0,1251000000.0,150547000000.0,,,,151798000000.0,-22770000000.0,,55717000000.0,,55717000000.0,,20050000000.0,612000000.0,,,20662000000.0,35055000000.0,-198000000.0,23582000000.0,183456000000.0,207038000000.0,,,,,,,,,,,,,,,,,,,,,,,,,1656000000.0,,,,,,,,,0
31,000001.SZ,20150313,20150313,20141231,2,1,4,19802000000.0,,,,250529000000.0,453000000.0,,,,,,109205000000.0,,-5072000000.0,,4115000000.0,431794000000.0,,12175000000.0,12991000000.0,186583000000.0,70215000000.0,,58532000000.0,,49325000000.0,406473000000.0,25321000000.0,,391968000000.0,24351000000.0,7000000.0,,416326000000.0,3835000000.0,466974000000.0,,,,470809000000.0,-54483000000.0,,52005000000.0,3000000.0,52008000000.0,15934246163.2435,18800000000.0,2019000000.0,,,20819000000.0,31189000000.0,325000000.0,2352000000.0,181104000000.0,183456000000.0,,,,15011000000.0,634000000.0,631000000.0,332000000.0,,,1000000.0,,-649000000.0,,-2626000000.0,,,-228745000000.0,241762000000.0,,25321000000.0,,,,2352000000.0,,,,,,4159000000.0,3731000000.0,179297000000.0,177373000000.0,0
32,000001.SZ,20141024,20141024,20140930,2,1,3,,,,,209625000000.0,,,,,,,79897000000.0,,,,3979000000.0,333603000000.0,,9623000000.0,9827000000.0,151678000000.0,56954000000.0,,41838000000.0,,34444000000.0,338712000000.0,-5109000000.0,,358541000000.0,18173000000.0,7000000.0,,376721000000.0,2155000000.0,403221000000.0,,,,405376000000.0,-28655000000.0,,41743000000.0,3000000.0,41746000000.0,,4500000000.0,2019000000.0,,,6519000000.0,35227000000.0,292000000.0,1755000000.0,181104000000.0,182859000000.0,,,,,,,,,,,,,,,,,,,,,,,,,12330000000.0,,,,,,,,,0
33,000001.SZ,20140814,20140814,20140630,2,1,2,10072000000.0,,,,233360000000.0,,,,,,,51861000000.0,,,,2515000000.0,307937000000.0,,7106000000.0,6906000000.0,94509000000.0,51341000000.0,,28317000000.0,,30872000000.0,254513000000.0,53424000000.0,,221765000000.0,11537000000.0,6000000.0,,233308000000.0,1447000000.0,247075000000.0,,,,248522000000.0,-15214000000.0,,16483000000.0,,16483000000.0,-34047923769.5078,3000000000.0,2019000000.0,,,5019000000.0,11464000000.0,813000000.0,50487000000.0,181104000000.0,231591000000.0,,,,5652000000.0,307000000.0,282000000.0,146000000.0,,,1000000.0,,-366000000.0,,-485000000.0,,,-173781000000.0,221473000000.0,,53424000000.0,,,,50487000000.0,14988000000.0,,,,,3888000000.0,3731000000.0,227703000000.0,177373000000.0,0
34,000001.SZ,20140424,20140424,20140331,2,1,1,,,,,215591000000.0,,,,,,,24808000000.0,,,,1222000000.0,242068000000.0,,4932000000.0,2279000000.0,44288000000.0,57736000000.0,,14222000000.0,,23461000000.0,181971000000.0,60097000000.0,,112591000000.0,6053000000.0,,,118644000000.0,1231000000.0,109355000000.0,,,,110586000000.0,8058000000.0,,9000000000.0,,9000000000.0,,,,,,,9000000000.0,767000000.0,77922000000.0,181104000000.0,259026000000.0,,,,,,,,,,,,,,,,,,,,,,,,,5770000000.0,,,,,,,,,0
35,000001.SZ,20140307,20140307,20131231,2,1,4,15231000000.0,,,,292403000000.0,,,,,,,83017000000.0,,36695000000.0,,2066000000.0,415487000000.0,,9660000000.0,8652000000.0,129767000000.0,18272000000.0,,46687000000.0,,26088000000.0,323813000000.0,91674000000.0,,443713000000.0,17345000000.0,28000000.0,,461086000000.0,1750000000.0,546347000000.0,,,,548097000000.0,-87011000000.0,,,,14734000000.0,-65680996257.485,8000000000.0,1824000000.0,,,9824000000.0,4910000000.0,-536000000.0,9037000000.0,172067000000.0,181104000000.0,,,,6890000000.0,601000000.0,545000000.0,267000000.0,,,-10000000.0,,233000000.0,,-344000000.0,-1272000000.0,,-179718000000.0,265465000000.0,,91674000000.0,,,,9037000000.0,16435000000.0,,,,,3731000000.0,3233000000.0,177373000000.0,168834000000.0,0
36,000001.SZ,20131023,20131023,20130930,2,1,3,,,,,273422000000.0,,,,,,,60286000000.0,,36206000000.0,,1842000000.0,375380000000.0,,7380000000.0,6228000000.0,112839000000.0,24101000000.0,,33037000000.0,,14411000000.0,274557000000.0,100823000000.0,,287241000000.0,12611000000.0,29000000.0,,299881000000.0,448000000.0,395148000000.0,,,,395596000000.0,-95715000000.0,,,,,,6500000000.0,1744000000.0,,,8244000000.0,-8244000000.0,-452000000.0,-3588000000.0,172067000000.0,168479000000.0,,,,,,,,,,,,,,,,,,,,,,,,,18722000000.0,,,,,,,,,0
37,000001.SZ,20130823,20130823,20130630,2,1,2,7531000000.0,,,,197233000000.0,,,,,,,38604000000.0,,28677000000.0,,1950000000.0,319130000000.0,,5251000000.0,4035000000.0,66092000000.0,18007000000.0,,21106000000.0,,9604000000.0,290330000000.0,28800000000.0,,244287000000.0,8785000000.0,15000000.0,,253087000000.0,231000000.0,316802000000.0,,,,317033000000.0,-63946000000.0,,,,,-14890962043.2061,6500000000.0,1744000000.0,,,8244000000.0,-8244000000.0,-495000000.0,-43885000000.0,172067000000.0,128182000000.0,,,,2602000000.0,290000000.0,271000000.0,129000000.0,,,,,323000000.0,,-350000000.0,,,-196751000000.0,221601000000.0,,28800000000.0,,,,-43885000000.0,15775000000.0,,,,,3937000000.0,3233000000.0,124245000000.0,168834000000.0,0
38,000001.SZ,20130424,20130424,20130331,2,1,1,,,,,213492000000.0,,,,,,,17727000000.0,,18514000000.0,,2836000000.0,271972000000.0,,3583000000.0,1913000000.0,33843000000.0,10941000000.0,,9310000000.0,,1772000000.0,257853000000.0,14119000000.0,,167990000000.0,4880000000.0,,,172870000000.0,49000000.0,213208000000.0,,,,213257000000.0,-40387000000.0,,,,,,6500000000.0,373000000.0,,,6873000000.0,-6873000000.0,-147000000.0,-33288000000.0,172067000000.0,138779000000.0,,,,,,,,,,,,,,,,,,,,,,,,,17207000000.0,,,,,,,,,0
39,000001.SZ,20130308,20130308,20121231,2,1,4,13510780000.0,,,,369060887000.0,15011316000.0,,,,,,65517717000.0,,,,2347410000.0,571287430000.0,,7176205000.0,8113028000.0,78185575000.0,56984773000.0,,39563360000.0,,11709637000.0,385448969000.0,185838461000.0,,213202127000.0,11655515000.0,110779000.0,,224968421000.0,1422012000.0,300992437000.0,,,,305005429000.0,-80037008000.0,,,,,-161601673671.4137,,1488011000.0,,,1488011000.0,-1488011000.0,-152885000.0,104160557000.0,67906367000.0,172066924000.0,,,,3130607000.0,546347000.0,501503000.0,222466000.0,,,9219000.0,,85041000.0,,-347746000.0,-14680000.0,,-159240839000.0,336604424000.0,,185838461000.0,,,,104160557000.0,17212228000.0,,,,,3233358000.0,2235565000.0,168833566000.0,65670802000.0,0
40,000001.SZ,20121026,20121026,20120930,2,1,3,,,,,248889240000.0,24668709000.0,,,,,,48979107000.0,,,,2025731000.0,396749023000.0,,5527595000.0,6283474000.0,83028516000.0,50008135000.0,,29296296000.0,,11709302000.0,313966909000.0,82782114000.0,,139805549000.0,8062359000.0,,,147867908000.0,328143000.0,184130056000.0,,,,187033176000.0,-39165268000.0,,,,,,,889863000.0,,,889863000.0,-889863000.0,-11705000.0,42715278000.0,67906367000.0,110621645000.0,,,,,,,,,,,,,,,,,,,,,,,,,16784634000.0,,,,,,,,,0
41,000001.SZ,20120816,20120816,20120630,2,1,2,6869564000.0,,,,267049171000.0,25098681000.0,,,,,,32258776000.0,,,,1564553000.0,373450610000.0,,4024159000.0,4609946000.0,60889908000.0,48031445000.0,,19714553000.0,,6791921000.0,229420830000.0,144029780000.0,,95831205000.0,5235395000.0,,,101066600000.0,195653000.0,122715061000.0,,,,125208011000.0,-24141411000.0,,,,,-130971080769.8518,,883063000.0,,,883063000.0,-883063000.0,142670000.0,119147976000.0,67906367000.0,187054343000.0,,,,1570234000.0,266840000.0,220409000.0,103380000.0,,,,,9582000.0,,-74588000.0,8971000.0,,-87592350000.0,227010586000.0,,144029780000.0,,,,119147976000.0,18476713000.0,,,,,2268767000.0,2235565000.0,184785576000.0,65670802000.0,0
42,000001.SZ,20120426,20120426,20120331,2,1,1,,,,,157840965000.0,120493000.0,,,,,,15950610000.0,,,,560820000.0,192269320000.0,,2692805000.0,1586362000.0,29934127000.0,16001907000.0,,9097782000.0,,5068881000.0,115441504000.0,76827816000.0,,32667391000.0,2395847000.0,,,35063238000.0,45447000.0,48371275000.0,,,,48416722000.0,-13353484000.0,,,,,,,374563000.0,,,374563000.0,-374563000.0,35278000.0,63135047000.0,67906367000.0,131041414000.0,,,,,,,,,,,,,,,,,,,,,,,,,11795240000.0,,,,,,,,,0
43,000001.SZ,20120309,20120309,20111231,2,1,4,10390491000.0,,,,126046578000.0,,,,,,,40511111000.0,,17605091000.0,,4334376000.0,299272651000.0,,5287265000.0,5115777000.0,67003852000.0,46446640000.0,,22663033000.0,,6081952000.0,313712024000.0,-14439373000.0,,198003471000.0,6590988000.0,10030000.0,,235962674000.0,849801000.0,226275601000.0,,,,227125402000.0,8837272000.0,,3650000000.0,,6340052000.0,33777295201.8767,,562195000.0,,,562195000.0,5777857000.0,-417197000.0,-241441000.0,68147808000.0,67906367000.0,,,,2148574000.0,467599000.0,286890000.0,165949000.0,,,-2468000.0,,-21138000.0,,-768970000.0,26299000.0,,-235443537000.0,213713502000.0,,-14439373000.0,,,,-241441000.0,,,,,,2235565000.0,836549000.0,65670802000.0,67311259000.0,0
44,000001.SZ,20111026,20111026,20110930,2,1,3,,,,,115297560000.0,,,,,,,26767390000.0,,1367010000.0,,1981977000.0,223458858000.0,,3859678000.0,3655034000.0,55242688000.0,28075071000.0,,14005453000.0,,3105013000.0,205597225000.0,17861633000.0,,101881640000.0,3411571000.0,3437000.0,,105296648000.0,350971000.0,139217011000.0,,,,139567982000.0,-34271334000.0,,3650000000.0,,6340052000.0,,,473828000.0,,,473828000.0,5866224000.0,,-10543477000.0,84876253000.0,74332776000.0,,,,,,,,,,,,,,,,,,,,,,,,,,,,,,,,,,0
45,000001.SZ,20110818,20110818,20110630,2,1,2,4731746000.0,,,,108033842000.0,,,,,,,14272630000.0,,4183000.0,,1563077000.0,131271221000.0,,2510804000.0,2119850000.0,40384311000.0,15794044000.0,,7850360000.0,,2321358000.0,99697322000.0,31573899000.0,,44385598000.0,1657190000.0,1536000.0,,46044324000.0,95378000.0,67617881000.0,,,,67713259000.0,-21668935000.0,,3650000000.0,,3650000000.0,-22282622224.2846,,465075000.0,,,465075000.0,3184925000.0,,13089889000.0,68147808000.0,81237697000.0,,,,730678000.0,177752000.0,31196000.0,63294000.0,,,838000.0,,-22494000.0,,-80807000.0,8161000.0,,-85514145000.0,113262909000.0,,31573899000.0,,,,13089889000.0,864468000.0,,,,,1189116000.0,836549000.0,80048581000.0,67311259000.0,0
46,000001.SZ,20110427,20110427,20110331,2,1,1,,,,,77811980000.0,846892000.0,,,,,,6029637000.0,,,,1830528000.0,88939860000.0,,1708615000.0,808495000.0,14868515000.0,7680756000.0,,3607129000.0,,2825691000.0,67593310000.0,21346550000.0,,24850598000.0,367836000.0,83000.0,,25218517000.0,30673000.0,32969875000.0,,,,33000548000.0,-7782031000.0,,,,,,,372550000.0,,,372550000.0,-372550000.0,,13191969000.0,68147808000.0,81339777000.0,,,,,,,,,,,,,,,,,,,,,,,,,1635393000.0,,,,,,,,,0
47,000001.SZ,20110225,20110225,20101231,2,1,4,6283816000.0,,,,116507521000.0,2218199000.0,,,,,,21206937000.0,,,,3069659000.0,150974006000.0,,3747634000.0,2885964000.0,46575944000.0,18764827000.0,,8579821000.0,,3446806000.0,129227711000.0,21746295000.0,,110133550000.0,3275000000.0,9954000.0,,113418504000.0,837901000.0,127241139000.0,,,,128079040000.0,-14660536000.0,,,,6931130000.0,-9585073368.6693,,548862000.0,,,572564000.0,6358566000.0,,13444325000.0,54703483000.0,68147808000.0,,,,1488116000.0,322211000.0,52458000.0,117783000.0,,,-602000.0,,-18000000.0,,-329069000.0,9073000.0,,-110151738000.0,126727703000.0,,21746295000.0,,,,13444325000.0,2344137000.0,,,,,836549000.0,779169000.0,67311259000.0,53924314000.0,0
48,000001.SZ,20101028,20101028,20100930,2,1,3,,,,,70906428000.0,2099269000.0,,,,,,17653773000.0,,4132887000.0,,3029587000.0,98454683000.0,,2976298000.0,2264698000.0,39071261000.0,8777933000.0,,6198784000.0,,2703975000.0,87874891000.0,10579792000.0,,104400524000.0,2185050000.0,1248000.0,,106586822000.0,589407000.0,113462799000.0,,,,114052206000.0,-7465384000.0,,,,6907269000.0,,,464400000.0,,,487767000.0,6419502000.0,,9533910000.0,54703483000.0,64237393000.0,,,,,,,,,,,,,,,,,,,,,,,,,830632000.0,,,,,,,,,0
49,000001.SZ,20100825,20100825,20100630,2,1,2,3033119000.0,,,,25353343000.0,1203900000.0,-2304734000.0,,,,,11462392000.0,,,,1991992000.0,40523711000.0,,2153787000.0,1657694000.0,14287426000.0,4177478000.0,,4273571000.0,,1703204000.0,43557149000.0,-3033438000.0,,89107372000.0,1426558000.0,3465000.0,,90537395000.0,,92103381000.0,,,,92375789000.0,-1838394000.0,,6931130000.0,,6931130000.0,9666787127.8671,,459700000.0,,,459700000.0,6471430000.0,,1599598000.0,54703483000.0,56303081000.0,,,,493909000.0,151043000.0,24203000.0,54765000.0,,,-131000.0,,7646000.0,,-185309000.0,-9000.0,,-33451010000.0,27381856000.0,,-3033438000.0,,,,1599598000.0,,,,,,792996000.0,779169000.0,55510085000.0,53924314000.0,0
50,000001.SZ,20100429,20100429,20100331,2,1,1,,,,,29562150000.0,,1836116000.0,,,,,5525798000.0,,,,1514769000.0,39561183000.0,,1501590000.0,577282000.0,12519645000.0,,,2057478000.0,,1059854000.0,30951546000.0,8609637000.0,,53067191000.0,305625000.0,,,53372816000.0,104051000.0,60019631000.0,,,,60123682000.0,-6750866000.0,,,,,,,370025000.0,,,370025000.0,-370025000.0,,1488746000.0,54703483000.0,56192229000.0,,,,,,,,,,,,,,,,,,,,,,,,,,,,,,,,,,0
51,000001.SZ,20100312,20100312,20091231,2,1,4,5030729000.0,,,,132197813000.0,,1453727000.0,,,,,20713796000.0,,,,1459726000.0,157753458000.0,,2913635000.0,2602116000.0,76230806000.0,3562647000.0,,9019496000.0,,2625847000.0,125559847000.0,32193611000.0,,139269639000.0,2490274000.0,672000.0,,141760585000.0,985252000.0,156416547000.0,,,,157401799000.0,-15641214000.0,,1500000000.0,,1500000000.0,-21375401789.601,,463562000.0,,,473372000.0,1026628000.0,,17579025000.0,37124458000.0,54703483000.0,,,,1575088000.0,264134000.0,36032000.0,91732000.0,,,-289000.0,,1332000.0,,228882000.0,-10972000.0,,-80106599000.0,107173843000.0,,32193611000.0,,,,17579025000.0,,,,,,779169000.0,981859000.0,53924314000.0,36142599000.0,0
52,000001.SZ,20091029,20091029,20090930,2,1,3,,,,,97903539000.0,,,,,,,15494567000.0,,1190072000.0,,1601363000.0,121731317000.0,,2271618000.0,2384839000.0,76894112000.0,4326230000.0,,7368487000.0,,5261030000.0,121989150000.0,-257833000.0,,110377080000.0,1907322000.0,834000.0,,112285236000.0,685877000.0,105681285000.0,,,,106367162000.0,5918074000.0,,1500000000.0,,1500000000.0,,,378378000.0,,,388016000.0,1111984000.0,,6772225000.0,37124458000.0,43896683000.0,,,,,,,,,,,,,,,,,,,,,,,,,314135000.0,,,,,,,,,0
53,000001.SZ,20090821,20090821,20090630,2,1,2,2311388000.0,,,,62774902000.0,,6895126000.0,,,,,10513966000.0,,,,451324000.0,84246070000.0,,1623034000.0,1509784000.0,58662529000.0,4234989000.0,,5028568000.0,,3756424000.0,80401202000.0,3844868000.0,,37901135000.0,863398000.0,252000.0,,38764785000.0,252431000.0,36809587000.0,,,,37062018000.0,1702767000.0,,1500000000.0,,1500000000.0,1800261574.3393,,376824000.0,,,386462000.0,1113538000.0,,6661173000.0,37124458000.0,43785631000.0,,,,1104032000.0,129313000.0,15735000.0,42796000.0,,,-81000.0,,41009000.0,,163133000.0,-8815000.0,,-62523036000.0,63834395000.0,,3844868000.0,,,,6661173000.0,,,,,,793142000.0,981859000.0,42992489000.0,36142599000.0,0
54,000001.SZ,20090424,20090424,20090331,2,1,1,,,,,42120909000.0,,,,,,,5461874000.0,,12171590000.0,,1244546000.0,63257285000.0,,1026817000.0,802300000.0,35855797000.0,11149037000.0,,3075460000.0,,511976000.0,60550896000.0,2706389000.0,,21429050000.0,331725000.0,13945000.0,,21774718000.0,84932000.0,24203652000.0,,,,24288584000.0,-2513866000.0,,,,,,,254193000.0,,,254193000.0,-254194000.0,,-61670000.0,37124458000.0,37062788000.0,,,,,,,,,,,,,,,,,,,,,,,,,600053000.0,,,,,,,,,0
55,000001.SZ,20090320,20090320,20081231,2,1,4,614035000.0,,,,82911325000.0,,,,,,,24691230000.0,,5080000000.0,,2076226000.0,137207314000.0,,2363094000.0,1821485000.0,74220352000.0,14782982000.0,,12813497000.0,,4124587000.0,112864703000.0,24342611000.0,,104701106000.0,1509948000.0,42977000.0,,106315031000.0,838003000.0,133691351000.0,,,,134529354000.0,-28214323000.0,,8000000000.0,,10602335000.0,-13904527283.8752,,101712000.0,,,161580000.0,10440755000.0,,6569043000.0,30555415000.0,37124458000.0,,,,7334162000.0,211925000.0,20852000.0,78108000.0,,,158000.0,,-65800000.0,,-830289000.0,-8781000.0,,-90547887000.0,110229494000.0,,24342611000.0,,,,6569043000.0,2090056000.0,,,,,981859000.0,1062241000.0,36142599000.0,29493174000.0,0
56,000001.SZ,20081024,20081024,20080930,2,1,3,,,,,76032426000.0,,,,,,,18121301000.0,,779829000.0,,9371762000.0,104305318000.0,,1811937000.0,1341795000.0,39249900000.0,8174995000.0,,9214601000.0,,4127044000.0,64759650000.0,39545668000.0,,100064881000.0,1439190000.0,18242000.0,,101522313000.0,477701000.0,131188175000.0,,,,131665876000.0,-30143563000.0,,6480500000.0,,8285956000.0,,,14715000.0,,,23915000.0,8262041000.0,,17664146000.0,30555414000.0,48219560000.0,,,,,,,,,,,,,,,,,,,,,,,,,839378000.0,,,,,,,,,0
57,000001.SZ,20080821,20080821,20080630,2,1,2,2143834000.0,,,,81895709000.0,,,,,,,12538797000.0,,,,2079127000.0,96513633000.0,,1267674000.0,955983000.0,26287334000.0,14124666000.0,,6027916000.0,,2721410000.0,87226660000.0,9286973000.0,,47938383000.0,356635000.0,12873000.0,,48307891000.0,98633000.0,62418139000.0,,,,62516772000.0,-14208881000.0,,6480500000.0,,7754760000.0,-3186718480.6417,,7375000.0,,,16575000.0,7738185000.0,,2816277000.0,30555415000.0,33371692000.0,,,,1213799000.0,103418000.0,10135000.0,37584000.0,,,-1408000.0,,-57504000.0,,325197000.0,111441000.0,,-72341146000.0,78656741000.0,,9286973000.0,,,,2816277000.0,6726785000.0,,,,,1133616000.0,1062241000.0,32238076000.0,29493174000.0,0
58,000001.SZ,20080424,20080424,20080331,2,1,1,,,,,48739996000.0,,,,,,,5940196000.0,,1497386000.0,,1160626000.0,57338204000.0,,880316000.0,594116000.0,12448009000.0,2835249000.0,,3054450000.0,,30778356000.0,53512113000.0,3826091000.0,,5570315000.0,170512000.0,1804000.0,,5742630000.0,48682000.0,11761472000.0,,,,11810154000.0,-6067524000.0,,6480500000.0,,6480500000.0,,,,,,,6480500000.0,,4239067000.0,30555414000.0,34794482000.0,,,,,,,,,,,,,,,,,,,,,,,,,2921617000.0,,,,,,,,,0
59,000001.SZ,20080320,20080320,20071231,2,1,4,2649903000.0,,,,64390171000.0,,,,,,,16685740000.0,,2640297000.0,,16942981000.0,100659189000.0,,1819547000.0,1784754000.0,42083860000.0,15582324000.0,,7799556000.0,,13731002000.0,83607613000.0,17051576000.0,,111371414000.0,680642000.0,128240000.0,,112180296000.0,372198000.0,123539875000.0,,,,123912073000.0,-11731777000.0,,,,3136366000.0,-10309486222.6,,20858000.0,,,33978000.0,3102388000.0,,8422187000.0,22133228000.0,30555415000.0,,,,2053759000.0,206652000.0,14275000.0,,,,-14700000.0,,-82171000.0,,-118764000.0,,,-71287210000.0,85503209000.0,,17051576000.0,,,,8422187000.0,806570000.0,,,,,1062241000.0,909080000.0,29493174000.0,21224148000.0,0
60,000001.SZ,20071023,20071023,20070930,2,1,3,,,,,64518628000.0,,-687773000.0,,,,,11369467000.0,,,,608187000.0,85063360000.0,,1292840000.0,1423209000.0,32969112000.0,9984175000.0,,4811096000.0,,1206172000.0,64479122000.0,20584238000.0,,874320000.0,72225833000.0,262909000.0,,73363062000.0,636772000.0,82205472000.0,,,,82842244000.0,-9479182000.0,,,,,,,12666000.0,,,12666000.0,-12666000.0,,11092390000.0,22133228000.0,33225618000.0,,,,,,,,,,,,,,,,,,,,,,,,,,,,,,,,,,0
61,000001.SZ,20070816,20070816,20070630,2,1,2,1123983000.0,,,,41624613000.0,86410000.0,2175380000.0,,,,,7003993000.0,,,,6632956000.0,57523352000.0,,922537000.0,916784000.0,25957186000.0,6330303000.0,,2802006000.0,,6707986000.0,44352643000.0,13170709000.0,16887000.0,56600449000.0,546532000.0,,,57163868000.0,97045000.0,59640013000.0,,,,59737058000.0,-2573190000.0,,,,,,,12641000.0,,,12641000.0,-12641000.0,,10584878000.0,22133228000.0,32718106000.0,,,,997486000.0,102701000.0,6146000.0,37285000.0,,,294000.0,,-12993000.0,-605002000.0,124332000.0,-55424000.0,,-39922602000.0,51360285000.0,,13170709000.0,,,,10584878000.0,,,,,,843813000.0,909080000.0,31874293000.0,21224148000.0,0
62,000001.SZ,20070426,20070426,20070331,2,1,1,,,,,20174905438.0,,-3736559069.0,,,,,3146182788.0,,,,2051422699.0,28463521694.0,,609183431.0,344862458.0,,3638746675.0,,1302906721.0,,910002085.0,24744158163.0,3719363531.0,,,,67299343.0,,26756639637.0,746270777.0,,,,,30429154703.0,-3672515066.0,,,,,,,,,,,,,46848465.0,18007515178.0,18054363643.0,,,,,,,,,,,,,,,,,,,,,,,,,,,,,,,,,,0
63,000001.SZ,20070322,20070322,20061231,2,1,4,1302906538.0,,,,36990536215.0,,,,,,,10347634060.0,,,,1009763098.0,49486555629.0,,1230566326.0,,,2675420079.0,,4947326395.0,,1790981998.0,42076170162.0,7410385467.0,,,,363958757.0,,51122287512.0,249983343.0,,,,,59971830643.0,-8849543131.0,,,,,,,,,,1227269.0,-1227269.0,,-1440384933.0,19447900111.0,18007515178.0,,,,796414700.0,281505445.0,33567623.0,25047600.0,,,-59927542.0,,4928960.0,-990846089.0,-1754653.0,-14787193.0,,-30537740591.0,36296128942.0,2900107.0,7138343847.0,,,,-1440384933.0,,,,,,13562690187.0,12216444922.0,4444824991.0,7231455189.0,0
64,000001.SZ,20061026,20061026,20060930,2,1,3,890295600.0,,,,21286905936.0,,18100000.0,,,,,7505272627.0,,,,1961729817.0,30843816454.0,,872332851.0,,19951477987.0,468502436.0,,3619684245.0,,1785412929.0,24590291550.0,6253524904.0,,,,304908947.0,,1589355817.0,63568691.0,,,-150647074.0,,9950768082.0,-8361412265.0,,,,,,,,,,,,-26724697.0,-2134612059.0,,,,,,993140436.0,220597733.0,15167126.0,13239923.0,-17840462.0,32942923.0,-56611288.0,,-2694666.0,-690617600.0,,,,-17477510382.0,22774258863.0,,6166819501.0,,,,-2134612059.0,,,,,,966632136.0,787992420.0,16346655915.0,18659907691.0,0
65,000001.SZ,20060818,20060818,20060630,2,1,2,463620662.0,,,,8315270823.0,,,,,,,,,,11457949551.0,460741562.0,24868216376.0,,578681801.0,743273370.0,20067436012.0,-888520386.0,,2265119795.0,,800911967.0,22137061056.0,2731155320.0,,,,310489258.0,,1330712266.0,97693239.0,,,202232434.0,,9101454139.0,-7770741873.0,,,,,,,,,,,,-12976354.0,-5052562907.0,,,,,,677501998.0,147732776.0,11377294.0,8836939.0,-7494400.0,43698540.0,-56377178.0,,23961186.0,-457083994.0,,,,-17733982445.0,19827339324.0,,2731155320.0,,,,-5052562907.0,,,,,,689122845.0,787992420.0,13706214359.0,18659907691.0,0
66,000001.SZ,20060426,20060426,20060331,2,1,1,,,,,,,,,,,,,,,,548213516.0,14478102142.0,,303665114.0,170203488.0,,,,,,345676512.0,814771454.0,13663330688.0,,20945528525.0,,,,21119158169.0,36254981.0,33927761555.0,,,,33964016536.0,-12844858367.0,,,,,,,,,,,,558861.0,816744493.0,,,,,,340048349.0,73781883.0,7078981.0,3866441.0,-19028651.0,26619935.0,,,,-176305078.0,,,,3131069748.0,10065083841.0,726211.0,13663330688.0,,,,816744493.0,,,,,,810060219.0,787992420.0,19454584385.0,18659907691.0,0
67,000001.SZ,20070322,20060401,20051231,2,1,4,311007640.0,,,,36751114382.0,,,,,,,7969827169.0,,,,1696155290.0,49086390515.0,,1041394078.0,848520132.0,30705648933.0,2295155563.0,,3662638046.0,,1767326761.0,53371975001.0,-4285584486.0,,,,,,9642694577.0,872695516.0,,,,,1495631102.0,8147063475.0,,,,,,,,,,130588.0,-130588.0,-42557713.0,3818790688.0,15629109423.0,19447900111.0,,,,1197373262.0,330349604.0,31581081.0,19617202.0,,,,,-2318989.0,-895500992.0,-248591480.0,36827113.0,,-30814526035.0,25708794527.0,39802581.0,-4285584486.0,,,,3818790688.0,,,,,,12216444922.0,9526450136.0,7231455189.0,6102659287.0,0
