,ts_code,trade_date,price,percent
0,000001.SZ,20221118,3.06,0.1
1,000001.SZ,20221118,20.06,0.56
2,000001.SZ,20221118,22.06,0.5
3,000001.SZ,20221118,15.31,0.82
4,000001.SZ,20221118,21.56,0.49
5,000001.SZ,20221118,14.31,2.01
6,000001.SZ,20221118,4.81,0.11
7,000001.SZ,20221118,7.06,0.25
8,000001.SZ,20221118,8.06,0.34
9,000001.SZ,20221118,6.81,0.25
10,000001.SZ,20221118,19.81,0.58
11,000001.SZ,20221118,5.31,0.17
12,000001.SZ,20221118,16.06,1.03
13,000001.SZ,20221118,0.81,0.04
14,000001.SZ,20221118,10.31,2.3
15,000001.SZ,20221118,7.31,0.26
16,000001.SZ,20221118,3.56,0.1
17,000001.SZ,20221118,1.06,0.07
18,000001.SZ,20221118,0.31,0.04
19,000001.SZ,20221118,24.31,0.44
20,000001.SZ,20221118,11.81,6.53
21,000001.SZ,20221118,2.56,0.1
22,000001.SZ,20221118,14.81,1.03
23,000001.SZ,20221118,23.81,0.48
24,000001.SZ,20221118,15.56,1.03
25,000001.SZ,20221118,25.31,0.0
26,000001.SZ,20221118,14.06,2.13
27,000001.SZ,20221118,19.31,0.65
28,000001.SZ,20221118,12.31,7.02
29,000001.SZ,20221118,0.56,0.04
30,000001.SZ,20221118,6.31,0.25
31,000001.SZ,20221118,2.31,0.09
32,000001.SZ,20221118,9.06,0.35
33,000001.SZ,20221118,19.56,0.62
34,000001.SZ,20221118,22.31,0.52
35,000001.SZ,20221118,5.81,0.23
36,000001.SZ,20221118,22.56,0.52
37,000001.SZ,20221118,13.31,0.81
38,000001.SZ,20221118,17.06,0.89
39,000001.SZ,20221118,10.81,4.26
40,000001.SZ,20221118,23.56,0.48
41,000001.SZ,20221118,8.56,0.36
42,000001.SZ,20221118,6.06,0.24
43,000001.SZ,20221118,1.31,0.09
44,000001.SZ,20221118,17.31,0.88
45,000001.SZ,20221118,5.06,0.13
46,000001.SZ,20221118,7.81,0.33
47,000001.SZ,20221118,19.06,0.71
48,000001.SZ,20221118,12.81,3.93
49,000001.SZ,20221118,12.06,6.89
50,000001.SZ,20221118,2.06,0.09
51,000001.SZ,20221118,3.31,0.1
52,000001.SZ,20221118,11.56,4.08
53,000001.SZ,20221118,1.81,0.09
54,000001.SZ,20221118,15.06,0.78
55,000001.SZ,20221118,13.06,1.71
56,000001.SZ,20221118,20.81,0.52
57,000001.SZ,20221118,20.31,0.51
58,000001.SZ,20221118,4.06,0.11
59,000001.SZ,20221118,9.56,0.4
60,000001.SZ,20221118,21.31,0.5
61,000001.SZ,20221118,3.81,0.11
62,000001.SZ,20221118,18.56,0.62
63,000001.SZ,20221118,4.31,0.11
64,000001.SZ,20221118,9.31,0.36
65,000001.SZ,20221118,13.81,1.71
66,000001.SZ,20221118,10.06,0.5
67,000001.SZ,20221118,22.81,0.5
68,000001.SZ,20221118,10.56,6.52
69,000001.SZ,20221118,16.81,0.88
70,000001.SZ,20221118,25.06,0.0
71,000001.SZ,20221118,18.06,0.75
72,000001.SZ,20221118,4.56,0.11
73,000001.SZ,20221118,21.81,0.5
74,000001.SZ,20221118,18.31,0.68
75,000001.SZ,20221118,17.81,0.75
76,000001.SZ,20221118,7.56,0.29
77,000001.SZ,20221118,11.06,2.89
78,000001.SZ,20221118,8.31,0.36
79,000001.SZ,20221118,13.56,0.97
80,000001.SZ,20221118,15.81,0.92
81,000001.SZ,20221118,8.81,0.36
82,000001.SZ,20221118,1.56,0.09
83,000001.SZ,20221118,23.31,0.49
84,000001.SZ,20221118,16.31,0.81
85,000001.SZ,20221118,12.56,6.56
86,000001.SZ,20221118,21.06,0.52
87,000001.SZ,20221118,5.56,0.2
88,000001.SZ,20221118,18.81,0.62
89,000001.SZ,20221118,24.81,0.05
90,000001.SZ,20221118,14.56,1.73
91,000001.SZ,20221118,6.56,0.25
92,000001.SZ,20221118,9.81,0.4
93,000001.SZ,20221118,23.06,0.49
94,000001.SZ,20221118,17.56,0.86
95,000001.SZ,20221118,24.56,0.34
96,000001.SZ,20221118,2.81,0.1
97,000001.SZ,20221118,16.56,0.81
98,000001.SZ,20221118,24.06,0.45
99,000001.SZ,20221118,20.56,0.52
100,000001.SZ,20221118,11.31,3.97
101,000001.SZ,20221117,8.81,0.36
102,000001.SZ,20221117,12.56,6.6
103,000001.SZ,20221117,21.06,0.52
104,000001.SZ,20221117,14.06,2.14
105,000001.SZ,20221117,4.06,0.11
106,000001.SZ,20221117,17.06,0.89
107,000001.SZ,20221117,23.81,0.48
108,000001.SZ,20221117,24.81,0.05
109,000001.SZ,20221117,19.31,0.65
110,000001.SZ,20221117,3.06,0.1
111,000001.SZ,20221117,9.06,0.35
112,000001.SZ,20221117,3.56,0.1
113,000001.SZ,20221117,11.06,2.91
114,000001.SZ,20221117,6.31,0.25
115,000001.SZ,20221117,9.81,0.4
116,000001.SZ,20221117,17.56,0.86
117,000001.SZ,20221117,25.31,0.0
118,000001.SZ,20221117,14.56,1.74
119,000001.SZ,20221117,7.56,0.29
120,000001.SZ,20221117,23.31,0.49
121,000001.SZ,20221117,17.31,0.88
122,000001.SZ,20221117,15.56,1.03
123,000001.SZ,20221117,0.56,0.04
124,000001.SZ,20221117,13.31,0.81
125,000001.SZ,20221117,13.06,1.72
126,000001.SZ,20221117,16.06,1.03
127,000001.SZ,20221117,2.56,0.1
128,000001.SZ,20221117,1.31,0.09
129,000001.SZ,20221117,12.06,6.94
130,000001.SZ,20221117,19.81,0.58
131,000001.SZ,20221117,15.81,0.92
132,000001.SZ,20221117,18.06,0.75
133,000001.SZ,20221117,20.81,0.52
134,000001.SZ,20221117,11.81,6.46
135,000001.SZ,20221117,10.31,2.32
136,000001.SZ,20221117,22.81,0.5
137,000001.SZ,20221117,13.56,0.97
138,000001.SZ,20221117,12.81,3.96
139,000001.SZ,20221117,16.31,0.81
140,000001.SZ,20221117,12.31,7.07
141,000001.SZ,20221117,0.81,0.04
142,000001.SZ,20221117,20.31,0.51
143,000001.SZ,20221117,24.56,0.34
144,000001.SZ,20221117,20.56,0.52
145,000001.SZ,20221117,22.31,0.52
146,000001.SZ,20221117,13.81,1.72
147,000001.SZ,20221117,5.06,0.13
148,000001.SZ,20221117,11.31,4.0
149,000001.SZ,20221117,4.81,0.11
150,000001.SZ,20221117,10.56,6.56
151,000001.SZ,20221117,15.06,0.78
152,000001.SZ,20221117,2.31,0.09
153,000001.SZ,20221117,15.31,0.82
154,000001.SZ,20221117,2.81,0.1
155,000001.SZ,20221117,11.56,3.77
156,000001.SZ,20221117,4.56,0.11
157,000001.SZ,20221117,24.31,0.44
158,000001.SZ,20221117,7.06,0.25
159,000001.SZ,20221117,7.31,0.26
160,000001.SZ,20221117,22.06,0.5
161,000001.SZ,20221117,16.56,0.81
162,000001.SZ,20221117,1.06,0.07
163,000001.SZ,20221117,5.31,0.17
164,000001.SZ,20221117,25.06,0.0
165,000001.SZ,20221117,6.56,0.25
166,000001.SZ,20221117,16.81,0.88
167,000001.SZ,20221117,8.31,0.36
168,000001.SZ,20221117,1.81,0.09
169,000001.SZ,20221117,23.06,0.49
170,000001.SZ,20221117,18.31,0.68
171,000001.SZ,20221117,10.06,0.5
172,000001.SZ,20221117,3.31,0.1
173,000001.SZ,20221117,21.81,0.5
174,000001.SZ,20221117,8.06,0.34
175,000001.SZ,20221117,14.31,2.02
176,000001.SZ,20221117,10.81,4.29
177,000001.SZ,20221117,24.06,0.45
178,000001.SZ,20221117,8.56,0.36
179,000001.SZ,20221117,20.06,0.56
180,000001.SZ,20221117,22.56,0.52
181,000001.SZ,20221117,7.81,0.33
182,000001.SZ,20221117,5.81,0.23
183,000001.SZ,20221117,6.06,0.24
184,000001.SZ,20221117,0.31,0.04
185,000001.SZ,20221117,18.81,0.62
186,000001.SZ,20221117,14.81,1.03
187,000001.SZ,20221117,21.56,0.49
188,000001.SZ,20221117,6.81,0.25
189,000001.SZ,20221117,9.31,0.36
190,000001.SZ,20221117,19.56,0.62
191,000001.SZ,20221117,18.56,0.62
192,000001.SZ,20221117,17.81,0.75
193,000001.SZ,20221117,19.06,0.71
194,000001.SZ,20221117,1.56,0.09
195,000001.SZ,20221117,3.81,0.11
196,000001.SZ,20221117,2.06,0.09
197,000001.SZ,20221117,9.56,0.4
198,000001.SZ,20221117,5.56,0.2
199,000001.SZ,20221117,4.31,0.11
200,000001.SZ,20221117,23.56,0.48
201,000001.SZ,20221117,21.31,0.5
202,000001.SZ,20221116,8.31,0.36
203,000001.SZ,20221116,4.06,0.11
204,000001.SZ,20221116,4.31,0.11
205,000001.SZ,20221116,2.06,0.09
206,000001.SZ,20221116,20.56,0.52
207,000001.SZ,20221116,6.81,0.25
208,000001.SZ,20221116,23.56,0.48
209,000001.SZ,20221116,22.56,0.52
210,000001.SZ,20221116,22.06,0.5
211,000001.SZ,20221116,21.31,0.5
212,000001.SZ,20221116,20.81,0.52
213,000001.SZ,20221116,23.81,0.48
214,000001.SZ,20221116,23.06,0.49
215,000001.SZ,20221116,7.06,0.25
216,000001.SZ,20221116,7.31,0.26
217,000001.SZ,20221116,17.56,0.86
218,000001.SZ,20221116,22.31,0.52
219,000001.SZ,20221116,17.06,0.91
220,000001.SZ,20221116,8.56,0.36
221,000001.SZ,20221116,7.81,0.33
222,000001.SZ,20221116,15.81,0.94
223,000001.SZ,20221116,20.06,0.56
224,000001.SZ,20221116,3.06,0.1
225,000001.SZ,20221116,6.56,0.25
226,000001.SZ,20221116,6.31,0.25
227,000001.SZ,20221116,25.06,0.0
228,000001.SZ,20221116,14.56,1.76
229,000001.SZ,20221116,4.81,0.11
230,000001.SZ,20221116,21.06,0.52
231,000001.SZ,20221116,1.56,0.09
232,000001.SZ,20221116,11.31,4.06
233,000001.SZ,20221116,15.06,0.78
234,000001.SZ,20221116,1.31,0.09
235,000001.SZ,20221116,12.31,7.19
236,000001.SZ,20221116,19.56,0.62
237,000001.SZ,20221116,9.56,0.4
238,000001.SZ,20221116,10.81,4.35
239,000001.SZ,20221116,3.56,0.1
240,000001.SZ,20221116,19.81,0.58
241,000001.SZ,20221116,2.31,0.09
242,000001.SZ,20221116,19.31,0.65
243,000001.SZ,20221116,24.06,0.45
244,000001.SZ,20221116,5.06,0.13
245,000001.SZ,20221116,13.06,1.74
246,000001.SZ,20221116,21.56,0.49
247,000001.SZ,20221116,16.56,0.81
248,000001.SZ,20221116,9.31,0.36
249,000001.SZ,20221116,13.81,1.74
250,000001.SZ,20221116,11.56,3.33
251,000001.SZ,20221116,10.06,0.5
252,000001.SZ,20221116,1.81,0.09
253,000001.SZ,20221116,12.81,4.02
254,000001.SZ,20221116,11.81,5.99
255,000001.SZ,20221116,13.31,0.81
256,000001.SZ,20221116,7.56,0.29
257,000001.SZ,20221116,5.81,0.23
258,000001.SZ,20221116,22.81,0.5
259,000001.SZ,20221116,12.56,6.72
260,000001.SZ,20221116,16.06,1.05
261,000001.SZ,20221116,9.06,0.35
262,000001.SZ,20221116,10.31,2.36
263,000001.SZ,20221116,14.81,1.05
264,000001.SZ,20221116,23.31,0.49
265,000001.SZ,20221116,2.56,0.1
266,000001.SZ,20221116,20.31,0.51
267,000001.SZ,20221116,6.06,0.24
268,000001.SZ,20221116,5.56,0.2
269,000001.SZ,20221116,8.06,0.34
270,000001.SZ,20221116,9.81,0.4
271,000001.SZ,20221116,11.06,2.97
272,000001.SZ,20221116,12.06,6.98
273,000001.SZ,20221116,14.06,2.18
274,000001.SZ,20221116,16.31,0.81
275,000001.SZ,20221116,18.06,0.75
276,000001.SZ,20221116,17.81,0.75
277,000001.SZ,20221116,16.81,0.88
278,000001.SZ,20221116,25.31,0.0
279,000001.SZ,20221116,10.56,6.68
280,000001.SZ,20221116,5.31,0.17
281,000001.SZ,20221116,17.31,0.88
282,000001.SZ,20221116,18.81,0.62
283,000001.SZ,20221116,24.81,0.05
284,000001.SZ,20221116,24.56,0.34
285,000001.SZ,20221116,2.81,0.1
286,000001.SZ,20221116,8.81,0.36
287,000001.SZ,20221116,0.56,0.04
288,000001.SZ,20221116,19.06,0.71
289,000001.SZ,20221116,3.81,0.11
290,000001.SZ,20221116,0.81,0.04
291,000001.SZ,20221116,3.31,0.1
292,000001.SZ,20221116,0.31,0.04
293,000001.SZ,20221116,15.31,0.82
294,000001.SZ,20221116,1.06,0.07
295,000001.SZ,20221116,14.31,2.04
296,000001.SZ,20221116,18.56,0.62
297,000001.SZ,20221116,18.31,0.68
298,000001.SZ,20221116,13.56,0.99
299,000001.SZ,20221116,4.56,0.11
300,000001.SZ,20221116,15.56,1.05
301,000001.SZ,20221116,24.31,0.44
302,000001.SZ,20221116,21.81,0.5
303,000001.SZ,20221115,24.81,0.05
304,000001.SZ,20221115,0.31,0.04
305,000001.SZ,20221115,20.56,0.52
306,000001.SZ,20221115,21.31,0.5
307,000001.SZ,20221115,21.56,0.49
308,000001.SZ,20221115,22.81,0.5
309,000001.SZ,20221115,22.56,0.52
310,000001.SZ,20221115,13.56,1.01
311,000001.SZ,20221115,2.31,0.09
312,000001.SZ,20221115,15.06,0.8
313,000001.SZ,20221115,6.31,0.25
314,000001.SZ,20221115,17.56,0.88
315,000001.SZ,20221115,8.06,0.34
316,000001.SZ,20221115,0.81,0.04
317,000001.SZ,20221115,3.06,0.1
318,000001.SZ,20221115,2.06,0.09
319,000001.SZ,20221115,25.06,0.0
320,000001.SZ,20221115,4.81,0.11
321,000001.SZ,20221115,5.06,0.13
322,000001.SZ,20221115,6.56,0.25
323,000001.SZ,20221115,5.81,0.23
324,000001.SZ,20221115,24.56,0.34
325,000001.SZ,20221115,8.56,0.36
326,000001.SZ,20221115,24.06,0.45
327,000001.SZ,20221115,21.06,0.52
328,000001.SZ,20221115,13.06,1.76
329,000001.SZ,20221115,19.81,0.58
330,000001.SZ,20221115,12.31,7.31
331,000001.SZ,20221115,14.31,2.06
332,000001.SZ,20221115,3.56,0.1
333,000001.SZ,20221115,15.56,1.07
334,000001.SZ,20221115,24.31,0.44
335,000001.SZ,20221115,16.81,0.9
336,000001.SZ,20221115,3.31,0.1
337,000001.SZ,20221115,1.06,0.07
338,000001.SZ,20221115,1.31,0.09
339,000001.SZ,20221115,2.56,0.1
340,000001.SZ,20221115,0.56,0.04
341,000001.SZ,20221115,1.81,0.09
342,000001.SZ,20221115,1.56,0.09
343,000001.SZ,20221115,10.81,4.43
344,000001.SZ,20221115,4.06,0.11
345,000001.SZ,20221115,5.56,0.2
346,000001.SZ,20221115,7.06,0.25
347,000001.SZ,20221115,8.81,0.36
348,000001.SZ,20221115,10.06,0.5
349,000001.SZ,20221115,11.31,4.14
350,000001.SZ,20221115,9.81,0.4
351,000001.SZ,20221115,3.81,0.11
352,000001.SZ,20221115,15.31,0.84
353,000001.SZ,20221115,23.56,0.48
354,000001.SZ,20221115,18.06,0.76
355,000001.SZ,20221115,20.31,0.51
356,000001.SZ,20221115,23.06,0.49
357,000001.SZ,20221115,2.81,0.1
358,000001.SZ,20221115,16.56,0.83
359,000001.SZ,20221115,7.31,0.26
360,000001.SZ,20221115,20.81,0.52
361,000001.SZ,20221115,12.06,6.92
362,000001.SZ,20221115,9.06,0.35
363,000001.SZ,20221115,9.31,0.36
364,000001.SZ,20221115,11.06,3.02
365,000001.SZ,20221115,19.31,0.65
366,000001.SZ,20221115,10.31,2.4
367,000001.SZ,20221115,9.56,0.4
368,000001.SZ,20221115,7.56,0.29
369,000001.SZ,20221115,4.31,0.11
370,000001.SZ,20221115,10.56,6.78
371,000001.SZ,20221115,16.31,0.83
372,000001.SZ,20221115,13.81,1.76
373,000001.SZ,20221115,6.06,0.24
374,000001.SZ,20221115,12.56,6.83
375,000001.SZ,20221115,11.56,3.22
376,000001.SZ,20221115,8.31,0.36
377,000001.SZ,20221115,18.56,0.62
378,000001.SZ,20221115,4.56,0.11
379,000001.SZ,20221115,14.06,2.2
380,000001.SZ,20221115,19.56,0.62
381,000001.SZ,20221115,14.81,1.07
382,000001.SZ,20221115,6.81,0.25
383,000001.SZ,20221115,15.81,0.96
384,000001.SZ,20221115,21.81,0.5
385,000001.SZ,20221115,12.81,4.1
386,000001.SZ,20221115,20.06,0.56
387,000001.SZ,20221115,22.31,0.52
388,000001.SZ,20221115,18.81,0.62
389,000001.SZ,20221115,17.06,0.93
390,000001.SZ,20221115,25.31,0.0
391,000001.SZ,20221115,7.81,0.33
392,000001.SZ,20221115,11.81,5.09
393,000001.SZ,20221115,17.31,0.9
394,000001.SZ,20221115,16.06,1.07
395,000001.SZ,20221115,13.31,0.83
396,000001.SZ,20221115,14.56,1.78
397,000001.SZ,20221115,23.31,0.49
398,000001.SZ,20221115,18.31,0.68
399,000001.SZ,20221115,17.81,0.76
400,000001.SZ,20221115,5.31,0.17
401,000001.SZ,20221115,22.06,0.5
402,000001.SZ,20221115,23.81,0.48
403,000001.SZ,20221115,19.06,0.71
404,000001.SZ,20221114,21.56,0.49
405,000001.SZ,20221114,20.06,0.56
406,000001.SZ,20221114,20.31,0.51
407,000001.SZ,20221114,25.06,0.0
408,000001.SZ,20221114,22.56,0.52
409,000001.SZ,20221114,3.56,0.1
410,000001.SZ,20221114,23.31,0.49
411,000001.SZ,20221114,22.31,0.52
412,000001.SZ,20221114,5.81,0.23
413,000001.SZ,20221114,22.81,0.5
414,000001.SZ,20221114,17.56,0.9
415,000001.SZ,20221114,1.06,0.07
416,000001.SZ,20221114,17.81,0.78
417,000001.SZ,20221114,6.31,0.25
418,000001.SZ,20221114,8.31,0.36
419,000001.SZ,20221114,18.06,0.78
420,000001.SZ,20221114,2.81,0.1
421,000001.SZ,20221114,16.56,0.85
422,000001.SZ,20221114,23.81,0.48
423,000001.SZ,20221114,17.31,0.92
424,000001.SZ,20221114,23.06,0.49
425,000001.SZ,20221114,24.06,0.45
426,000001.SZ,20221114,21.31,0.5
427,000001.SZ,20221114,0.56,0.04
428,000001.SZ,20221114,22.06,0.5
429,000001.SZ,20221114,19.81,0.58
430,000001.SZ,20221114,6.06,0.24
431,000001.SZ,20221114,18.31,0.7
432,000001.SZ,20221114,1.31,0.09
433,000001.SZ,20221114,0.81,0.04
434,000001.SZ,20221114,2.06,0.09
435,000001.SZ,20221114,2.31,0.09
436,000001.SZ,20221114,2.56,0.1
437,000001.SZ,20221114,3.81,0.11
438,000001.SZ,20221114,5.31,0.17
439,000001.SZ,20221114,3.31,0.1
440,000001.SZ,20221114,4.81,0.11
441,000001.SZ,20221114,4.06,0.11
442,000001.SZ,20221114,5.56,0.2
443,000001.SZ,20221114,7.06,0.25
444,000001.SZ,20221114,4.31,0.11
445,000001.SZ,20221114,8.56,0.36
446,000001.SZ,20221114,5.06,0.13
447,000001.SZ,20221114,10.31,2.44
448,000001.SZ,20221114,11.56,3.28
449,000001.SZ,20221114,13.06,1.78
450,000001.SZ,20221114,4.56,0.11
451,000001.SZ,20221114,12.56,6.97
452,000001.SZ,20221114,9.56,0.4
453,000001.SZ,20221114,21.06,0.52
454,000001.SZ,20221114,14.06,2.24
455,000001.SZ,20221114,15.06,0.82
456,000001.SZ,20221114,16.06,1.09
457,000001.SZ,20221114,6.81,0.25
458,000001.SZ,20221114,16.31,0.85
459,000001.SZ,20221114,18.56,0.64
460,000001.SZ,20221114,18.81,0.64
461,000001.SZ,20221114,3.06,0.1
462,000001.SZ,20221114,7.81,0.33
463,000001.SZ,20221114,9.31,0.36
464,000001.SZ,20221114,7.31,0.26
465,000001.SZ,20221114,7.56,0.29
466,000001.SZ,20221114,24.56,0.34
467,000001.SZ,20221114,20.81,0.52
468,000001.SZ,20221114,8.81,0.36
469,000001.SZ,20221114,8.06,0.34
470,000001.SZ,20221114,13.56,1.03
471,000001.SZ,20221114,9.81,0.4
472,000001.SZ,20221114,20.56,0.52
473,000001.SZ,20221114,19.31,0.67
474,000001.SZ,20221114,9.06,0.35
475,000001.SZ,20221114,11.31,4.22
476,000001.SZ,20221114,10.56,6.92
477,000001.SZ,20221114,10.81,4.53
478,000001.SZ,20221114,12.06,6.23
479,000001.SZ,20221114,10.06,0.5
480,000001.SZ,20221114,24.81,0.05
481,000001.SZ,20221114,11.81,4.47
482,000001.SZ,20221114,6.56,0.25
483,000001.SZ,20221114,11.06,3.06
484,000001.SZ,20221114,13.31,0.85
485,000001.SZ,20221114,12.81,4.18
486,000001.SZ,20221114,12.31,7.35
487,000001.SZ,20221114,14.81,1.09
488,000001.SZ,20221114,14.31,2.1
489,000001.SZ,20221114,14.56,1.8
490,000001.SZ,20221114,17.06,0.95
491,000001.SZ,20221114,15.81,0.98
492,000001.SZ,20221114,16.81,0.92
493,000001.SZ,20221114,15.31,0.86
494,000001.SZ,20221114,15.56,1.09
495,000001.SZ,20221114,19.06,0.73
496,000001.SZ,20221114,1.81,0.09
497,000001.SZ,20221114,23.56,0.48
498,000001.SZ,20221114,21.81,0.5
499,000001.SZ,20221114,19.56,0.64
500,000001.SZ,20221114,24.31,0.44
501,000001.SZ,20221114,1.56,0.09
502,000001.SZ,20221114,25.31,0.0
503,000001.SZ,20221114,0.31,0.04
504,000001.SZ,20221114,13.81,1.78
505,000001.SZ,20221111,20.06,0.58
506,000001.SZ,20221111,16.56,0.89
507,000001.SZ,20221111,12.31,7.51
508,000001.SZ,20221111,20.31,0.53
509,000001.SZ,20221111,10.56,7.21
510,000001.SZ,20221111,8.31,0.38
511,000001.SZ,20221111,12.56,7.26
512,000001.SZ,20221111,25.06,0.0
513,000001.SZ,20221111,21.56,0.51
514,000001.SZ,20221111,16.81,0.96
515,000001.SZ,20221111,21.06,0.54
516,000001.SZ,20221111,11.31,4.4
517,000001.SZ,20221111,20.81,0.54
518,000001.SZ,20221111,20.56,0.54
519,000001.SZ,20221111,21.81,0.52
520,000001.SZ,20221111,25.31,0.0
521,000001.SZ,20221111,23.06,0.51
522,000001.SZ,20221111,22.06,0.52
523,000001.SZ,20221111,22.56,0.54
524,000001.SZ,20221111,22.31,0.54
525,000001.SZ,20221111,13.31,0.89
526,000001.SZ,20221111,23.56,0.5
527,000001.SZ,20221111,23.31,0.51
528,000001.SZ,20221111,24.06,0.47
529,000001.SZ,20221111,15.06,0.86
530,000001.SZ,20221111,15.56,1.13
531,000001.SZ,20221111,23.81,0.5
532,000001.SZ,20221111,11.06,3.18
533,000001.SZ,20221111,10.31,2.54
534,000001.SZ,20221111,1.81,0.09
535,000001.SZ,20221111,19.81,0.6
536,000001.SZ,20221111,1.06,0.07
537,000001.SZ,20221111,9.81,0.42
538,000001.SZ,20221111,0.81,0.04
539,000001.SZ,20221111,0.56,0.04
540,000001.SZ,20221111,2.81,0.1
541,000001.SZ,20221111,2.56,0.1
542,000001.SZ,20221111,2.06,0.09
543,000001.SZ,20221111,3.06,0.1
544,000001.SZ,20221111,17.81,0.82
545,000001.SZ,20221111,4.81,0.11
546,000001.SZ,20221111,4.56,0.11
547,000001.SZ,20221111,9.56,0.42
548,000001.SZ,20221111,6.31,0.25
549,000001.SZ,20221111,7.81,0.35
550,000001.SZ,20221111,9.06,0.37
551,000001.SZ,20221111,8.81,0.38
552,000001.SZ,20221111,8.56,0.38
553,000001.SZ,20221111,19.56,0.66
554,000001.SZ,20221111,12.81,4.36
555,000001.SZ,20221111,10.81,4.71
556,000001.SZ,20221111,24.81,0.05
557,000001.SZ,20221111,11.81,2.43
558,000001.SZ,20221111,11.56,3.08
559,000001.SZ,20221111,13.06,1.86
560,000001.SZ,20221111,13.56,1.07
561,000001.SZ,20221111,13.81,1.86
562,000001.SZ,20221111,14.81,1.13
563,000001.SZ,20221111,16.31,0.89
564,000001.SZ,20221111,16.06,1.13
565,000001.SZ,20221111,15.81,1.02
566,000001.SZ,20221111,18.81,0.66
567,000001.SZ,20221111,17.31,0.96
568,000001.SZ,20221111,21.31,0.52
569,000001.SZ,20221111,18.56,0.66
570,000001.SZ,20221111,17.56,0.94
571,000001.SZ,20221111,12.06,5.13
572,000001.SZ,20221111,24.56,0.36
573,000001.SZ,20221111,14.31,2.18
574,000001.SZ,20221111,15.31,0.9
575,000001.SZ,20221111,3.81,0.11
576,000001.SZ,20221111,4.31,0.11
577,000001.SZ,20221111,14.56,1.88
578,000001.SZ,20221111,10.06,0.52
579,000001.SZ,20221111,3.31,0.1
580,000001.SZ,20221111,1.56,0.09
581,000001.SZ,20221111,5.81,0.23
582,000001.SZ,20221111,19.06,0.75
583,000001.SZ,20221111,7.56,0.31
584,000001.SZ,20221111,6.56,0.25
585,000001.SZ,20221111,19.31,0.69
586,000001.SZ,20221111,17.06,0.99
587,000001.SZ,20221111,0.31,0.04
588,000001.SZ,20221111,18.31,0.72
589,000001.SZ,20221111,1.31,0.09
590,000001.SZ,20221111,22.81,0.52
591,000001.SZ,20221111,2.31,0.09
592,000001.SZ,20221111,14.06,2.34
593,000001.SZ,20221111,24.31,0.46
594,000001.SZ,20221111,3.56,0.1
595,000001.SZ,20221111,18.06,0.82
596,000001.SZ,20221111,5.06,0.13
597,000001.SZ,20221111,4.06,0.11
598,000001.SZ,20221111,7.31,0.28
599,000001.SZ,20221111,5.56,0.2
600,000001.SZ,20221111,7.06,0.27
601,000001.SZ,20221111,6.06,0.24
602,000001.SZ,20221111,5.31,0.17
603,000001.SZ,20221111,8.06,0.36
604,000001.SZ,20221111,9.31,0.38
605,000001.SZ,20221111,6.81,0.25
606,000001.SZ,20221110,23.56,0.52
607,000001.SZ,20221110,20.31,0.55
608,000001.SZ,20221110,20.06,0.6
609,000001.SZ,20221110,6.81,0.25
610,000001.SZ,20221110,7.06,0.27
611,000001.SZ,20221110,5.31,0.17
612,000001.SZ,20221110,5.81,0.23
613,000001.SZ,20221110,8.31,0.4
614,000001.SZ,20221110,25.31,0.0
615,000001.SZ,20221110,10.31,2.6
616,000001.SZ,20221110,7.31,0.28
617,000001.SZ,20221110,6.56,0.25
618,000001.SZ,20221110,23.31,0.53
619,000001.SZ,20221110,10.56,7.43
620,000001.SZ,20221110,12.81,4.49
621,000001.SZ,20221110,23.06,0.53
622,000001.SZ,20221110,20.81,0.56
623,000001.SZ,20221110,20.56,0.56
624,000001.SZ,20221110,22.81,0.54
625,000001.SZ,20221110,21.56,0.53
626,000001.SZ,20221110,21.31,0.54
627,000001.SZ,20221110,21.06,0.56
628,000001.SZ,20221110,21.81,0.54
629,000001.SZ,20221110,22.56,0.56
630,000001.SZ,20221110,22.31,0.56
631,000001.SZ,20221110,22.06,0.54
632,000001.SZ,20221110,8.56,0.4
633,000001.SZ,20221110,25.06,0.0
634,000001.SZ,20221110,11.31,3.35
635,000001.SZ,20221110,24.81,0.05
636,000001.SZ,20221110,24.56,0.36
637,000001.SZ,20221110,24.31,0.48
638,000001.SZ,20221110,24.06,0.49
639,000001.SZ,20221110,10.06,0.54
640,000001.SZ,20221110,9.31,0.4
641,000001.SZ,20221110,19.56,0.68
642,000001.SZ,20221110,19.81,0.62
643,000001.SZ,20221110,0.81,0.04
644,000001.SZ,20221110,1.31,0.09
645,000001.SZ,20221110,1.06,0.07
646,000001.SZ,20221110,4.56,0.11
647,000001.SZ,20221110,2.31,0.09
648,000001.SZ,20221110,3.56,0.1
649,000001.SZ,20221110,4.06,0.11
650,000001.SZ,20221110,3.81,0.11
651,000001.SZ,20221110,8.81,0.4
652,000001.SZ,20221110,5.56,0.2
653,000001.SZ,20221110,6.31,0.25
654,000001.SZ,20221110,7.56,0.31
655,000001.SZ,20221110,8.06,0.36
656,000001.SZ,20221110,7.81,0.35
657,000001.SZ,20221110,9.06,0.37
658,000001.SZ,20221110,9.56,0.44
659,000001.SZ,20221110,9.81,0.44
660,000001.SZ,20221110,12.56,7.48
661,000001.SZ,20221110,11.06,2.6
662,000001.SZ,20221110,10.81,4.76
663,000001.SZ,20221110,12.31,7.73
664,000001.SZ,20221110,13.31,0.91
665,000001.SZ,20221110,12.06,5.28
666,000001.SZ,20221110,11.81,2.41
667,000001.SZ,20221110,19.06,0.77
668,000001.SZ,20221110,5.06,0.13
669,000001.SZ,20221110,16.31,0.91
670,000001.SZ,20221110,4.81,0.11
671,000001.SZ,20221110,13.56,1.09
672,000001.SZ,20221110,14.81,1.16
673,000001.SZ,20221110,0.31,0.04
674,000001.SZ,20221110,15.31,0.92
675,000001.SZ,20221110,15.06,0.88
676,000001.SZ,20221110,1.56,0.09
677,000001.SZ,20221110,0.56,0.04
678,000001.SZ,20221110,17.81,0.84
679,000001.SZ,20221110,1.81,0.09
680,000001.SZ,20221110,16.81,0.98
681,000001.SZ,20221110,17.06,1.01
682,000001.SZ,20221110,2.06,0.09
683,000001.SZ,20221110,3.06,0.1
684,000001.SZ,20221110,18.56,0.68
685,000001.SZ,20221110,18.31,0.74
686,000001.SZ,20221110,2.56,0.1
687,000001.SZ,20221110,4.31,0.11
688,000001.SZ,20221110,2.81,0.1
689,000001.SZ,20221110,23.81,0.52
690,000001.SZ,20221110,11.56,2.49
691,000001.SZ,20221110,3.31,0.1
692,000001.SZ,20221110,19.31,0.71
693,000001.SZ,20221110,14.31,2.24
694,000001.SZ,20221110,16.06,1.16
695,000001.SZ,20221110,15.81,1.04
696,000001.SZ,20221110,13.81,1.9
697,000001.SZ,20221110,14.06,2.4
698,000001.SZ,20221110,18.81,0.68
699,000001.SZ,20221110,15.56,1.16
700,000001.SZ,20221110,14.56,1.93
701,000001.SZ,20221110,18.06,0.84
702,000001.SZ,20221110,6.06,0.24
703,000001.SZ,20221110,17.56,0.96
704,000001.SZ,20221110,13.06,1.9
705,000001.SZ,20221110,16.56,0.91
706,000001.SZ,20221110,17.31,0.98
707,000001.SZ,20221109,16.81,0.98
708,000001.SZ,20221109,20.31,0.55
709,000001.SZ,20221109,25.06,0.0
710,000001.SZ,20221109,25.31,0.0
711,000001.SZ,20221109,5.56,0.2
712,000001.SZ,20221109,15.31,0.92
713,000001.SZ,20221109,18.81,0.68
714,000001.SZ,20221109,23.31,0.53
715,000001.SZ,20221109,21.06,0.56
716,000001.SZ,20221109,24.81,0.05
717,000001.SZ,20221109,20.81,0.56
718,000001.SZ,20221109,20.56,0.56
719,000001.SZ,20221109,23.06,0.53
720,000001.SZ,20221109,23.81,0.52
721,000001.SZ,20221109,21.81,0.54
722,000001.SZ,20221109,21.31,0.54
723,000001.SZ,20221109,21.56,0.53
724,000001.SZ,20221109,22.06,0.54
725,000001.SZ,20221109,22.81,0.54
726,000001.SZ,20221109,22.56,0.56
727,000001.SZ,20221109,22.31,0.56
728,000001.SZ,20221109,24.56,0.36
729,000001.SZ,20221109,24.31,0.48
730,000001.SZ,20221109,24.06,0.49
731,000001.SZ,20221109,23.56,0.52
732,000001.SZ,20221109,17.81,0.84
733,000001.SZ,20221109,15.06,0.88
734,000001.SZ,20221109,0.56,0.04
735,000001.SZ,20221109,1.81,0.09
736,000001.SZ,20221109,5.81,0.23
737,000001.SZ,20221109,1.31,0.09
738,000001.SZ,20221109,1.56,0.09
739,000001.SZ,20221109,6.31,0.25
740,000001.SZ,20221109,14.81,1.16
741,000001.SZ,20221109,3.56,0.1
742,000001.SZ,20221109,3.31,0.1
743,000001.SZ,20221109,2.06,0.09
744,000001.SZ,20221109,0.81,0.04
745,000001.SZ,20221109,1.06,0.07
746,000001.SZ,20221109,0.31,0.04
747,000001.SZ,20221109,6.06,0.24
748,000001.SZ,20221109,3.81,0.11
749,000001.SZ,20221109,3.06,0.1
750,000001.SZ,20221109,2.81,0.1
751,000001.SZ,20221109,4.56,0.11
752,000001.SZ,20221109,5.06,0.13
753,000001.SZ,20221109,4.81,0.11
754,000001.SZ,20221109,4.06,0.11
755,000001.SZ,20221109,2.31,0.09
756,000001.SZ,20221109,14.56,1.95
757,000001.SZ,20221109,10.31,2.62
758,000001.SZ,20221109,7.81,0.35
759,000001.SZ,20221109,7.56,0.31
760,000001.SZ,20221109,7.06,0.27
761,000001.SZ,20221109,6.81,0.25
762,000001.SZ,20221109,6.56,0.25
763,000001.SZ,20221109,8.06,0.36
764,000001.SZ,20221109,5.31,0.17
765,000001.SZ,20221109,9.81,0.44
766,000001.SZ,20221109,9.56,0.44
767,000001.SZ,20221109,9.31,0.4
768,000001.SZ,20221109,10.06,0.54
769,000001.SZ,20221109,8.81,0.4
770,000001.SZ,20221109,12.06,5.34
771,000001.SZ,20221109,11.06,2.54
772,000001.SZ,20221109,11.56,2.51
773,000001.SZ,20221109,11.31,3.39
774,000001.SZ,20221109,12.81,4.53
775,000001.SZ,20221109,12.56,7.54
776,000001.SZ,20221109,12.31,7.79
777,000001.SZ,20221109,4.31,0.11
778,000001.SZ,20221109,7.31,0.28
779,000001.SZ,20221109,13.81,1.92
780,000001.SZ,20221109,13.56,1.09
781,000001.SZ,20221109,13.31,0.91
782,000001.SZ,20221109,14.31,2.26
783,000001.SZ,20221109,10.56,7.43
784,000001.SZ,20221109,11.81,2.43
785,000001.SZ,20221109,16.06,1.16
786,000001.SZ,20221109,16.31,0.91
787,000001.SZ,20221109,10.81,4.38
788,000001.SZ,20221109,14.06,2.42
789,000001.SZ,20221109,15.56,1.16
790,000001.SZ,20221109,13.06,1.92
791,000001.SZ,20221109,15.81,1.04
792,000001.SZ,20221109,9.06,0.37
793,000001.SZ,20221109,16.56,0.91
794,000001.SZ,20221109,2.56,0.1
795,000001.SZ,20221109,8.31,0.4
796,000001.SZ,20221109,8.56,0.4
797,000001.SZ,20221109,20.06,0.6
798,000001.SZ,20221109,19.81,0.62
799,000001.SZ,20221109,19.56,0.68
800,000001.SZ,20221109,19.06,0.77
801,000001.SZ,20221109,17.56,0.96
802,000001.SZ,20221109,17.31,0.98
803,000001.SZ,20221109,17.06,1.01
804,000001.SZ,20221109,18.56,0.68
805,000001.SZ,20221109,18.31,0.74
806,000001.SZ,20221109,19.31,0.71
807,000001.SZ,20221109,18.06,0.84
808,000001.SZ,20221108,20.56,0.56
809,000001.SZ,20221108,25.31,0.0
810,000001.SZ,20221108,24.56,0.36
811,000001.SZ,20221108,20.31,0.55
812,000001.SZ,20221108,22.06,0.54
813,000001.SZ,20221108,24.31,0.48
814,000001.SZ,20221108,20.81,0.56
815,000001.SZ,20221108,21.81,0.54
816,000001.SZ,20221108,21.31,0.54
817,000001.SZ,20221108,21.56,0.53
818,000001.SZ,20221108,21.06,0.56
819,000001.SZ,20221108,22.81,0.54
820,000001.SZ,20221108,24.06,0.49
821,000001.SZ,20221108,22.56,0.56
822,000001.SZ,20221108,22.31,0.56
823,000001.SZ,20221108,23.06,0.53
824,000001.SZ,20221108,23.81,0.52
825,000001.SZ,20221108,23.56,0.52
826,000001.SZ,20221108,23.31,0.53
827,000001.SZ,20221108,24.81,0.05
828,000001.SZ,20221108,25.06,0.0
829,000001.SZ,20221108,18.81,0.68
830,000001.SZ,20221108,20.06,0.6
831,000001.SZ,20221108,8.56,0.4
832,000001.SZ,20221108,13.56,1.09
833,000001.SZ,20221108,17.06,1.01
834,000001.SZ,20221108,8.06,0.36
835,000001.SZ,20221108,11.06,2.15
836,000001.SZ,20221108,1.31,0.09
837,000001.SZ,20221108,2.06,0.09
838,000001.SZ,20221108,13.31,0.91
839,000001.SZ,20221108,6.31,0.25
840,000001.SZ,20221108,19.81,0.62
841,000001.SZ,20221108,13.06,1.94
842,000001.SZ,20221108,12.31,7.89
843,000001.SZ,20221108,12.81,4.59
844,000001.SZ,20221108,9.56,0.44
845,000001.SZ,20221108,10.56,7.53
846,000001.SZ,20221108,12.56,7.64
847,000001.SZ,20221108,19.56,0.68
848,000001.SZ,20221108,7.06,0.27
849,000001.SZ,20221108,10.06,0.54
850,000001.SZ,20221108,9.81,0.44
851,000001.SZ,20221108,6.81,0.25
852,000001.SZ,20221108,13.81,1.94
853,000001.SZ,20221108,10.31,2.66
854,000001.SZ,20221108,6.06,0.24
855,000001.SZ,20221108,1.81,0.09
856,000001.SZ,20221108,15.06,0.88
857,000001.SZ,20221108,15.56,1.17
858,000001.SZ,20221108,14.81,1.17
859,000001.SZ,20221108,5.06,0.13
860,000001.SZ,20221108,14.56,1.98
861,000001.SZ,20221108,7.56,0.31
862,000001.SZ,20221108,9.31,0.4
863,000001.SZ,20221108,8.31,0.4
864,000001.SZ,20221108,9.06,0.37
865,000001.SZ,20221108,1.56,0.09
866,000001.SZ,20221108,11.31,3.39
867,000001.SZ,20221108,0.31,0.04
868,000001.SZ,20221108,0.56,0.04
869,000001.SZ,20221108,8.81,0.4
870,000001.SZ,20221108,0.81,0.04
871,000001.SZ,20221108,1.06,0.07
872,000001.SZ,20221108,10.81,4.06
873,000001.SZ,20221108,5.81,0.23
874,000001.SZ,20221108,3.56,0.1
875,000001.SZ,20221108,12.06,5.4
876,000001.SZ,20221108,11.81,2.47
877,000001.SZ,20221108,2.56,0.1
878,000001.SZ,20221108,3.31,0.1
879,000001.SZ,20221108,11.56,2.55
880,000001.SZ,20221108,3.06,0.1
881,000001.SZ,20221108,2.81,0.1
882,000001.SZ,20221108,4.31,0.11
883,000001.SZ,20221108,7.81,0.35
884,000001.SZ,20221108,5.56,0.2
885,000001.SZ,20221108,17.31,0.98
886,000001.SZ,20221108,4.06,0.11
887,000001.SZ,20221108,3.81,0.11
888,000001.SZ,20221108,6.56,0.25
889,000001.SZ,20221108,4.56,0.11
890,000001.SZ,20221108,5.31,0.17
891,000001.SZ,20221108,4.81,0.11
892,000001.SZ,20221108,7.31,0.28
893,000001.SZ,20221108,14.06,2.46
894,000001.SZ,20221108,19.31,0.71
895,000001.SZ,20221108,15.81,1.04
896,000001.SZ,20221108,14.31,2.3
897,000001.SZ,20221108,15.31,0.92
898,000001.SZ,20221108,16.06,1.17
899,000001.SZ,20221108,16.81,0.98
900,000001.SZ,20221108,16.56,0.91
901,000001.SZ,20221108,16.31,0.91
902,000001.SZ,20221108,19.06,0.77
903,000001.SZ,20221108,2.31,0.09
904,000001.SZ,20221108,18.56,0.68
905,000001.SZ,20221108,17.56,0.96
906,000001.SZ,20221108,18.31,0.74
907,000001.SZ,20221108,18.06,0.84
908,000001.SZ,20221108,17.81,0.84
909,000001.SZ,20221107,25.31,0.0
910,000001.SZ,20221107,25.06,0.0
911,000001.SZ,20221107,21.81,0.54
912,000001.SZ,20221107,22.06,0.54
913,000001.SZ,20221107,2.31,0.09
914,000001.SZ,20221107,13.56,1.09
915,000001.SZ,20221107,22.31,0.56
916,000001.SZ,20221107,24.81,0.05
917,000001.SZ,20221107,20.81,0.56
918,000001.SZ,20221107,20.31,0.55
919,000001.SZ,20221107,20.56,0.56
920,000001.SZ,20221107,21.06,0.56
921,000001.SZ,20221107,24.31,0.48
922,000001.SZ,20221107,24.56,0.36
923,000001.SZ,20221107,24.06,0.49
924,000001.SZ,20221107,23.81,0.52
925,000001.SZ,20221107,21.56,0.53
926,000001.SZ,20221107,21.31,0.54
927,000001.SZ,20221107,22.56,0.56
928,000001.SZ,20221107,23.56,0.52
929,000001.SZ,20221107,23.06,0.53
930,000001.SZ,20221107,23.31,0.53
931,000001.SZ,20221107,22.81,0.54
932,000001.SZ,20221107,10.81,3.66
933,000001.SZ,20221107,10.31,2.69
934,000001.SZ,20221107,2.06,0.09
935,000001.SZ,20221107,20.06,0.6
936,000001.SZ,20221107,10.56,7.53
937,000001.SZ,20221107,1.81,0.09
938,000001.SZ,20221107,1.56,0.09
939,000001.SZ,20221107,0.56,0.04
940,000001.SZ,20221107,1.31,0.09
941,000001.SZ,20221107,1.06,0.07
942,000001.SZ,20221107,0.81,0.04
943,000001.SZ,20221107,3.56,0.1
944,000001.SZ,20221107,10.06,0.54
945,000001.SZ,20221107,5.81,0.23
946,000001.SZ,20221107,2.56,0.1
947,000001.SZ,20221107,3.31,0.1
948,000001.SZ,20221107,2.81,0.1
949,000001.SZ,20221107,3.06,0.1
950,000001.SZ,20221107,4.31,0.11
951,000001.SZ,20221107,5.56,0.2
952,000001.SZ,20221107,3.81,0.11
953,000001.SZ,20221107,4.06,0.11
954,000001.SZ,20221107,4.56,0.11
955,000001.SZ,20221107,5.31,0.17
956,000001.SZ,20221107,5.06,0.13
957,000001.SZ,20221107,4.81,0.11
958,000001.SZ,20221107,7.56,0.31
959,000001.SZ,20221107,6.06,0.24
960,000001.SZ,20221107,9.81,0.44
961,000001.SZ,20221107,7.31,0.28
962,000001.SZ,20221107,6.56,0.25
963,000001.SZ,20221107,7.06,0.27
964,000001.SZ,20221107,6.81,0.25
965,000001.SZ,20221107,8.31,0.4
966,000001.SZ,20221107,9.56,0.44
967,000001.SZ,20221107,7.81,0.35
968,000001.SZ,20221107,8.06,0.36
969,000001.SZ,20221107,8.56,0.4
970,000001.SZ,20221107,9.31,0.4
971,000001.SZ,20221107,9.06,0.37
972,000001.SZ,20221107,8.81,0.4
973,000001.SZ,20221107,19.81,0.62
974,000001.SZ,20221107,19.56,0.68
975,000001.SZ,20221107,17.31,0.98
976,000001.SZ,20221107,13.06,1.96
977,000001.SZ,20221107,11.56,2.57
978,000001.SZ,20221107,11.06,2.09
979,000001.SZ,20221107,11.31,3.43
980,000001.SZ,20221107,12.81,4.63
981,000001.SZ,20221107,11.81,2.49
982,000001.SZ,20221107,12.56,7.7
983,000001.SZ,20221107,12.31,7.96
984,000001.SZ,20221107,12.06,5.46
985,000001.SZ,20221107,14.81,1.17
986,000001.SZ,20221107,13.31,0.91
987,000001.SZ,20221107,17.06,1.01
988,000001.SZ,20221107,13.81,1.96
989,000001.SZ,20221107,14.56,2.0
990,000001.SZ,20221107,14.31,2.32
991,000001.SZ,20221107,14.06,2.48
992,000001.SZ,20221107,15.56,1.17
993,000001.SZ,20221107,15.06,0.88
994,000001.SZ,20221107,15.31,0.92
995,000001.SZ,20221107,15.81,1.04
996,000001.SZ,20221107,16.06,1.17
997,000001.SZ,20221107,16.56,0.91
998,000001.SZ,20221107,17.56,0.96
999,000001.SZ,20221107,16.31,0.91
1000,000001.SZ,20221107,19.31,0.71
1001,000001.SZ,20221107,19.06,0.77
1002,000001.SZ,20221107,18.06,0.84
1003,000001.SZ,20221107,17.81,0.84
1004,000001.SZ,20221107,18.81,0.68
1005,000001.SZ,20221107,18.56,0.68
1006,000001.SZ,20221107,6.31,0.25
1007,000001.SZ,20221107,0.31,0.04
1008,000001.SZ,20221107,18.31,0.74
1009,000001.SZ,20221107,16.81,0.98
1010,000001.SZ,20221104,21.31,0.54
1011,000001.SZ,20221104,25.06,0.0
1012,000001.SZ,20221104,25.31,0.0
1013,000001.SZ,20221104,21.06,0.56
1014,000001.SZ,20221104,20.81,0.56
1015,000001.SZ,20221104,20.56,0.56
1016,000001.SZ,20221104,20.31,0.55
1017,000001.SZ,20221104,24.56,0.36
1018,000001.SZ,20221104,24.81,0.05
1019,000001.SZ,20221104,22.56,0.56
1020,000001.SZ,20221104,22.31,0.56
1021,000001.SZ,20221104,21.56,0.53
1022,000001.SZ,20221104,9.81,0.44
1023,000001.SZ,20221104,22.06,0.54
1024,000001.SZ,20221104,21.81,0.54
1025,000001.SZ,20221104,24.31,0.48
1026,000001.SZ,20221104,23.06,0.53
1027,000001.SZ,20221104,22.81,0.54
1028,000001.SZ,20221104,23.31,0.53
1029,000001.SZ,20221104,24.06,0.49
1030,000001.SZ,20221104,23.81,0.52
1031,000001.SZ,20221104,23.56,0.52
1032,000001.SZ,20221104,5.56,0.2
1033,000001.SZ,20221104,13.81,1.98
1034,000001.SZ,20221104,20.06,0.6
1035,000001.SZ,20221104,19.81,0.62
1036,000001.SZ,20221104,1.31,0.09
1037,000001.SZ,20221104,1.06,0.07
1038,000001.SZ,20221104,0.31,0.04
1039,000001.SZ,20221104,0.56,0.04
1040,000001.SZ,20221104,0.81,0.04
1041,000001.SZ,20221104,3.06,0.1
1042,000001.SZ,20221104,1.81,0.09
1043,000001.SZ,20221104,1.56,0.09
1044,000001.SZ,20221104,5.31,0.17
1045,000001.SZ,20221104,2.06,0.09
1046,000001.SZ,20221104,2.81,0.1
1047,000001.SZ,20221104,2.56,0.1
1048,000001.SZ,20221104,2.31,0.09
1049,000001.SZ,20221104,3.81,0.11
1050,000001.SZ,20221104,5.06,0.13
1051,000001.SZ,20221104,3.31,0.1
1052,000001.SZ,20221104,3.56,0.1
1053,000001.SZ,20221104,4.06,0.11
1054,000001.SZ,20221104,4.81,0.11
1055,000001.SZ,20221104,4.56,0.11
1056,000001.SZ,20221104,4.31,0.11
1057,000001.SZ,20221104,5.81,0.23
1058,000001.SZ,20221104,9.31,0.4
1059,000001.SZ,20221104,7.06,0.27
1060,000001.SZ,20221104,6.06,0.24
1061,000001.SZ,20221104,6.81,0.25
1062,000001.SZ,20221104,6.31,0.25
1063,000001.SZ,20221104,6.56,0.25
1064,000001.SZ,20221104,7.81,0.35
1065,000001.SZ,20221104,9.06,0.37
1066,000001.SZ,20221104,7.31,0.28
1067,000001.SZ,20221104,7.56,0.31
1068,000001.SZ,20221104,8.06,0.36
1069,000001.SZ,20221104,8.81,0.4
1070,000001.SZ,20221104,8.56,0.4
1071,000001.SZ,20221104,8.31,0.4
1072,000001.SZ,20221104,13.31,0.91
1073,000001.SZ,20221104,11.06,2.0
1074,000001.SZ,20221104,9.56,0.44
1075,000001.SZ,20221104,10.06,0.54
1076,000001.SZ,20221104,10.81,2.94
1077,000001.SZ,20221104,10.56,7.51
1078,000001.SZ,20221104,10.31,2.73
1079,000001.SZ,20221104,11.81,2.53
1080,000001.SZ,20221104,13.06,1.98
1081,000001.SZ,20221104,11.31,3.49
1082,000001.SZ,20221104,11.56,2.61
1083,000001.SZ,20221104,12.06,5.54
1084,000001.SZ,20221104,12.81,4.69
1085,000001.SZ,20221104,12.56,7.82
1086,000001.SZ,20221104,12.31,8.08
1087,000001.SZ,20221104,14.56,2.03
1088,000001.SZ,20221104,19.31,0.71
1089,000001.SZ,20221104,19.56,0.68
1090,000001.SZ,20221104,16.81,0.98
1091,000001.SZ,20221104,14.06,2.52
1092,000001.SZ,20221104,14.31,2.36
1093,000001.SZ,20221104,15.31,0.92
1094,000001.SZ,20221104,16.56,0.91
1095,000001.SZ,20221104,14.81,1.19
1096,000001.SZ,20221104,15.06,0.88
1097,000001.SZ,20221104,16.31,0.91
1098,000001.SZ,20221104,15.56,1.19
1099,000001.SZ,20221104,16.06,1.19
1100,000001.SZ,20221104,18.31,0.74
1101,000001.SZ,20221104,15.81,1.06
1102,000001.SZ,20221104,19.06,0.77
1103,000001.SZ,20221104,17.06,1.03
1104,000001.SZ,20221104,17.31,0.98
1105,000001.SZ,20221104,18.06,0.84
1106,000001.SZ,20221104,17.56,0.96
1107,000001.SZ,20221104,17.81,0.84
1108,000001.SZ,20221104,18.56,0.68
1109,000001.SZ,20221104,13.56,1.11
1110,000001.SZ,20221104,18.81,0.68
1111,000001.SZ,20221103,24.81,0.05
1112,000001.SZ,20221103,21.56,0.53
1113,000001.SZ,20221103,25.31,0.0
1114,000001.SZ,20221103,25.06,0.0
1115,000001.SZ,20221103,19.31,0.73
1116,000001.SZ,20221103,21.31,0.54
1117,000001.SZ,20221103,20.31,0.57
1118,000001.SZ,20221103,21.06,0.58
1119,000001.SZ,20221103,20.81,0.58
1120,000001.SZ,20221103,20.56,0.58
1121,000001.SZ,20221103,21.81,0.54
1122,000001.SZ,20221103,23.06,0.53
1123,000001.SZ,20221103,24.56,0.36
1124,000001.SZ,20221103,22.06,0.55
1125,000001.SZ,20221103,22.81,0.56
1126,000001.SZ,20221103,22.56,0.58
1127,000001.SZ,20221103,22.31,0.58
1128,000001.SZ,20221103,23.56,0.52
1129,000001.SZ,20221103,23.31,0.53
1130,000001.SZ,20221103,24.31,0.48
1131,000001.SZ,20221103,24.06,0.49
1132,000001.SZ,20221103,23.81,0.52
1133,000001.SZ,20221103,19.06,0.79
1134,000001.SZ,20221103,2.81,0.1
1135,000001.SZ,20221103,2.56,0.1
1136,000001.SZ,20221103,2.31,0.09
1137,000001.SZ,20221103,0.81,0.04
1138,000001.SZ,20221103,2.06,0.09
1139,000001.SZ,20221103,0.31,0.04
1140,000001.SZ,20221103,0.56,0.04
1141,000001.SZ,20221103,1.06,0.07
1142,000001.SZ,20221103,1.81,0.09
1143,000001.SZ,20221103,1.56,0.09
1144,000001.SZ,20221103,1.31,0.09
1145,000001.SZ,20221103,4.06,0.11
1146,000001.SZ,20221103,18.81,0.7
1147,000001.SZ,20221103,10.56,6.67
1148,000001.SZ,20221103,6.31,0.25
1149,000001.SZ,20221103,3.06,0.1
1150,000001.SZ,20221103,3.31,0.1
1151,000001.SZ,20221103,3.56,0.1
1152,000001.SZ,20221103,3.81,0.11
1153,000001.SZ,20221103,4.81,0.11
1154,000001.SZ,20221103,6.06,0.24
1155,000001.SZ,20221103,4.31,0.11
1156,000001.SZ,20221103,4.56,0.11
1157,000001.SZ,20221103,5.06,0.13
1158,000001.SZ,20221103,5.81,0.23
1159,000001.SZ,20221103,5.56,0.2
1160,000001.SZ,20221103,5.31,0.17
1161,000001.SZ,20221103,10.31,2.63
1162,000001.SZ,20221103,6.81,0.25
1163,000001.SZ,20221103,8.06,0.36
1164,000001.SZ,20221103,6.56,0.25
1165,000001.SZ,20221103,7.81,0.35
1166,000001.SZ,20221103,7.06,0.27
1167,000001.SZ,20221103,7.56,0.31
1168,000001.SZ,20221103,7.31,0.28
1169,000001.SZ,20221103,8.81,0.4
1170,000001.SZ,20221103,10.06,0.56
1171,000001.SZ,20221103,8.56,0.4
1172,000001.SZ,20221103,8.31,0.4
1173,000001.SZ,20221103,9.06,0.37
1174,000001.SZ,20221103,9.81,0.44
1175,000001.SZ,20221103,9.56,0.44
1176,000001.SZ,20221103,9.31,0.4
1177,000001.SZ,20221103,12.06,5.66
1178,000001.SZ,20221103,10.81,2.38
1179,000001.SZ,20221103,14.31,2.4
1180,000001.SZ,20221103,18.56,0.7
1181,000001.SZ,20221103,11.06,1.96
1182,000001.SZ,20221103,11.81,2.57
1183,000001.SZ,20221103,11.31,3.55
1184,000001.SZ,20221103,11.56,2.65
1185,000001.SZ,20221103,12.81,4.79
1186,000001.SZ,20221103,14.06,2.56
1187,000001.SZ,20221103,12.31,8.25
1188,000001.SZ,20221103,12.56,7.98
1189,000001.SZ,20221103,13.06,2.02
1190,000001.SZ,20221103,13.81,2.02
1191,000001.SZ,20221103,13.56,1.13
1192,000001.SZ,20221103,13.31,0.93
1193,000001.SZ,20221103,14.81,1.21
1194,000001.SZ,20221103,14.56,2.07
1195,000001.SZ,20221103,18.31,0.76
1196,000001.SZ,20221103,15.06,0.9
1197,000001.SZ,20221103,15.81,1.08
1198,000001.SZ,20221103,15.56,1.21
1199,000001.SZ,20221103,15.31,0.94
1200,000001.SZ,20221103,16.81,1.0
1201,000001.SZ,20221103,18.06,0.86
1202,000001.SZ,20221103,16.31,0.93
1203,000001.SZ,20221103,16.56,0.93
1204,000001.SZ,20221103,17.06,1.05
1205,000001.SZ,20221103,17.81,0.86
1206,000001.SZ,20221103,17.56,0.98
1207,000001.SZ,20221103,17.31,1.0
1208,000001.SZ,20221103,19.81,0.64
1209,000001.SZ,20221103,19.56,0.7
1210,000001.SZ,20221103,20.06,0.62
1211,000001.SZ,20221103,16.06,1.21
1212,000001.SZ,20221102,20.31,0.57
1213,000001.SZ,20221102,25.31,0.0
1214,000001.SZ,20221102,21.06,0.58
1215,000001.SZ,20221102,18.56,0.7
1216,000001.SZ,20221102,23.31,0.53
1217,000001.SZ,20221102,5.31,0.17
1218,000001.SZ,20221102,20.81,0.58
1219,000001.SZ,20221102,20.56,0.58
1220,000001.SZ,20221102,21.81,0.54
1221,000001.SZ,20221102,23.06,0.53
1222,000001.SZ,20221102,21.56,0.53
1223,000001.SZ,20221102,21.31,0.54
1224,000001.SZ,20221102,22.06,0.55
1225,000001.SZ,20221102,22.81,0.56
1226,000001.SZ,20221102,22.56,0.58
1227,000001.SZ,20221102,22.31,0.58
1228,000001.SZ,20221102,23.56,0.52
1229,000001.SZ,20221102,5.06,0.13
1230,000001.SZ,20221102,24.81,0.05
1231,000001.SZ,20221102,25.06,0.0
1232,000001.SZ,20221102,24.56,0.36
1233,000001.SZ,20221102,23.81,0.52
1234,000001.SZ,20221102,24.31,0.48
1235,000001.SZ,20221102,24.06,0.49
1236,000001.SZ,20221102,4.81,0.11
1237,000001.SZ,20221102,0.56,0.04
1238,000001.SZ,20221102,0.31,0.04
1239,000001.SZ,20221102,4.56,0.11
1240,000001.SZ,20221102,1.06,0.07
1241,000001.SZ,20221102,2.31,0.09
1242,000001.SZ,20221102,0.81,0.04
1243,000001.SZ,20221102,1.31,0.09
1244,000001.SZ,20221102,2.06,0.09
1245,000001.SZ,20221102,1.81,0.09
1246,000001.SZ,20221102,1.56,0.09
1247,000001.SZ,20221102,3.06,0.1
1248,000001.SZ,20221102,4.31,0.11
1249,000001.SZ,20221102,2.56,0.1
1250,000001.SZ,20221102,2.81,0.1
1251,000001.SZ,20221102,3.31,0.1
1252,000001.SZ,20221102,4.06,0.11
1253,000001.SZ,20221102,3.81,0.11
1254,000001.SZ,20221102,3.56,0.1
1255,000001.SZ,20221102,18.06,0.86
1256,000001.SZ,20221102,6.06,0.24
1257,000001.SZ,20221102,12.31,8.43
1258,000001.SZ,20221102,5.81,0.23
1259,000001.SZ,20221102,8.06,0.36
1260,000001.SZ,20221102,18.31,0.76
1261,000001.SZ,20221102,5.56,0.2
1262,000001.SZ,20221102,6.56,0.25
1263,000001.SZ,20221102,7.81,0.35
1264,000001.SZ,20221102,6.31,0.25
1265,000001.SZ,20221102,6.81,0.25
1266,000001.SZ,20221102,7.56,0.31
1267,000001.SZ,20221102,7.06,0.27
1268,000001.SZ,20221102,7.31,0.28
1269,000001.SZ,20221102,8.56,0.4
1270,000001.SZ,20221102,9.81,0.44
1271,000001.SZ,20221102,8.31,0.4
1272,000001.SZ,20221102,12.06,5.78
1273,000001.SZ,20221102,8.81,0.4
1274,000001.SZ,20221102,9.56,0.44
1275,000001.SZ,20221102,9.06,0.37
1276,000001.SZ,20221102,9.31,0.4
1277,000001.SZ,20221102,10.56,6.05
1278,000001.SZ,20221102,11.81,2.63
1279,000001.SZ,20221102,10.06,0.56
1280,000001.SZ,20221102,10.31,2.03
1281,000001.SZ,20221102,10.81,2.35
1282,000001.SZ,20221102,11.56,2.71
1283,000001.SZ,20221102,11.31,3.64
1284,000001.SZ,20221102,11.06,1.99
1285,000001.SZ,20221102,15.81,1.11
1286,000001.SZ,20221102,13.56,1.16
1287,000001.SZ,20221102,17.81,0.86
1288,000001.SZ,20221102,12.81,4.88
1289,000001.SZ,20221102,13.31,0.93
1290,000001.SZ,20221102,13.06,2.05
1291,000001.SZ,20221102,12.56,8.16
1292,000001.SZ,20221102,15.56,1.24
1293,000001.SZ,20221102,14.31,2.46
1294,000001.SZ,20221102,13.81,2.05
1295,000001.SZ,20221102,14.06,2.62
1296,000001.SZ,20221102,14.56,2.1
1297,000001.SZ,20221102,15.31,0.94
1298,000001.SZ,20221102,15.06,0.9
1299,000001.SZ,20221102,14.81,1.24
1300,000001.SZ,20221102,17.56,0.99
1301,000001.SZ,20221102,17.31,1.03
1302,000001.SZ,20221102,16.06,1.24
1303,000001.SZ,20221102,16.31,0.93
1304,000001.SZ,20221102,17.06,1.08
1305,000001.SZ,20221102,16.56,0.93
1306,000001.SZ,20221102,16.81,1.03
1307,000001.SZ,20221102,20.06,0.62
1308,000001.SZ,20221102,19.81,0.64
1309,000001.SZ,20221102,19.56,0.7
1310,000001.SZ,20221102,19.31,0.73
1311,000001.SZ,20221102,19.06,0.79
1312,000001.SZ,20221102,18.81,0.7
1313,000001.SZ,20221101,20.56,0.58
1314,000001.SZ,20221101,21.81,0.54
1315,000001.SZ,20221101,23.81,0.52
1316,000001.SZ,20221101,20.31,0.57
1317,000001.SZ,20221101,20.81,0.58
1318,000001.SZ,20221101,21.06,0.58
1319,000001.SZ,20221101,21.31,0.54
1320,000001.SZ,20221101,21.56,0.53
1321,000001.SZ,20221101,23.56,0.52
1322,000001.SZ,20221101,22.06,0.55
1323,000001.SZ,20221101,22.56,0.58
1324,000001.SZ,20221101,22.31,0.58
1325,000001.SZ,20221101,23.31,0.53
1326,000001.SZ,20221101,22.81,0.56
1327,000001.SZ,20221101,8.06,0.36
1328,000001.SZ,20221101,23.06,0.53
1329,000001.SZ,20221101,24.06,0.49
1330,000001.SZ,20221101,24.31,0.48
1331,000001.SZ,20221101,25.06,0.0
1332,000001.SZ,20221101,24.81,0.05
1333,000001.SZ,20221101,24.56,0.36
1334,000001.SZ,20221101,25.31,0.0
1335,000001.SZ,20221101,0.56,0.04
1336,000001.SZ,20221101,20.06,0.62
1337,000001.SZ,20221101,5.06,0.13
1338,000001.SZ,20221101,19.81,0.64
1339,000001.SZ,20221101,12.56,8.39
1340,000001.SZ,20221101,6.06,0.24
1341,000001.SZ,20221101,4.81,0.11
1342,000001.SZ,20221101,0.31,0.04
1343,000001.SZ,20221101,2.31,0.09
1344,000001.SZ,20221101,1.06,0.07
1345,000001.SZ,20221101,4.56,0.11
1346,000001.SZ,20221101,0.81,0.04
1347,000001.SZ,20221101,1.31,0.09
1348,000001.SZ,20221101,2.06,0.09
1349,000001.SZ,20221101,1.81,0.09
1350,000001.SZ,20221101,1.56,0.09
1351,000001.SZ,20221101,4.31,0.11
1352,000001.SZ,20221101,3.06,0.1
1353,000001.SZ,20221101,2.56,0.1
1354,000001.SZ,20221101,2.81,0.1
1355,000001.SZ,20221101,3.31,0.1
1356,000001.SZ,20221101,4.06,0.11
1357,000001.SZ,20221101,3.81,0.11
1358,000001.SZ,20221101,3.56,0.1
1359,000001.SZ,20221101,8.31,0.4
1360,000001.SZ,20221101,5.31,0.17
1361,000001.SZ,20221101,5.56,0.2
1362,000001.SZ,20221101,5.81,0.23
1363,000001.SZ,20221101,6.81,0.25
1364,000001.SZ,20221101,6.31,0.25
1365,000001.SZ,20221101,6.56,0.25
1366,000001.SZ,20221101,7.81,0.35
1367,000001.SZ,20221101,7.06,0.27
1368,000001.SZ,20221101,16.06,1.27
1369,000001.SZ,20221101,7.56,0.31
1370,000001.SZ,20221101,7.31,0.28
1371,000001.SZ,20221101,10.06,0.56
1372,000001.SZ,20221101,12.31,8.66
1373,000001.SZ,20221101,8.56,0.4
1374,000001.SZ,20221101,12.81,5.0
1375,000001.SZ,20221101,13.06,2.08
1376,000001.SZ,20221101,9.81,0.44
1377,000001.SZ,20221101,9.06,0.37
1378,000001.SZ,20221101,14.56,2.13
1379,000001.SZ,20221101,9.31,0.4
1380,000001.SZ,20221101,14.06,2.69
1381,000001.SZ,20221101,12.06,5.93
1382,000001.SZ,20221101,15.56,1.27
1383,000001.SZ,20221101,14.81,1.27
1384,000001.SZ,20221101,10.56,4.67
1385,000001.SZ,20221101,13.56,1.19
1386,000001.SZ,20221101,15.31,0.97
1387,000001.SZ,20221101,8.81,0.4
1388,000001.SZ,20221101,10.31,1.82
1389,000001.SZ,20221101,15.06,0.93
1390,000001.SZ,20221101,11.06,2.02
1391,000001.SZ,20221101,16.31,0.96
1392,000001.SZ,20221101,11.56,2.79
1393,000001.SZ,20221101,11.31,3.74
1394,000001.SZ,20221101,9.56,0.44
1395,000001.SZ,20221101,13.31,0.96
1396,000001.SZ,20221101,15.81,1.14
1397,000001.SZ,20221101,10.81,2.14
1398,000001.SZ,20221101,14.31,2.53
1399,000001.SZ,20221101,11.81,2.7
1400,000001.SZ,20221101,17.56,1.02
1401,000001.SZ,20221101,19.31,0.73
1402,000001.SZ,20221101,13.81,2.08
1403,000001.SZ,20221101,16.56,0.96
1404,000001.SZ,20221101,17.31,1.06
1405,000001.SZ,20221101,17.06,1.11
1406,000001.SZ,20221101,19.56,0.7
1407,000001.SZ,20221101,16.81,1.06
1408,000001.SZ,20221101,18.06,0.89
1409,000001.SZ,20221101,19.06,0.82
1410,000001.SZ,20221101,17.81,0.89
1411,000001.SZ,20221101,18.81,0.7
1412,000001.SZ,20221101,18.56,0.7
1413,000001.SZ,20221101,18.31,0.79
1414,000001.SZ,20221031,9.56,0.44
1415,000001.SZ,20221031,25.06,0.0
1416,000001.SZ,20221031,25.31,0.0
1417,000001.SZ,20221031,23.56,0.52
1418,000001.SZ,20221031,24.81,0.05
1419,000001.SZ,20221031,23.31,0.53
1420,000001.SZ,20221031,23.06,0.53
1421,000001.SZ,20221031,20.81,0.58
1422,000001.SZ,20221031,20.56,0.58
1423,000001.SZ,20221031,20.31,0.57
1424,000001.SZ,20221031,21.06,0.58
1425,000001.SZ,20221031,22.81,0.56
1426,000001.SZ,20221031,21.31,0.54
1427,000001.SZ,20221031,22.31,0.58
1428,000001.SZ,20221031,22.06,0.55
1429,000001.SZ,20221031,21.81,0.54
1430,000001.SZ,20221031,22.56,0.58
1431,000001.SZ,20221031,21.56,0.53
1432,000001.SZ,20221031,24.31,0.48
1433,000001.SZ,20221031,24.56,0.36
1434,000001.SZ,20221031,23.81,0.52
1435,000001.SZ,20221031,24.06,0.49
1436,000001.SZ,20221031,1.06,0.07
1437,000001.SZ,20221031,9.31,0.4
1438,000001.SZ,20221031,0.81,0.04
1439,000001.SZ,20221031,0.56,0.04
1440,000001.SZ,20221031,0.31,0.04
1441,000001.SZ,20221031,1.31,0.09
1442,000001.SZ,20221031,9.06,0.37
1443,000001.SZ,20221031,4.81,0.11
1444,000001.SZ,20221031,2.56,0.1
1445,000001.SZ,20221031,1.56,0.09
1446,000001.SZ,20221031,2.31,0.09
1447,000001.SZ,20221031,2.06,0.09
1448,000001.SZ,20221031,1.81,0.09
1449,000001.SZ,20221031,3.31,0.1
1450,000001.SZ,20221031,4.56,0.11
1451,000001.SZ,20221031,2.81,0.1
1452,000001.SZ,20221031,3.06,0.1
1453,000001.SZ,20221031,3.56,0.1
1454,000001.SZ,20221031,4.31,0.11
1455,000001.SZ,20221031,4.06,0.11
1456,000001.SZ,20221031,3.81,0.11
1457,000001.SZ,20221031,5.31,0.17
1458,000001.SZ,20221031,8.81,0.4
1459,000001.SZ,20221031,6.56,0.25
1460,000001.SZ,20221031,5.06,0.13
1461,000001.SZ,20221031,5.56,0.2
1462,000001.SZ,20221031,6.31,0.25
1463,000001.SZ,20221031,6.06,0.24
1464,000001.SZ,20221031,5.81,0.23
1465,000001.SZ,20221031,7.31,0.28
1466,000001.SZ,20221031,8.56,0.4
1467,000001.SZ,20221031,6.81,0.25
1468,000001.SZ,20221031,7.06,0.27
1469,000001.SZ,20221031,7.56,0.31
1470,000001.SZ,20221031,8.31,0.4
1471,000001.SZ,20221031,8.06,0.36
1472,000001.SZ,20221031,7.81,0.35
1473,000001.SZ,20221031,20.06,0.62
1474,000001.SZ,20221031,19.81,0.64
1475,000001.SZ,20221031,9.81,0.44
1476,000001.SZ,20221031,16.31,0.98
1477,000001.SZ,20221031,12.06,6.03
1478,000001.SZ,20221031,10.56,3.68
1479,000001.SZ,20221031,11.81,2.75
1480,000001.SZ,20221031,10.06,0.56
1481,000001.SZ,20221031,10.31,1.66
1482,000001.SZ,20221031,10.81,2.0
1483,000001.SZ,20221031,11.56,2.84
1484,000001.SZ,20221031,11.31,3.82
1485,000001.SZ,20221031,11.06,2.04
1486,000001.SZ,20221031,12.56,8.54
1487,000001.SZ,20221031,13.81,2.11
1488,000001.SZ,20221031,16.06,1.29
1489,000001.SZ,20221031,12.31,8.81
1490,000001.SZ,20221031,12.81,5.1
1491,000001.SZ,20221031,13.56,1.21
1492,000001.SZ,20221031,13.31,0.98
1493,000001.SZ,20221031,13.06,2.11
1494,000001.SZ,20221031,14.56,2.17
1495,000001.SZ,20221031,15.81,1.16
1496,000001.SZ,20221031,14.06,2.74
1497,000001.SZ,20221031,14.31,2.58
1498,000001.SZ,20221031,14.81,1.29
1499,000001.SZ,20221031,15.56,1.29
1500,000001.SZ,20221031,15.31,0.99
1501,000001.SZ,20221031,15.06,0.95
1502,000001.SZ,20221031,19.31,0.75
1503,000001.SZ,20221031,19.56,0.7
1504,000001.SZ,20221031,17.31,1.08
1505,000001.SZ,20221031,17.06,1.13
1506,000001.SZ,20221031,16.56,0.98
1507,000001.SZ,20221031,16.81,1.08
1508,000001.SZ,20221031,17.81,0.91
1509,000001.SZ,20221031,19.06,0.84
1510,000001.SZ,20221031,17.56,1.04
1511,000001.SZ,20221031,18.06,0.91
1512,000001.SZ,20221031,18.81,0.71
1513,000001.SZ,20221031,18.56,0.7
1514,000001.SZ,20221031,18.31,0.81
1515,000001.SZ,20221028,20.31,0.57
1516,000001.SZ,20221028,25.31,0.0
1517,000001.SZ,20221028,6.81,0.25
1518,000001.SZ,20221028,25.06,0.0
1519,000001.SZ,20221028,24.81,0.05
1520,000001.SZ,20221028,24.56,0.36
1521,000001.SZ,20221028,20.56,0.58
1522,000001.SZ,20221028,23.31,0.53
1523,000001.SZ,20221028,21.31,0.54
1524,000001.SZ,20221028,21.06,0.58
1525,000001.SZ,20221028,20.81,0.58
1526,000001.SZ,20221028,23.06,0.53
1527,000001.SZ,20221028,21.81,0.54
1528,000001.SZ,20221028,22.81,0.56
1529,000001.SZ,20221028,22.31,0.58
1530,000001.SZ,20221028,22.56,0.58
1531,000001.SZ,20221028,22.06,0.55
1532,000001.SZ,20221028,21.56,0.53
1533,000001.SZ,20221028,23.56,0.52
1534,000001.SZ,20221028,23.81,0.52
1535,000001.SZ,20221028,24.06,0.49
1536,000001.SZ,20221028,24.31,0.48
1537,000001.SZ,20221028,2.81,0.1
1538,000001.SZ,20221028,6.56,0.25
1539,000001.SZ,20221028,6.31,0.25
1540,000001.SZ,20221028,0.56,0.04
1541,000001.SZ,20221028,0.31,0.04
1542,000001.SZ,20221028,0.81,0.04
1543,000001.SZ,20221028,1.31,0.09
1544,000001.SZ,20221028,2.56,0.1
1545,000001.SZ,20221028,1.06,0.07
1546,000001.SZ,20221028,1.56,0.09
1547,000001.SZ,20221028,2.31,0.09
1548,000001.SZ,20221028,2.06,0.09
1549,000001.SZ,20221028,1.81,0.09
1550,000001.SZ,20221028,3.06,0.1
1551,000001.SZ,20221028,4.31,0.11
1552,000001.SZ,20221028,6.06,0.24
1553,000001.SZ,20221028,3.31,0.1
1554,000001.SZ,20221028,4.06,0.11
1555,000001.SZ,20221028,3.81,0.11
1556,000001.SZ,20221028,3.56,0.1
1557,000001.SZ,20221028,4.81,0.11
1558,000001.SZ,20221028,5.81,0.23
1559,000001.SZ,20221028,4.56,0.11
1560,000001.SZ,20221028,5.56,0.2
1561,000001.SZ,20221028,5.31,0.17
1562,000001.SZ,20221028,5.06,0.13
1563,000001.SZ,20221028,11.81,2.78
1564,000001.SZ,20221028,7.56,0.31
1565,000001.SZ,20221028,20.06,0.62
1566,000001.SZ,20221028,7.31,0.28
1567,000001.SZ,20221028,7.06,0.27
1568,000001.SZ,20221028,8.06,0.36
1569,000001.SZ,20221028,11.56,2.87
1570,000001.SZ,20221028,9.31,0.4
1571,000001.SZ,20221028,7.81,0.35
1572,000001.SZ,20221028,9.06,0.37
1573,000001.SZ,20221028,8.31,0.4
1574,000001.SZ,20221028,8.81,0.4
1575,000001.SZ,20221028,8.56,0.4
1576,000001.SZ,20221028,11.31,3.88
1577,000001.SZ,20221028,10.06,0.44
1578,000001.SZ,20221028,9.56,0.44
1579,000001.SZ,20221028,9.81,0.44
1580,000001.SZ,20221028,10.31,0.91
1581,000001.SZ,20221028,11.06,2.06
1582,000001.SZ,20221028,10.81,2.02
1583,000001.SZ,20221028,10.56,3.62
1584,000001.SZ,20221028,15.56,1.31
1585,000001.SZ,20221028,12.06,6.11
1586,000001.SZ,20221028,13.31,1.0
1587,000001.SZ,20221028,19.81,0.64
1588,000001.SZ,20221028,13.06,2.13
1589,000001.SZ,20221028,12.31,8.94
1590,000001.SZ,20221028,12.81,5.18
1591,000001.SZ,20221028,12.56,8.65
1592,000001.SZ,20221028,19.56,0.7
1593,000001.SZ,20221028,15.31,1.01
1594,000001.SZ,20221028,14.06,2.77
1595,000001.SZ,20221028,13.81,2.13
1596,000001.SZ,20221028,16.31,1.0
1597,000001.SZ,20221028,13.56,1.23
1598,000001.SZ,20221028,15.06,0.95
1599,000001.SZ,20221028,14.31,2.6
1600,000001.SZ,20221028,17.31,1.1
1601,000001.SZ,20221028,14.81,1.31
1602,000001.SZ,20221028,19.31,0.75
1603,000001.SZ,20221028,14.56,2.19
1604,000001.SZ,20221028,16.06,1.31
1605,000001.SZ,20221028,15.81,1.18
1606,000001.SZ,20221028,17.06,1.15
1607,000001.SZ,20221028,16.81,1.1
1608,000001.SZ,20221028,16.56,1.0
1609,000001.SZ,20221028,18.06,0.91
1610,000001.SZ,20221028,17.81,0.91
1611,000001.SZ,20221028,17.56,1.06
1612,000001.SZ,20221028,18.31,0.81
1613,000001.SZ,20221028,19.06,0.84
1614,000001.SZ,20221028,18.81,0.71
1615,000001.SZ,20221028,18.56,0.7
1616,000001.SZ,20221027,2.31,0.09
1617,000001.SZ,20221027,25.31,0.0
1618,000001.SZ,20221027,10.81,1.98
1619,000001.SZ,20221027,20.31,0.57
1620,000001.SZ,20221027,24.81,0.05
1621,000001.SZ,20221027,2.06,0.09
1622,000001.SZ,20221027,24.06,0.49
1623,000001.SZ,20221027,25.06,0.0
1624,000001.SZ,20221027,21.31,0.54
1625,000001.SZ,20221027,23.81,0.52
1626,000001.SZ,20221027,21.06,0.58
1627,000001.SZ,20221027,20.81,0.58
1628,000001.SZ,20221027,20.56,0.58
1629,000001.SZ,20221027,22.06,0.55
1630,000001.SZ,20221027,21.81,0.54
1631,000001.SZ,20221027,21.56,0.53
1632,000001.SZ,20221027,22.31,0.58
1633,000001.SZ,20221027,23.31,0.53
1634,000001.SZ,20221027,22.81,0.56
1635,000001.SZ,20221027,23.06,0.53
1636,000001.SZ,20221027,22.56,0.58
1637,000001.SZ,20221027,23.56,0.52
1638,000001.SZ,20221027,24.31,0.48
1639,000001.SZ,20221027,24.56,0.36
1640,000001.SZ,20221027,1.81,0.09
1641,000001.SZ,20221027,1.56,0.09
1642,000001.SZ,20221027,0.31,0.04
1643,000001.SZ,20221027,1.31,0.09
1644,000001.SZ,20221027,0.56,0.04
1645,000001.SZ,20221027,0.81,0.04
1646,000001.SZ,20221027,1.06,0.07
1647,000001.SZ,20221027,2.81,0.1
1648,000001.SZ,20221027,4.06,0.11
1649,000001.SZ,20221027,6.31,0.25
1650,000001.SZ,20221027,10.56,3.13
1651,000001.SZ,20221027,2.56,0.1
1652,000001.SZ,20221027,3.81,0.11
1653,000001.SZ,20221027,3.06,0.1
1654,000001.SZ,20221027,3.56,0.1
1655,000001.SZ,20221027,3.31,0.1
1656,000001.SZ,20221027,4.81,0.11
1657,000001.SZ,20221027,6.06,0.24
1658,000001.SZ,20221027,4.56,0.11
1659,000001.SZ,20221027,4.31,0.11
1660,000001.SZ,20221027,5.81,0.23
1661,000001.SZ,20221027,5.06,0.13
1662,000001.SZ,20221027,5.56,0.2
1663,000001.SZ,20221027,5.31,0.17
1664,000001.SZ,20221027,6.81,0.25
1665,000001.SZ,20221027,8.06,0.36
1666,000001.SZ,20221027,10.31,0.44
1667,000001.SZ,20221027,6.56,0.25
1668,000001.SZ,20221027,7.06,0.27
1669,000001.SZ,20221027,7.81,0.35
1670,000001.SZ,20221027,7.56,0.31
1671,000001.SZ,20221027,7.31,0.28
1672,000001.SZ,20221027,8.81,0.4
1673,000001.SZ,20221027,10.06,0.44
1674,000001.SZ,20221027,8.56,0.4
1675,000001.SZ,20221027,8.31,0.4
1676,000001.SZ,20221027,9.06,0.37
1677,000001.SZ,20221027,9.81,0.44
1678,000001.SZ,20221027,9.56,0.44
1679,000001.SZ,20221027,9.31,0.4
1680,000001.SZ,20221027,20.06,0.62
1681,000001.SZ,20221027,15.81,1.2
1682,000001.SZ,20221027,11.31,3.94
1683,000001.SZ,20221027,13.56,1.25
1684,000001.SZ,20221027,11.06,2.08
1685,000001.SZ,20221027,13.31,1.02
1686,000001.SZ,20221027,11.81,2.82
1687,000001.SZ,20221027,11.56,2.91
1688,000001.SZ,20221027,13.06,2.15
1689,000001.SZ,20221027,12.06,6.19
1690,000001.SZ,20221027,12.31,9.06
1691,000001.SZ,20221027,12.56,8.77
1692,000001.SZ,20221027,12.81,5.26
1693,000001.SZ,20221027,14.31,2.62
1694,000001.SZ,20221027,15.56,1.33
1695,000001.SZ,20221027,14.06,2.81
1696,000001.SZ,20221027,13.81,2.15
1697,000001.SZ,20221027,15.31,1.03
1698,000001.SZ,20221027,14.56,2.21
1699,000001.SZ,20221027,15.06,0.97
1700,000001.SZ,20221027,14.81,1.33
1701,000001.SZ,20221027,19.81,0.64
1702,000001.SZ,20221027,17.56,1.08
1703,000001.SZ,20221027,16.31,1.02
1704,000001.SZ,20221027,16.06,1.33
1705,000001.SZ,20221027,16.56,1.02
1706,000001.SZ,20221027,17.31,1.12
1707,000001.SZ,20221027,17.06,1.17
1708,000001.SZ,20221027,16.81,1.12
1709,000001.SZ,20221027,19.56,0.7
1710,000001.SZ,20221027,18.31,0.81
1711,000001.SZ,20221027,18.06,0.93
1712,000001.SZ,20221027,17.81,0.93
1713,000001.SZ,20221027,19.31,0.75
1714,000001.SZ,20221027,18.56,0.7
1715,000001.SZ,20221027,19.06,0.84
1716,000001.SZ,20221027,18.81,0.71
1717,000001.SZ,20221026,2.81,0.1
1718,000001.SZ,20221026,20.56,0.58
1719,000001.SZ,20221026,22.81,0.56
1720,000001.SZ,20221026,10.81,1.76
1721,000001.SZ,20221026,20.31,0.57
1722,000001.SZ,20221026,22.56,0.58
1723,000001.SZ,20221026,22.31,0.58
1724,000001.SZ,20221026,22.06,0.55
1725,000001.SZ,20221026,21.81,0.54
1726,000001.SZ,20221026,21.56,0.53
1727,000001.SZ,20221026,20.81,0.58
1728,000001.SZ,20221026,21.06,0.58
1729,000001.SZ,20221026,21.31,0.54
1730,000001.SZ,20221026,25.31,0.0
1731,000001.SZ,20221026,2.56,0.1
1732,000001.SZ,20221026,23.56,0.52
1733,000001.SZ,20221026,24.31,0.48
1734,000001.SZ,20221026,24.06,0.49
1735,000001.SZ,20221026,23.81,0.52
1736,000001.SZ,20221026,24.56,0.36
1737,000001.SZ,20221026,24.81,0.05
1738,000001.SZ,20221026,23.06,0.53
1739,000001.SZ,20221026,25.06,0.0
1740,000001.SZ,20221026,0.31,0.04
1741,000001.SZ,20221026,1.31,0.09
1742,000001.SZ,20221026,0.81,0.04
1743,000001.SZ,20221026,1.06,0.07
1744,000001.SZ,20221026,2.06,0.09
1745,000001.SZ,20221026,1.56,0.09
1746,000001.SZ,20221026,1.81,0.09
1747,000001.SZ,20221026,0.56,0.04
1748,000001.SZ,20221026,2.31,0.09
1749,000001.SZ,20221026,23.31,0.53
1750,000001.SZ,20221026,3.06,0.1
1751,000001.SZ,20221026,3.31,0.1
1752,000001.SZ,20221026,4.56,0.11
1753,000001.SZ,20221026,3.81,0.11
1754,000001.SZ,20221026,4.06,0.11
1755,000001.SZ,20221026,4.31,0.11
1756,000001.SZ,20221026,6.56,0.25
1757,000001.SZ,20221026,4.81,0.11
1758,000001.SZ,20221026,5.06,0.13
1759,000001.SZ,20221026,5.31,0.17
1760,000001.SZ,20221026,6.06,0.24
1761,000001.SZ,20221026,5.81,0.23
1762,000001.SZ,20221026,5.56,0.2
1763,000001.SZ,20221026,6.31,0.25
1764,000001.SZ,20221026,10.56,2.42
1765,000001.SZ,20221026,6.81,0.25
1766,000001.SZ,20221026,7.06,0.27
1767,000001.SZ,20221026,8.31,0.4
1768,000001.SZ,20221026,7.56,0.31
1769,000001.SZ,20221026,7.81,0.35
1770,000001.SZ,20221026,8.06,0.36
1771,000001.SZ,20221026,7.31,0.28
1772,000001.SZ,20221026,8.56,0.4
1773,000001.SZ,20221026,8.81,0.4
1774,000001.SZ,20221026,9.06,0.37
1775,000001.SZ,20221026,9.81,0.44
1776,000001.SZ,20221026,9.56,0.44
1777,000001.SZ,20221026,9.31,0.4
1778,000001.SZ,20221026,10.06,0.44
1779,000001.SZ,20221026,10.31,0.44
1780,000001.SZ,20221026,3.56,0.1
1781,000001.SZ,20221026,16.06,1.35
1782,000001.SZ,20221026,20.06,0.62
1783,000001.SZ,20221026,11.31,4.0
1784,000001.SZ,20221026,11.06,2.1
1785,000001.SZ,20221026,11.56,2.94
1786,000001.SZ,20221026,11.81,2.85
1787,000001.SZ,20221026,12.06,6.27
1788,000001.SZ,20221026,12.31,9.19
1789,000001.SZ,20221026,12.56,8.89
1790,000001.SZ,20221026,12.81,5.34
1791,000001.SZ,20221026,13.06,2.17
1792,000001.SZ,20221026,13.31,1.04
1793,000001.SZ,20221026,13.56,1.27
1794,000001.SZ,20221026,13.81,2.17
1795,000001.SZ,20221026,14.06,2.84
1796,000001.SZ,20221026,14.31,2.65
1797,000001.SZ,20221026,14.56,2.23
1798,000001.SZ,20221026,14.81,1.35
1799,000001.SZ,20221026,15.56,1.35
1800,000001.SZ,20221026,15.31,1.05
1801,000001.SZ,20221026,15.06,0.97
1802,000001.SZ,20221026,15.81,1.22
1803,000001.SZ,20221026,17.81,0.93
1804,000001.SZ,20221026,16.81,1.14
1805,000001.SZ,20221026,19.81,0.64
1806,000001.SZ,20221026,16.56,1.04
1807,000001.SZ,20221026,16.31,1.04
1808,000001.SZ,20221026,17.06,1.19
1809,000001.SZ,20221026,17.56,1.1
1810,000001.SZ,20221026,17.31,1.14
1811,000001.SZ,20221026,19.56,0.7
1812,000001.SZ,20221026,18.06,0.93
1813,000001.SZ,20221026,18.56,0.7
1814,000001.SZ,20221026,18.31,0.81
1815,000001.SZ,20221026,19.31,0.75
1816,000001.SZ,20221026,18.81,0.71
1817,000001.SZ,20221026,19.06,0.84
1818,000001.SZ,20221025,21.31,0.54
1819,000001.SZ,20221025,21.06,0.58
1820,000001.SZ,20221025,20.81,0.58
1821,000001.SZ,20221025,21.56,0.53
1822,000001.SZ,20221025,20.56,0.58
1823,000001.SZ,20221025,21.81,0.54
1824,000001.SZ,20221025,22.31,0.58
1825,000001.SZ,20221025,23.31,0.53
1826,000001.SZ,20221025,22.81,0.56
1827,000001.SZ,20221025,23.06,0.53
1828,000001.SZ,20221025,22.56,0.58
1829,000001.SZ,20221025,24.56,0.36
1830,000001.SZ,20221025,24.31,0.48
1831,000001.SZ,20221025,24.06,0.49
1832,000001.SZ,20221025,23.81,0.52
1833,000001.SZ,20221025,23.56,0.52
1834,000001.SZ,20221025,24.81,0.05
1835,000001.SZ,20221025,22.06,0.55
1836,000001.SZ,20221025,25.06,0.0
1837,000001.SZ,20221025,20.31,0.57
1838,000001.SZ,20221025,25.31,0.0
1839,000001.SZ,20221025,20.06,0.62
1840,000001.SZ,20221025,19.81,0.64
1841,000001.SZ,20221025,0.56,0.04
1842,000001.SZ,20221025,2.81,0.1
1843,000001.SZ,20221025,3.31,0.1
1844,000001.SZ,20221025,4.81,0.11
1845,000001.SZ,20221025,4.56,0.11
1846,000001.SZ,20221025,7.31,0.28
1847,000001.SZ,20221025,1.06,0.07
1848,000001.SZ,20221025,7.56,0.31
1849,000001.SZ,20221025,8.81,0.4
1850,000001.SZ,20221025,8.56,0.4
1851,000001.SZ,20221025,11.56,3.0
1852,000001.SZ,20221025,9.56,0.44
1853,000001.SZ,20221025,11.06,2.12
1854,000001.SZ,20221025,12.56,9.03
1855,000001.SZ,20221025,17.31,1.16
1856,000001.SZ,20221025,16.06,1.37
1857,000001.SZ,20221025,16.31,1.06
1858,000001.SZ,20221025,16.81,1.16
1859,000001.SZ,20221025,2.06,0.09
1860,000001.SZ,20221025,6.81,0.25
1861,000001.SZ,20221025,15.06,0.99
1862,000001.SZ,20221025,1.81,0.09
1863,000001.SZ,20221025,1.56,0.09
1864,000001.SZ,20221025,1.31,0.09
1865,000001.SZ,20221025,0.81,0.04
1866,000001.SZ,20221025,0.31,0.04
1867,000001.SZ,20221025,19.56,0.7
1868,000001.SZ,20221025,6.56,0.25
1869,000001.SZ,20221025,2.31,0.09
1870,000001.SZ,20221025,3.81,0.11
1871,000001.SZ,20221025,3.56,0.1
1872,000001.SZ,20221025,3.06,0.1
1873,000001.SZ,20221025,2.56,0.1
1874,000001.SZ,20221025,4.31,0.11
1875,000001.SZ,20221025,6.31,0.25
1876,000001.SZ,20221025,6.06,0.24
1877,000001.SZ,20221025,5.56,0.2
1878,000001.SZ,20221025,5.81,0.23
1879,000001.SZ,20221025,5.31,0.17
1880,000001.SZ,20221025,5.06,0.13
1881,000001.SZ,20221025,4.06,0.11
1882,000001.SZ,20221025,7.06,0.27
1883,000001.SZ,20221025,7.81,0.35
1884,000001.SZ,20221025,14.81,1.37
1885,000001.SZ,20221025,8.31,0.4
1886,000001.SZ,20221025,10.31,0.44
1887,000001.SZ,20221025,10.06,0.44
1888,000001.SZ,20221025,9.81,0.44
1889,000001.SZ,20221025,9.31,0.4
1890,000001.SZ,20221025,9.06,0.37
1891,000001.SZ,20221025,10.56,1.56
1892,000001.SZ,20221025,10.81,1.48
1893,000001.SZ,20221025,12.06,6.37
1894,000001.SZ,20221025,11.81,2.91
1895,000001.SZ,20221025,11.31,4.06
1896,000001.SZ,20221025,12.31,9.33
1897,000001.SZ,20221025,14.31,2.71
1898,000001.SZ,20221025,12.81,5.42
1899,000001.SZ,20221025,14.06,2.9
1900,000001.SZ,20221025,13.56,1.29
1901,000001.SZ,20221025,13.81,2.19
1902,000001.SZ,20221025,13.31,1.06
1903,000001.SZ,20221025,13.06,2.19
1904,000001.SZ,20221025,14.56,2.25
1905,000001.SZ,20221025,8.06,0.36
1906,000001.SZ,20221025,15.31,1.07
1907,000001.SZ,20221025,16.56,1.06
1908,000001.SZ,20221025,15.81,1.24
1909,000001.SZ,20221025,18.06,0.95
1910,000001.SZ,20221025,17.81,0.95
1911,000001.SZ,20221025,17.56,1.12
1912,000001.SZ,20221025,17.06,1.21
1913,000001.SZ,20221025,15.56,1.37
1914,000001.SZ,20221025,18.31,0.81
1915,000001.SZ,20221025,18.81,0.71
1916,000001.SZ,20221025,18.56,0.7
1917,000001.SZ,20221025,19.06,0.84
1918,000001.SZ,20221025,19.31,0.75
1919,000001.SZ,20221024,0.31,0.04
1920,000001.SZ,20221024,1.81,0.09
1921,000001.SZ,20221024,1.56,0.09
1922,000001.SZ,20221024,1.06,0.07
1923,000001.SZ,20221024,1.31,0.09
1924,000001.SZ,20221024,0.81,0.04
1925,000001.SZ,20221024,0.56,0.04
1926,000001.SZ,20221024,2.06,0.09
1927,000001.SZ,20221024,2.31,0.09
1928,000001.SZ,20221024,18.81,0.71
1929,000001.SZ,20221024,5.81,0.23
1930,000001.SZ,20221024,4.06,0.11
1931,000001.SZ,20221024,3.81,0.11
1932,000001.SZ,20221024,3.56,0.1
1933,000001.SZ,20221024,3.31,0.1
1934,000001.SZ,20221024,5.56,0.2
1935,000001.SZ,20221024,4.31,0.11
1936,000001.SZ,20221024,5.31,0.17
1937,000001.SZ,20221024,4.81,0.11
1938,000001.SZ,20221024,5.06,0.13
1939,000001.SZ,20221024,4.56,0.11
1940,000001.SZ,20221024,3.06,0.1
1941,000001.SZ,20221024,18.56,0.7
1942,000001.SZ,20221024,7.56,0.31
1943,000001.SZ,20221024,6.31,0.25
1944,000001.SZ,20221024,6.56,0.25
1945,000001.SZ,20221024,7.31,0.28
1946,000001.SZ,20221024,7.06,0.27
1947,000001.SZ,20221024,6.81,0.25
1948,000001.SZ,20221024,6.06,0.24
1949,000001.SZ,20221024,10.06,0.44
1950,000001.SZ,20221024,8.06,0.36
1951,000001.SZ,20221024,9.81,0.44
1952,000001.SZ,20221024,8.31,0.4
1953,000001.SZ,20221024,9.56,0.44
1954,000001.SZ,20221024,9.06,0.37
1955,000001.SZ,20221024,9.31,0.4
1956,000001.SZ,20221024,8.81,0.4
1957,000001.SZ,20221024,8.56,0.4
1958,000001.SZ,20221024,7.81,0.35
1959,000001.SZ,20221024,10.31,0.44
1960,000001.SZ,20221024,11.06,2.14
1961,000001.SZ,20221024,10.81,1.16
1962,000001.SZ,20221024,10.56,0.55
1963,000001.SZ,20221024,11.31,4.14
1964,000001.SZ,20221024,18.31,0.83
1965,000001.SZ,20221024,12.31,9.49
1966,000001.SZ,20221024,12.06,6.47
1967,000001.SZ,20221024,11.81,2.97
1968,000001.SZ,20221024,13.81,2.22
1969,000001.SZ,20221024,13.56,1.31
1970,000001.SZ,20221024,13.06,2.21
1971,000001.SZ,20221024,13.31,1.08
1972,000001.SZ,20221024,12.81,5.52
1973,000001.SZ,20221024,12.56,9.19
1974,000001.SZ,20221024,14.06,2.96
1975,000001.SZ,20221024,14.31,2.77
1976,000001.SZ,20221024,14.56,2.29
1977,000001.SZ,20221024,15.56,1.39
1978,000001.SZ,20221024,15.06,1.01
1979,000001.SZ,20221024,15.31,1.09
1980,000001.SZ,20221024,14.81,1.39
1981,000001.SZ,20221024,15.81,1.26
1982,000001.SZ,20221024,16.06,1.39
1983,000001.SZ,20221024,17.81,0.97
1984,000001.SZ,20221024,16.31,1.08
1985,000001.SZ,20221024,17.56,1.14
1986,000001.SZ,20221024,17.06,1.23
1987,000001.SZ,20221024,17.31,1.18
1988,000001.SZ,20221024,16.81,1.18
1989,000001.SZ,20221024,16.56,1.08
1990,000001.SZ,20221024,18.06,0.97
1991,000001.SZ,20221024,11.56,3.06
1992,000001.SZ,20221024,2.81,0.1
1993,000001.SZ,20221024,2.56,0.1
1994,000001.SZ,20221024,19.56,0.7
1995,000001.SZ,20221024,19.06,0.86
1996,000001.SZ,20221024,19.31,0.77
1997,000001.SZ,20221024,19.81,0.64
1998,000001.SZ,20221024,20.06,0.62
1999,000001.SZ,20221024,23.06,0.53
